ticket_id,created_date,resolved_date,category,subcategory,application_name,priority,status,assigned_team,assigned_engineer,reported_by,root_cause,sla_target_hours,first_response_minutes,resolution_time_hours,sla_breached,reopened_count,change_related,csat_score,resolution_notes
INC102181,2025-09-01 09:53,2025-09-03 13:32,Application Issue,Application Crash,CRM Portal,P4 - Low,Resolved,App Dev Team,K. Suresh,End User,Data Issue,72,180,51.66,False,0,False,5,Identified faulty code path; deployed hotfix / config change and validated with user.
INC100616,2025-09-01 10:33,2025-09-01 22:23,Database,Deadlock,Inventory System,P2 - High,Resolved,DBA Team,J. Antony,Customer,Capacity/Performance,8,33,11.84,True,0,False,5,Optimized query / cleared lock and restarted affected session; verified data integrity.
INC102157,2025-09-01 13:48,2025-09-01 21:39,Database,Connection Pool Exhausted,Payment Gateway,P3 - Medium,Resolved,DBA Team,R. Iyer,Monitoring Alert,Capacity/Performance,24,40,7.85,False,0,False,4,Optimized query / cleared lock and restarted affected session; verified data integrity.
INC101221,2025-09-01 15:09,2025-09-02 13:23,Application Issue,Feature Not Working,Payment Gateway,P3 - Medium,Resolved,App Dev Team,R. Iyer,Batch Job Monitor,Infra Failure,24,18,22.24,False,0,False,3,Identified faulty code path; deployed hotfix / config change and validated with user.
INC101683,2025-09-01 17:07,2025-09-01 22:57,Access/Authentication,Permission Denied,Order Management System,P2 - High,Closed,L2 Support,K. Suresh,Batch Job Monitor,Capacity/Performance,8,22,5.84,False,0,False,5,Reset credentials / corrected access role; user confirmed successful login.
INC101153,2025-09-01 17:44,2025-09-02 13:59,Network,Firewall Block,Billing Engine,P4 - Low,Resolved,Network Team,P. Arjun,Support Team (Proactive),Code Defect,72,247,20.25,False,0,False,4,Restarted network service / re-routed traffic; confirmed connectivity restored.
INC100185,2025-09-01 18:12,2025-09-02 16:14,Network,DNS Issue,Reporting Dashboard,P3 - Medium,Resolved,Network Team,A. Rangan,Monitoring Alert,Infra Failure,24,67,22.04,False,0,False,5,Restarted network service / re-routed traffic; confirmed connectivity restored.
INC100330,2025-09-01 19:09,2025-09-02 14:00,Integration/API,Third-Party Timeout,Billing Engine,P3 - Medium,Resolved,L3 Engineering,K. Suresh,Monitoring Alert,Third-Party Outage,24,90,18.85,False,0,False,5,Coordinated with third-party vendor / corrected payload mapping; retested integration.
INC100691,2025-09-01 21:25,2025-09-01 23:34,Database,Deadlock,Order Management System,P2 - High,Resolved,DBA Team,K. Suresh,Batch Job Monitor,Capacity/Performance,8,33,2.16,False,0,False,5,Optimized query / cleared lock and restarted affected session; verified data integrity.
INC101099,2025-09-02 09:41,2025-09-06 04:16,Application Issue,Feature Not Working,Inventory System,P4 - Low,Resolved,L2 Support,A. Rangan,Batch Job Monitor,Third-Party Outage,72,117,90.59,True,0,False,4,Identified faulty code path; deployed hotfix / config change and validated with user.
INC100900,2025-09-02 11:03,2025-09-02 18:03,Application Issue,Data Mismatch,Order Management System,P3 - Medium,Closed,App Dev Team,S. Priya,Batch Job Monitor,Infra Failure,24,92,7.0,False,0,False,4,Identified faulty code path; deployed hotfix / config change and validated with user.
INC101371,2025-09-02 11:53,2025-09-02 18:18,Security,Certificate Expiry,Payment Gateway,P3 - Medium,Resolved,L3 Engineering,S. Priya,Support Team (Proactive),Configuration Error,24,32,6.42,False,0,False,4,"Investigated alert, confirmed false positive / revoked access; updated certificate."
INC101287,2025-09-02 12:32,2025-09-03 08:10,Batch Job Failure,Job Not Triggered,HR Portal,P3 - Medium,Resolved,App Dev Team,S. Priya,Customer,User Error,24,64,19.64,False,0,False,5,Re-triggered job after correcting input file; added validation check.
INC101359,2025-09-02 14:09,2025-09-09 01:53,Server/Infra,Memory Leak,Core Banking App,P4 - Low,Resolved,L3 Engineering,B. Meena,Monitoring Alert,Capacity/Performance,72,243,155.74,True,0,False,2,Freed disk space / restarted service; added monitoring alert to prevent recurrence.
INC101425,2025-09-02 14:18,2025-09-05 09:39,Integration/API,API Failure,Inventory System,P4 - Low,Resolved,L3 Engineering,J. Antony,Support Team (Proactive),Third-Party Outage,72,92,67.36,False,0,True,5,Coordinated with third-party vendor / corrected payload mapping; retested integration.
INC101019,2025-09-02 14:53,2025-09-02 21:57,Hardware,Workstation Failure,Payment Gateway,P2 - High,Resolved,L1 Support,R. Iyer,Customer,Configuration Error,8,29,7.08,False,0,False,5,Replaced/reset device; confirmed functioning with end user.
INC100656,2025-09-02 16:35,2025-09-03 00:41,Security,Certificate Expiry,Core Banking App,P3 - Medium,Resolved,L3 Engineering,L. Chitra,Batch Job Monitor,Capacity/Performance,24,40,8.11,False,0,False,4,"Investigated alert, confirmed false positive / revoked access; updated certificate."
INC102115,2025-09-02 19:56,2025-09-10 18:11,Network,Latency,Core Banking App,P4 - Low,Resolved,Network Team,V. Prasad,Monitoring Alert,Configuration Error,72,111,190.26,True,0,False,1,Restarted network service / re-routed traffic; confirmed connectivity restored.
INC100595,2025-09-03 01:16,2025-09-03 10:18,Application Issue,UI Error,HR Portal,P1 - Critical,Resolved,L2 Support,R. Iyer,Batch Job Monitor,Capacity/Performance,4,11,9.04,True,0,False,4,Identified faulty code path; deployed hotfix / config change and validated with user.
INC101314,2025-09-03 09:19,2025-09-05 14:13,Application Issue,Data Mismatch,CRM Portal,P4 - Low,Resolved,L2 Support,R. Iyer,Monitoring Alert,Code Defect,72,108,52.91,False,0,True,3,Identified faulty code path; deployed hotfix / config change and validated with user.
INC101756,2025-09-03 11:23,2025-09-04 00:34,Batch Job Failure,Job Not Triggered,Core Banking App,P3 - Medium,Resolved,App Dev Team,V. Prasad,Monitoring Alert,Third-Party Outage,24,31,13.19,False,0,False,4,Re-triggered job after correcting input file; added validation check.
INC101444,2025-09-03 11:52,2025-09-05 19:36,Batch Job Failure,Job Timeout,Payment Gateway,P4 - Low,Closed,App Dev Team,B. Meena,Monitoring Alert,Code Defect,72,141,55.74,False,0,False,1,Re-triggered job after correcting input file; added validation check.
INC100988,2025-09-03 16:05,2025-09-03 18:01,Server/Infra,Memory Leak,Payment Gateway,P2 - High,Resolved,L3 Engineering,V. Prasad,End User,Infra Failure,8,35,1.94,False,0,False,5,Freed disk space / restarted service; added monitoring alert to prevent recurrence.
INC101697,2025-09-04 09:16,2025-09-06 09:57,Integration/API,API Failure,Billing Engine,P4 - Low,Resolved,App Dev Team,S. Priya,Support Team (Proactive),Infra Failure,72,165,48.69,False,0,False,5,Coordinated with third-party vendor / corrected payload mapping; retested integration.
INC101171,2025-09-04 10:08,2025-09-04 17:17,Access/Authentication,SSO Error,Order Management System,P3 - Medium,Resolved,L1 Support,M. Kumar,Support Team (Proactive),Code Defect,24,78,7.15,False,0,False,5,Reset credentials / corrected access role; user confirmed successful login.
INC100799,2025-09-04 12:16,2025-09-05 03:25,Network,Latency,Payment Gateway,P3 - Medium,Resolved,Network Team,M. Kumar,Batch Job Monitor,Data Issue,24,77,15.15,False,0,False,4,Restarted network service / re-routed traffic; confirmed connectivity restored.
INC100236,2025-09-04 12:42,2025-09-13 01:48,Server/Infra,Memory Leak,Order Management System,P4 - Low,Resolved,Network Team,P. Arjun,End User,Infra Failure,72,151,205.11,True,0,False,1,Freed disk space / restarted service; added monitoring alert to prevent recurrence.
INC100501,2025-09-04 15:00,2025-09-05 13:12,Database,Query Timeout,Auth Service,P4 - Low,Resolved,L3 Engineering,P. Arjun,Batch Job Monitor,Capacity/Performance,72,213,22.21,False,0,False,5,Optimized query / cleared lock and restarted affected session; verified data integrity.
INC101432,2025-09-04 15:18,2025-09-14 15:09,Database,Connection Pool Exhausted,Customer Support Portal,P4 - Low,Resolved,DBA Team,B. Meena,Customer,Data Issue,72,144,239.85,True,0,False,1,Optimized query / cleared lock and restarted affected session; verified data integrity.
INC101965,2025-09-04 16:46,2025-09-05 12:29,Batch Job Failure,Job Timeout,Auth Service,P2 - High,Resolved,App Dev Team,A. Rangan,Support Team (Proactive),Infra Failure,8,47,19.72,True,0,False,2,Re-triggered job after correcting input file; added validation check.
INC101872,2025-09-04 19:19,2025-09-05 16:25,Security,Certificate Expiry,Order Management System,P3 - Medium,Resolved,Network Team,J. Antony,Batch Job Monitor,Code Defect,24,32,21.11,False,0,False,4,"Investigated alert, confirmed false positive / revoked access; updated certificate."
INC102070,2025-09-04 21:46,2025-09-05 20:24,Application Issue,Feature Not Working,Customer Support Portal,P4 - Low,Resolved,L2 Support,V. Prasad,Support Team (Proactive),Code Defect,72,145,22.64,False,0,True,5,Identified faulty code path; deployed hotfix / config change and validated with user.
INC100056,2025-09-05 14:57,2025-09-05 18:04,Access/Authentication,Password Reset,Reporting Dashboard,P2 - High,Reopened,L2 Support,P. Arjun,Customer,User Error,8,19,3.13,False,1,True,4,Reset credentials / corrected access role; user confirmed successful login.
INC100454,2025-09-05 14:59,2025-09-06 01:25,Server/Infra,Memory Leak,Core Banking App,P1 - Critical,Resolved,Network Team,P. Arjun,Batch Job Monitor,Data Issue,4,19,10.44,True,0,False,4,Freed disk space / restarted service; added monitoring alert to prevent recurrence.
INC100731,2025-09-05 15:09,2025-09-05 22:22,Access/Authentication,Password Reset,Reporting Dashboard,P3 - Medium,Resolved,L2 Support,P. Arjun,Monitoring Alert,Third-Party Outage,24,89,7.23,False,0,True,4,Reset credentials / corrected access role; user confirmed successful login.
INC100453,2025-09-05 15:35,2025-09-06 02:03,Integration/API,Payload Mismatch,Payment Gateway,P3 - Medium,Resolved,App Dev Team,P. Arjun,Customer,Configuration Error,24,33,10.47,False,0,False,5,Coordinated with third-party vendor / corrected payload mapping; retested integration.
INC100604,2025-09-05 16:37,2025-09-07 09:40,Application Issue,Data Mismatch,Inventory System,P4 - Low,Resolved,L2 Support,A. Rangan,End User,User Error,72,154,41.06,False,0,True,3,Identified faulty code path; deployed hotfix / config change and validated with user.
INC101062,2025-09-05 17:59,2025-09-05 19:49,Batch Job Failure,Job Not Triggered,Inventory System,P2 - High,Resolved,L3 Engineering,L. Chitra,End User,Configuration Error,8,35,1.84,False,0,False,3,Re-triggered job after correcting input file; added validation check.
INC101809,2025-09-05 18:05,2025-09-07 16:47,Database,Deadlock,Order Management System,P4 - Low,Resolved,L3 Engineering,J. Antony,Batch Job Monitor,Unknown,72,225,46.71,False,0,False,5,Optimized query / cleared lock and restarted affected session; verified data integrity.
INC101198,2025-09-05 18:58,2025-09-05 22:23,Database,Connection Pool Exhausted,Auth Service,P2 - High,Closed,DBA Team,M. Kumar,Support Team (Proactive),Infra Failure,8,18,3.43,False,0,False,5,Optimized query / cleared lock and restarted affected session; verified data integrity.
INC101131,2025-09-06 12:12,2025-09-07 00:00,Access/Authentication,Permission Denied,Payment Gateway,P3 - Medium,Closed,L1 Support,P. Arjun,Customer,Unknown,24,30,11.8,False,0,False,4,Reset credentials / corrected access role; user confirmed successful login.
INC102179,2025-09-06 15:13,2025-09-07 10:25,Database,Query Timeout,Customer Support Portal,P3 - Medium,Resolved,L3 Engineering,K. Suresh,Customer,Code Defect,24,71,19.2,False,0,False,5,Optimized query / cleared lock and restarted affected session; verified data integrity.
INC101621,2025-09-06 16:43,2025-09-07 23:15,Server/Infra,Server Down,Auth Service,P4 - Low,Reopened,Network Team,J. Antony,Monitoring Alert,Capacity/Performance,72,218,30.54,False,1,False,3,Freed disk space / restarted service; added monitoring alert to prevent recurrence.
INC101339,2025-09-06 19:09,2025-09-06 19:45,Performance,Page Load Delay,Order Management System,P1 - Critical,Resolved,DBA Team,S. Priya,Batch Job Monitor,Third-Party Outage,4,16,0.61,False,0,False,5,Tuned query/index or scaled resources; response time back within threshold.
INC101316,2025-09-06 20:41,2025-09-07 08:30,Network,VPN Failure,Order Management System,P3 - Medium,Reopened,L2 Support,K. Suresh,End User,Unknown,24,24,11.82,False,1,False,1,Restarted network service / re-routed traffic; confirmed connectivity restored.
INC101109,2025-09-07 02:14,2025-09-07 13:14,Performance,Report Load Timeout,Core Banking App,P3 - Medium,Resolved,DBA Team,P. Arjun,Customer,Data Issue,24,25,11.01,False,0,False,4,Tuned query/index or scaled resources; response time back within threshold.
INC100229,2025-09-07 09:24,2025-09-07 16:55,Network,VPN Failure,Order Management System,P3 - Medium,Resolved,L2 Support,M. Kumar,Batch Job Monitor,User Error,24,65,7.52,False,0,False,4,Restarted network service / re-routed traffic; confirmed connectivity restored.
INC102180,2025-09-07 14:26,2025-09-07 23:35,Integration/API,Webhook Not Firing,Reporting Dashboard,P3 - Medium,Closed,L3 Engineering,N. Fathima,Batch Job Monitor,Capacity/Performance,24,40,9.16,False,0,False,4,Coordinated with third-party vendor / corrected payload mapping; retested integration.
INC101909,2025-09-07 16:54,2025-09-08 15:04,Performance,Slow Response Time,Core Banking App,P3 - Medium,Resolved,L3 Engineering,S. Priya,End User,Configuration Error,24,61,22.17,False,0,False,3,Tuned query/index or scaled resources; response time back within threshold.
INC102104,2025-09-07 19:58,2025-09-08 09:28,Server/Infra,CPU Spike,Reporting Dashboard,P3 - Medium,Resolved,L3 Engineering,M. Kumar,Support Team (Proactive),Capacity/Performance,24,50,13.5,False,0,False,3,Freed disk space / restarted service; added monitoring alert to prevent recurrence.
INC101667,2025-09-07 20:04,2025-09-08 00:43,Hardware,Peripheral Not Detected,Billing Engine,P2 - High,Resolved,L1 Support,K. Suresh,Batch Job Monitor,User Error,8,16,4.65,False,0,False,5,Replaced/reset device; confirmed functioning with end user.
INC100279,2025-09-07 21:45,2025-09-10 17:07,Server/Infra,Memory Leak,Inventory System,P4 - Low,Resolved,L3 Engineering,L. Chitra,End User,Data Issue,72,60,67.37,False,0,False,5,Freed disk space / restarted service; added monitoring alert to prevent recurrence.
INC101720,2025-09-08 04:14,2025-09-08 20:01,Security,Suspicious Login,Order Management System,P3 - Medium,Resolved,Network Team,T. Divya,Monitoring Alert,Infra Failure,24,67,15.79,False,0,True,4,"Investigated alert, confirmed false positive / revoked access; updated certificate."
INC101755,2025-09-08 10:01,2025-09-08 13:06,Integration/API,Payload Mismatch,CRM Portal,P2 - High,Resolved,App Dev Team,M. Kumar,Support Team (Proactive),Data Issue,8,17,3.09,False,0,False,5,Coordinated with third-party vendor / corrected payload mapping; retested integration.
INC100884,2025-09-08 10:21,2025-09-08 13:51,Server/Infra,Memory Leak,CRM Portal,P1 - Critical,Resolved,Network Team,M. Kumar,Batch Job Monitor,User Error,4,2,3.5,False,0,True,3,Freed disk space / restarted service; added monitoring alert to prevent recurrence.
INC101437,2025-09-08 20:03,2025-09-09 02:24,Performance,API Latency,Order Management System,P3 - Medium,Resolved,L3 Engineering,N. Fathima,Batch Job Monitor,Third-Party Outage,24,53,6.36,False,0,False,5,Tuned query/index or scaled resources; response time back within threshold.
INC101296,2025-09-08 21:37,2025-09-10 16:46,Security,Certificate Expiry,Customer Support Portal,P4 - Low,Resolved,Network Team,P. Arjun,Support Team (Proactive),Infra Failure,72,203,43.16,False,0,False,4,"Investigated alert, confirmed false positive / revoked access; updated certificate."
INC102053,2025-09-09 11:45,2025-09-09 15:22,Network,Latency,HR Portal,P1 - Critical,Resolved,L2 Support,B. Meena,Batch Job Monitor,Infra Failure,4,14,3.63,False,0,False,5,Restarted network service / re-routed traffic; confirmed connectivity restored.
INC101208,2025-09-09 13:47,2025-09-10 20:55,Integration/API,Payload Mismatch,Auth Service,P4 - Low,Resolved,App Dev Team,K. Suresh,Monitoring Alert,Capacity/Performance,72,323,31.14,False,0,False,5,Coordinated with third-party vendor / corrected payload mapping; retested integration.
INC102034,2025-09-09 16:29,2025-09-09 19:06,Integration/API,API Failure,CRM Portal,P2 - High,Closed,L3 Engineering,N. Fathima,End User,User Error,8,48,2.63,False,0,True,4,Coordinated with third-party vendor / corrected payload mapping; retested integration.
INC101572,2025-09-09 18:04,2025-09-10 15:06,Access/Authentication,Password Reset,Order Management System,P3 - Medium,Closed,L1 Support,L. Chitra,Monitoring Alert,Infra Failure,24,55,21.04,False,0,False,4,Reset credentials / corrected access role; user confirmed successful login.
INC100992,2025-09-09 18:12,2025-09-10 11:08,Batch Job Failure,Job Not Triggered,Payment Gateway,P3 - Medium,Resolved,App Dev Team,K. Suresh,Support Team (Proactive),Third-Party Outage,24,37,16.94,False,0,True,1,Re-triggered job after correcting input file; added validation check.
INC100793,2025-09-09 18:26,2025-09-11 21:35,Network,DNS Issue,Order Management System,P4 - Low,Resolved,L2 Support,J. Antony,End User,Unknown,72,161,51.15,False,0,False,5,Restarted network service / re-routed traffic; confirmed connectivity restored.
INC100920,2025-09-09 21:40,2025-09-10 02:14,Hardware,Workstation Failure,Core Banking App,P2 - High,Closed,L1 Support,A. Rangan,End User,Capacity/Performance,8,22,4.58,False,0,False,5,Replaced/reset device; confirmed functioning with end user.
INC101584,2025-09-09 21:56,2025-09-10 01:48,Hardware,Workstation Failure,HR Portal,P2 - High,Resolved,L1 Support,L. Chitra,End User,Capacity/Performance,8,28,3.87,False,0,False,3,Replaced/reset device; confirmed functioning with end user.
INC101258,2025-09-10 02:25,2025-09-11 00:38,Server/Infra,Memory Leak,Core Banking App,P4 - Low,Resolved,Network Team,P. Arjun,End User,Code Defect,72,128,22.22,False,0,False,5,Freed disk space / restarted service; added monitoring alert to prevent recurrence.
INC100630,2025-09-10 09:24,2025-09-11 07:51,Performance,Report Load Timeout,Auth Service,P3 - Medium,Resolved,L3 Engineering,S. Priya,Customer,Configuration Error,24,57,22.46,False,0,False,3,Tuned query/index or scaled resources; response time back within threshold.
INC100088,2025-09-10 11:35,2025-09-10 16:52,Security,Unauthorized Access Attempt,HR Portal,P2 - High,Resolved,Network Team,R. Iyer,End User,Code Defect,8,19,5.29,False,0,False,2,"Investigated alert, confirmed false positive / revoked access; updated certificate."
INC101167,2025-09-10 17:30,2025-09-16 04:50,Network,Firewall Block,Core Banking App,P4 - Low,Resolved,Network Team,S. Priya,Monitoring Alert,Capacity/Performance,72,103,131.34,True,0,False,5,Restarted network service / re-routed traffic; confirmed connectivity restored.
INC100351,2025-09-10 18:02,2025-09-10 19:00,Server/Infra,CPU Spike,Core Banking App,P1 - Critical,Resolved,Network Team,S. Priya,Customer,Infra Failure,4,12,0.97,False,0,True,4,Freed disk space / restarted service; added monitoring alert to prevent recurrence.
INC101741,2025-09-10 21:21,2025-09-13 11:32,Integration/API,Payload Mismatch,Inventory System,P4 - Low,Resolved,L3 Engineering,T. Divya,End User,Configuration Error,72,182,62.19,False,0,False,4,Coordinated with third-party vendor / corrected payload mapping; retested integration.
INC102009,2025-09-10 21:48,2025-09-11 12:19,Security,Unauthorized Access Attempt,CRM Portal,P4 - Low,Closed,L3 Engineering,N. Fathima,Monitoring Alert,Third-Party Outage,72,167,14.53,False,0,False,5,"Investigated alert, confirmed false positive / revoked access; updated certificate."
INC101044,2025-09-11 01:27,2025-09-11 06:42,Performance,Page Load Delay,Payment Gateway,P3 - Medium,Resolved,L3 Engineering,A. Rangan,Customer,Third-Party Outage,24,92,5.26,False,0,False,5,Tuned query/index or scaled resources; response time back within threshold.
INC100418,2025-09-11 05:24,2025-09-12 02:42,Performance,API Latency,CRM Portal,P3 - Medium,Closed,L3 Engineering,R. Iyer,Customer,Capacity/Performance,24,50,21.3,False,0,False,4,Tuned query/index or scaled resources; response time back within threshold.
INC100912,2025-09-11 13:24,2025-09-13 16:32,Hardware,Device Offline,Billing Engine,P4 - Low,Reopened,L1 Support,L. Chitra,Monitoring Alert,Code Defect,72,97,51.14,False,1,False,1,Replaced/reset device; confirmed functioning with end user.
INC100662,2025-09-11 17:06,2025-09-14 00:23,Hardware,Device Offline,Core Banking App,P4 - Low,Resolved,L1 Support,R. Iyer,Batch Job Monitor,Code Defect,72,29,55.29,False,0,True,4,Replaced/reset device; confirmed functioning with end user.
INC102153,2025-09-12 04:54,2025-09-12 13:48,Access/Authentication,SSO Error,Core Banking App,P3 - Medium,Resolved,L2 Support,B. Meena,Monitoring Alert,Third-Party Outage,24,45,8.91,False,0,False,5,Reset credentials / corrected access role; user confirmed successful login.
INC101384,2025-09-12 12:08,2025-09-13 05:17,Security,Vulnerability Alert,Inventory System,P3 - Medium,Resolved,Network Team,S. Priya,Batch Job Monitor,Unknown,24,66,17.16,False,0,False,5,"Investigated alert, confirmed false positive / revoked access; updated certificate."
INC100467,2025-09-12 13:58,2025-09-14 23:23,Database,Query Timeout,CRM Portal,P4 - Low,Resolved,L3 Engineering,P. Arjun,End User,Third-Party Outage,72,236,57.43,False,0,False,5,Optimized query / cleared lock and restarted affected session; verified data integrity.
INC100940,2025-09-12 15:09,2025-09-13 00:41,Performance,Slow Response Time,Auth Service,P3 - Medium,Reopened,L3 Engineering,P. Arjun,Customer,Infra Failure,24,19,9.54,False,1,False,4,Tuned query/index or scaled resources; response time back within threshold.
INC100105,2025-09-12 15:32,2025-09-12 18:33,Integration/API,Webhook Not Firing,Reporting Dashboard,P2 - High,Resolved,App Dev Team,A. Rangan,Batch Job Monitor,Unknown,8,9,3.03,False,0,True,3,Coordinated with third-party vendor / corrected payload mapping; retested integration.
INC100664,2025-09-12 16:12,2025-09-15 10:41,Database,Connection Pool Exhausted,Billing Engine,P4 - Low,Resolved,L3 Engineering,V. Prasad,Batch Job Monitor,Capacity/Performance,72,234,66.49,False,0,False,4,Optimized query / cleared lock and restarted affected session; verified data integrity.
INC100686,2025-09-12 18:29,2025-09-13 05:47,Security,Unauthorized Access Attempt,Inventory System,P3 - Medium,Resolved,Network Team,R. Iyer,Batch Job Monitor,Third-Party Outage,24,63,11.3,False,0,False,5,"Investigated alert, confirmed false positive / revoked access; updated certificate."
INC100728,2025-09-12 19:26,2025-09-15 15:35,Performance,Page Load Delay,Core Banking App,P4 - Low,Reopened,L3 Engineering,J. Antony,Batch Job Monitor,Code Defect,72,226,68.15,False,1,False,4,Tuned query/index or scaled resources; response time back within threshold.
INC100458,2025-09-13 07:44,2025-09-14 00:06,Performance,Slow Response Time,Order Management System,P4 - Low,Resolved,L3 Engineering,T. Divya,Batch Job Monitor,Configuration Error,72,254,16.37,False,0,False,5,Tuned query/index or scaled resources; response time back within threshold.
INC101226,2025-09-13 10:21,2025-09-14 00:40,Server/Infra,Disk Space Full,Order Management System,P3 - Medium,Resolved,Network Team,N. Fathima,Monitoring Alert,User Error,24,17,14.32,False,0,False,4,Freed disk space / restarted service; added monitoring alert to prevent recurrence.
INC100819,2025-09-13 12:53,2025-09-13 19:10,Network,DNS Issue,Auth Service,P2 - High,Resolved,L2 Support,N. Fathima,Customer,Infra Failure,8,35,6.29,False,0,True,5,Restarted network service / re-routed traffic; confirmed connectivity restored.
INC101000,2025-09-13 15:11,2025-09-13 18:53,Batch Job Failure,Job Not Triggered,Auth Service,P3 - Medium,Resolved,L3 Engineering,N. Fathima,End User,Data Issue,24,82,3.7,False,0,False,5,Re-triggered job after correcting input file; added validation check.
INC100321,2025-09-13 17:09,2025-09-14 11:35,Server/Infra,Server Down,Customer Support Portal,P4 - Low,Closed,Network Team,T. Divya,Monitoring Alert,Configuration Error,72,254,18.44,False,0,False,4,Freed disk space / restarted service; added monitoring alert to prevent recurrence.
INC101806,2025-09-14 21:35,2025-09-15 13:39,Network,DNS Issue,Order Management System,P4 - Low,Resolved,L2 Support,P. Arjun,Monitoring Alert,Infra Failure,72,212,16.07,False,0,False,5,Restarted network service / re-routed traffic; confirmed connectivity restored.
INC101826,2025-09-14 21:43,2025-09-16 15:15,Access/Authentication,SSO Error,Reporting Dashboard,P3 - Medium,Resolved,L2 Support,P. Arjun,Customer,Capacity/Performance,24,33,41.54,True,0,False,1,Reset credentials / corrected access role; user confirmed successful login.
INC100980,2025-09-15 11:09,2025-09-16 01:59,Security,Certificate Expiry,CRM Portal,P3 - Medium,Resolved,Network Team,L. Chitra,Customer,Third-Party Outage,24,45,14.84,False,0,False,3,"Investigated alert, confirmed false positive / revoked access; updated certificate."
INC100449,2025-09-15 12:58,2025-09-18 04:52,Application Issue,Feature Not Working,Billing Engine,P3 - Medium,Resolved,L2 Support,K. Suresh,Support Team (Proactive),Infra Failure,24,51,63.9,True,0,False,5,Identified faulty code path; deployed hotfix / config change and validated with user.
INC102059,2025-09-15 19:30,2025-09-17 06:07,Database,Deadlock,Payment Gateway,P4 - Low,Resolved,L3 Engineering,T. Divya,Monitoring Alert,Data Issue,72,94,34.62,False,0,True,3,Optimized query / cleared lock and restarted affected session; verified data integrity.
INC100219,2025-09-15 23:57,2025-09-18 01:48,Network,Firewall Block,Payment Gateway,P4 - Low,Closed,L2 Support,N. Fathima,End User,Configuration Error,72,175,49.85,False,0,False,4,Restarted network service / re-routed traffic; confirmed connectivity restored.
INC101928,2025-09-16 08:02,2025-09-17 10:19,Integration/API,API Failure,Customer Support Portal,P4 - Low,Reopened,App Dev Team,J. Antony,Batch Job Monitor,Unknown,72,181,26.29,False,1,False,4,Coordinated with third-party vendor / corrected payload mapping; retested integration.
INC101870,2025-09-16 13:51,2025-09-16 20:54,Batch Job Failure,Duplicate Run,Customer Support Portal,P2 - High,Closed,App Dev Team,T. Divya,Support Team (Proactive),Code Defect,8,32,7.05,False,0,False,4,Re-triggered job after correcting input file; added validation check.
INC100822,2025-09-16 15:11,2025-09-16 20:53,Application Issue,UI Error,Order Management System,P2 - High,Resolved,App Dev Team,B. Meena,Support Team (Proactive),User Error,8,16,5.7,False,0,False,5,Identified faulty code path; deployed hotfix / config change and validated with user.
INC100842,2025-09-16 17:05,2025-09-17 08:18,Network,VPN Failure,Auth Service,P3 - Medium,Closed,L2 Support,N. Fathima,Batch Job Monitor,User Error,24,28,15.22,False,0,False,5,Restarted network service / re-routed traffic; confirmed connectivity restored.
INC100095,2025-09-16 18:43,2025-09-16 22:17,Integration/API,API Failure,Order Management System,P2 - High,Closed,L3 Engineering,T. Divya,Customer,Code Defect,8,13,3.58,False,0,False,4,Coordinated with third-party vendor / corrected payload mapping; retested integration.
INC101933,2025-09-16 19:37,2025-09-17 23:08,Database,Connection Pool Exhausted,Core Banking App,P2 - High,Resolved,DBA Team,P. Arjun,Customer,Data Issue,8,27,27.53,True,0,False,2,Optimized query / cleared lock and restarted affected session; verified data integrity.
INC101224,2025-09-16 20:58,2025-09-18 21:29,Network,Latency,CRM Portal,P4 - Low,Resolved,L2 Support,S. Priya,Batch Job Monitor,Configuration Error,72,205,48.52,False,0,False,4,Restarted network service / re-routed traffic; confirmed connectivity restored.
INC100320,2025-09-17 10:31,2025-09-20 10:38,Server/Infra,Server Down,HR Portal,P3 - Medium,Closed,L3 Engineering,J. Antony,Batch Job Monitor,Infra Failure,24,49,72.13,True,0,False,5,Freed disk space / restarted service; added monitoring alert to prevent recurrence.
INC101509,2025-09-17 13:08,2025-09-17 19:26,Integration/API,Webhook Not Firing,Payment Gateway,P3 - Medium,Resolved,L3 Engineering,N. Fathima,Monitoring Alert,Data Issue,24,37,6.3,False,0,False,4,Coordinated with third-party vendor / corrected payload mapping; retested integration.
INC101503,2025-09-17 17:17,2025-09-17 19:44,Performance,Page Load Delay,Core Banking App,P2 - High,Resolved,L3 Engineering,N. Fathima,Monitoring Alert,User Error,8,38,2.46,False,0,False,4,Tuned query/index or scaled resources; response time back within threshold.
INC101127,2025-09-18 06:19,2025-09-18 10:10,Integration/API,Third-Party Timeout,Auth Service,P2 - High,Closed,App Dev Team,P. Arjun,End User,Code Defect,8,20,3.86,False,0,False,5,Coordinated with third-party vendor / corrected payload mapping; retested integration.
INC100343,2025-09-18 10:03,2025-09-20 19:06,Security,Certificate Expiry,Payment Gateway,P4 - Low,Resolved,Network Team,S. Priya,Support Team (Proactive),Infra Failure,72,92,57.06,False,0,False,3,"Investigated alert, confirmed false positive / revoked access; updated certificate."
INC101880,2025-09-18 11:44,2025-09-18 16:06,Integration/API,Third-Party Timeout,Auth Service,P3 - Medium,Resolved,App Dev Team,P. Arjun,Support Team (Proactive),Third-Party Outage,24,64,4.38,False,0,False,4,Coordinated with third-party vendor / corrected payload mapping; retested integration.
INC101197,2025-09-18 12:37,2025-09-19 01:20,Hardware,Printer Issue,Order Management System,P3 - Medium,Resolved,L1 Support,N. Fathima,Batch Job Monitor,Data Issue,24,58,12.72,False,0,False,4,Replaced/reset device; confirmed functioning with end user.
INC101350,2025-09-18 14:10,2025-09-18 17:16,Security,Vulnerability Alert,HR Portal,P2 - High,Resolved,Network Team,L. Chitra,End User,Unknown,8,22,3.1,False,0,False,5,"Investigated alert, confirmed false positive / revoked access; updated certificate."
INC100290,2025-09-18 19:01,2025-09-19 07:04,Hardware,Workstation Failure,HR Portal,P4 - Low,Closed,L1 Support,R. Iyer,Monitoring Alert,Data Issue,72,244,12.05,False,0,False,5,Replaced/reset device; confirmed functioning with end user.
INC100403,2025-09-18 21:51,2025-09-18 23:06,Application Issue,Application Crash,Auth Service,P2 - High,Reopened,App Dev Team,P. Arjun,Batch Job Monitor,Configuration Error,8,17,1.25,False,1,False,5,Identified faulty code path; deployed hotfix / config change and validated with user.
INC102098,2025-09-18 22:25,2025-09-19 00:16,Batch Job Failure,Job Timeout,HR Portal,P1 - Critical,Resolved,L3 Engineering,K. Suresh,Customer,User Error,4,9,1.86,False,0,False,3,Re-triggered job after correcting input file; added validation check.
INC101569,2025-09-19 09:54,2025-09-19 14:18,Security,Suspicious Login,Order Management System,P2 - High,Resolved,L3 Engineering,B. Meena,Batch Job Monitor,Capacity/Performance,8,36,4.41,False,0,False,4,"Investigated alert, confirmed false positive / revoked access; updated certificate."
INC100116,2025-09-19 12:50,2025-09-20 18:56,Integration/API,Webhook Not Firing,HR Portal,P4 - Low,Resolved,App Dev Team,A. Rangan,Batch Job Monitor,Configuration Error,72,154,30.1,False,0,False,4,Coordinated with third-party vendor / corrected payload mapping; retested integration.
INC100696,2025-09-19 14:46,2025-09-19 17:43,Application Issue,Data Mismatch,Payment Gateway,P2 - High,Reopened,L2 Support,M. Kumar,Monitoring Alert,Unknown,8,22,2.96,False,1,False,3,Identified faulty code path; deployed hotfix / config change and validated with user.
INC100639,2025-09-19 15:40,2025-09-20 10:22,Hardware,Workstation Failure,Billing Engine,P3 - Medium,Resolved,L1 Support,R. Iyer,Support Team (Proactive),Third-Party Outage,24,84,18.71,False,0,False,4,Replaced/reset device; confirmed functioning with end user.
INC101676,2025-09-19 16:04,2025-09-20 17:29,Security,Suspicious Login,Reporting Dashboard,P4 - Low,Closed,Network Team,T. Divya,Monitoring Alert,User Error,72,227,25.43,False,0,False,2,"Investigated alert, confirmed false positive / revoked access; updated certificate."
INC100667,2025-09-19 18:38,2025-09-19 22:55,Performance,Slow Response Time,Order Management System,P2 - High,Resolved,DBA Team,J. Antony,Customer,Third-Party Outage,8,32,4.29,False,0,False,5,Tuned query/index or scaled resources; response time back within threshold.
INC101689,2025-09-19 18:58,2025-09-20 00:26,Hardware,Workstation Failure,Inventory System,P3 - Medium,Resolved,L1 Support,P. Arjun,Customer,Data Issue,24,32,5.47,False,0,False,3,Replaced/reset device; confirmed functioning with end user.
INC102147,2025-09-19 19:25,2025-09-20 03:57,Performance,Page Load Delay,HR Portal,P3 - Medium,Resolved,L3 Engineering,A. Rangan,End User,Configuration Error,24,55,8.54,False,0,False,4,Tuned query/index or scaled resources; response time back within threshold.
INC100532,2025-09-19 19:54,2025-09-21 20:00,Integration/API,API Failure,Billing Engine,P3 - Medium,Closed,L3 Engineering,T. Divya,Batch Job Monitor,Third-Party Outage,24,28,48.1,True,0,True,3,Coordinated with third-party vendor / corrected payload mapping; retested integration.
INC100932,2025-09-19 20:18,2025-09-22 12:59,Network,Firewall Block,Core Banking App,P4 - Low,Resolved,L2 Support,P. Arjun,End User,Third-Party Outage,72,126,64.69,False,0,False,5,Restarted network service / re-routed traffic; confirmed connectivity restored.
INC101035,2025-09-19 22:50,2025-09-20 21:25,Database,Query Timeout,Auth Service,P3 - Medium,Resolved,L3 Engineering,N. Fathima,Support Team (Proactive),User Error,24,51,22.59,False,0,False,4,Optimized query / cleared lock and restarted affected session; verified data integrity.
INC101742,2025-09-20 10:56,2025-09-21 13:22,Batch Job Failure,Job Failed - Data Error,Order Management System,P2 - High,Resolved,App Dev Team,V. Prasad,Support Team (Proactive),Capacity/Performance,8,24,26.44,True,0,False,3,Re-triggered job after correcting input file; added validation check.
INC101680,2025-09-20 10:58,2025-09-21 00:38,Access/Authentication,Permission Denied,Core Banking App,P3 - Medium,Resolved,L1 Support,B. Meena,Monitoring Alert,Unknown,24,75,13.67,False,0,False,4,Reset credentials / corrected access role; user confirmed successful login.
INC101823,2025-09-20 14:32,2025-09-21 07:47,Access/Authentication,Login Failure,Payment Gateway,P3 - Medium,Resolved,L2 Support,R. Iyer,End User,Third-Party Outage,24,32,17.26,False,0,True,5,Reset credentials / corrected access role; user confirmed successful login.
INC101759,2025-09-20 16:01,2025-09-21 07:07,Database,Connection Pool Exhausted,CRM Portal,P3 - Medium,Closed,DBA Team,A. Rangan,Monitoring Alert,Data Issue,24,59,15.1,False,0,False,5,Optimized query / cleared lock and restarted affected session; verified data integrity.
INC100986,2025-09-21 13:19,2025-09-22 09:39,Server/Infra,Memory Leak,Billing Engine,P3 - Medium,Reopened,Network Team,S. Priya,Customer,Configuration Error,24,91,20.34,False,1,False,4,Freed disk space / restarted service; added monitoring alert to prevent recurrence.
INC100545,2025-09-21 13:59,2025-09-22 22:02,Network,DNS Issue,Core Banking App,P4 - Low,Resolved,Network Team,K. Suresh,Support Team (Proactive),Configuration Error,72,246,32.06,False,0,False,5,Restarted network service / re-routed traffic; confirmed connectivity restored.
INC101834,2025-09-21 18:19,2025-09-22 00:28,Hardware,Peripheral Not Detected,HR Portal,P2 - High,Closed,L1 Support,P. Arjun,Monitoring Alert,Third-Party Outage,8,12,6.15,False,0,False,5,Replaced/reset device; confirmed functioning with end user.
INC100973,2025-09-21 21:19,2025-09-23 02:25,Batch Job Failure,Job Failed - Data Error,Order Management System,P3 - Medium,Resolved,App Dev Team,K. Suresh,Monitoring Alert,Configuration Error,24,74,29.11,True,0,False,1,Re-triggered job after correcting input file; added validation check.
INC100465,2025-09-22 09:40,2025-09-22 20:14,Server/Infra,CPU Spike,Order Management System,P3 - Medium,Resolved,L3 Engineering,N. Fathima,Batch Job Monitor,Capacity/Performance,24,64,10.57,False,0,True,2,Freed disk space / restarted service; added monitoring alert to prevent recurrence.
INC101148,2025-09-22 11:36,2025-09-23 09:37,Hardware,Device Offline,Customer Support Portal,P3 - Medium,Resolved,L1 Support,K. Suresh,Batch Job Monitor,Third-Party Outage,24,56,22.03,False,0,False,4,Replaced/reset device; confirmed functioning with end user.
INC101579,2025-09-22 12:34,2025-09-25 01:50,Database,Connection Pool Exhausted,Order Management System,P4 - Low,Resolved,L3 Engineering,M. Kumar,Support Team (Proactive),Infra Failure,72,164,61.27,False,0,False,5,Optimized query / cleared lock and restarted affected session; verified data integrity.
INC100092,2025-09-22 13:32,2025-09-22 19:51,Performance,Page Load Delay,Order Management System,P2 - High,Resolved,DBA Team,T. Divya,End User,Third-Party Outage,8,21,6.32,False,0,False,4,Tuned query/index or scaled resources; response time back within threshold.
INC100075,2025-09-22 16:58,2025-09-23 11:57,Database,Connection Pool Exhausted,Billing Engine,P3 - Medium,Resolved,L3 Engineering,L. Chitra,Customer,User Error,24,63,18.99,False,0,False,5,Optimized query / cleared lock and restarted affected session; verified data integrity.
INC102003,2025-09-22 18:57,2025-09-23 02:07,Hardware,Peripheral Not Detected,Auth Service,P3 - Medium,Closed,L1 Support,V. Prasad,Batch Job Monitor,User Error,24,24,7.18,False,0,False,3,Replaced/reset device; confirmed functioning with end user.
INC101931,2025-09-22 19:36,2025-09-22 21:33,Batch Job Failure,Job Failed - Data Error,CRM Portal,P1 - Critical,Resolved,App Dev Team,N. Fathima,Batch Job Monitor,Capacity/Performance,4,19,1.95,False,0,False,2,Re-triggered job after correcting input file; added validation check.
INC100541,2025-09-22 19:52,2025-09-23 09:42,Server/Infra,CPU Spike,Payment Gateway,P3 - Medium,Resolved,L3 Engineering,J. Antony,Support Team (Proactive),Third-Party Outage,24,51,13.84,False,0,False,3,Freed disk space / restarted service; added monitoring alert to prevent recurrence.
INC100113,2025-09-22 20:05,2025-09-23 11:30,Batch Job Failure,Duplicate Run,Inventory System,P3 - Medium,Resolved,App Dev Team,K. Suresh,Support Team (Proactive),User Error,24,93,15.42,False,0,False,3,Re-triggered job after correcting input file; added validation check.
INC100024,2025-09-23 09:33,2025-09-23 18:55,Hardware,Workstation Failure,Payment Gateway,P3 - Medium,Resolved,L1 Support,B. Meena,Batch Job Monitor,Configuration Error,24,94,9.37,False,0,False,4,Replaced/reset device; confirmed functioning with end user.
INC101674,2025-09-23 10:25,2025-09-23 13:57,Application Issue,Application Crash,CRM Portal,P2 - High,Resolved,App Dev Team,S. Priya,End User,Unknown,8,26,3.54,False,0,False,4,Identified faulty code path; deployed hotfix / config change and validated with user.
INC101233,2025-09-23 11:52,2025-09-23 15:03,Batch Job Failure,Job Not Triggered,HR Portal,P2 - High,Closed,App Dev Team,L. Chitra,Monitoring Alert,Data Issue,8,28,3.19,False,0,True,4,Re-triggered job after correcting input file; added validation check.
INC100356,2025-09-23 14:18,2025-09-23 16:37,Server/Infra,Memory Leak,Billing Engine,P2 - High,Closed,Network Team,A. Rangan,End User,Code Defect,8,26,2.33,False,0,True,4,Freed disk space / restarted service; added monitoring alert to prevent recurrence.
INC101379,2025-09-23 14:29,2025-09-24 07:08,Hardware,Device Offline,Order Management System,P4 - Low,Resolved,L1 Support,T. Divya,Batch Job Monitor,Unknown,72,262,16.65,False,0,False,5,Replaced/reset device; confirmed functioning with end user.
INC100052,2025-09-23 16:45,2025-09-26 05:54,Performance,Page Load Delay,CRM Portal,P4 - Low,Resolved,DBA Team,A. Rangan,Monitoring Alert,Third-Party Outage,72,197,61.15,False,0,False,4,Tuned query/index or scaled resources; response time back within threshold.
INC100003,2025-09-23 17:07,2025-09-23 22:14,Performance,Slow Response Time,Billing Engine,P3 - Medium,Resolved,DBA Team,B. Meena,Monitoring Alert,Configuration Error,24,76,5.13,False,0,False,3,Tuned query/index or scaled resources; response time back within threshold.
INC102021,2025-09-23 17:09,2025-09-26 08:58,Access/Authentication,Login Failure,Core Banking App,P3 - Medium,Resolved,L1 Support,N. Fathima,End User,Infra Failure,24,2,63.82,True,0,False,3,Reset credentials / corrected access role; user confirmed successful login.
INC101921,2025-09-24 04:26,2025-09-25 06:35,Batch Job Failure,Job Failed - Data Error,Inventory System,P4 - Low,Reopened,L3 Engineering,K. Suresh,Monitoring Alert,User Error,72,251,26.15,False,1,False,4,Re-triggered job after correcting input file; added validation check.
INC100217,2025-09-24 11:42,2025-09-25 09:46,Network,DNS Issue,Inventory System,P3 - Medium,Resolved,L2 Support,L. Chitra,End User,Third-Party Outage,24,66,22.08,False,0,False,4,Restarted network service / re-routed traffic; confirmed connectivity restored.
INC101320,2025-09-24 14:53,2025-09-26 12:08,Security,Suspicious Login,Customer Support Portal,P3 - Medium,Resolved,L3 Engineering,K. Suresh,Monitoring Alert,Unknown,24,92,45.26,True,0,False,2,"Investigated alert, confirmed false positive / revoked access; updated certificate."
INC101244,2025-09-24 14:58,2025-09-24 23:16,Database,Data Corruption,Reporting Dashboard,P3 - Medium,Resolved,L3 Engineering,L. Chitra,Batch Job Monitor,Capacity/Performance,24,70,8.31,False,0,False,5,Optimized query / cleared lock and restarted affected session; verified data integrity.
INC100431,2025-09-24 17:17,2025-09-27 08:51,Network,VPN Failure,Inventory System,P3 - Medium,Closed,L2 Support,S. Priya,End User,Configuration Error,24,63,63.57,True,0,False,5,Restarted network service / re-routed traffic; confirmed connectivity restored.
INC102171,2025-09-24 19:19,2025-09-27 00:54,Performance,Page Load Delay,Billing Engine,P4 - Low,Closed,L3 Engineering,V. Prasad,Customer,Infra Failure,72,189,53.59,False,0,True,5,Tuned query/index or scaled resources; response time back within threshold.
INC100937,2025-09-25 18:37,2025-09-26 11:46,Database,Connection Pool Exhausted,CRM Portal,P3 - Medium,Resolved,DBA Team,L. Chitra,Customer,User Error,24,47,17.16,False,0,False,4,Optimized query / cleared lock and restarted affected session; verified data integrity.
INC100948,2025-09-25 18:44,2025-09-30 17:28,Security,Suspicious Login,HR Portal,P4 - Low,Resolved,Network Team,V. Prasad,Support Team (Proactive),User Error,72,255,118.74,True,0,False,2,"Investigated alert, confirmed false positive / revoked access; updated certificate."
INC100213,2025-09-25 19:53,2025-09-26 11:35,Application Issue,UI Error,Auth Service,P3 - Medium,Resolved,App Dev Team,V. Prasad,End User,User Error,24,46,15.7,False,0,False,5,Identified faulty code path; deployed hotfix / config change and validated with user.
INC102162,2025-09-25 19:58,2025-09-26 14:36,Database,Query Timeout,Auth Service,P3 - Medium,Resolved,L3 Engineering,L. Chitra,Customer,Unknown,24,28,18.64,False,0,False,5,Optimized query / cleared lock and restarted affected session; verified data integrity.
INC100951,2025-09-26 11:55,2025-09-26 20:52,Security,Vulnerability Alert,Auth Service,P1 - Critical,Resolved,L3 Engineering,J. Antony,End User,Configuration Error,4,8,8.96,True,0,False,4,"Investigated alert, confirmed false positive / revoked access; updated certificate."
INC100918,2025-09-26 13:56,2025-09-27 01:18,Server/Infra,Memory Leak,Reporting Dashboard,P3 - Medium,Resolved,L3 Engineering,T. Divya,Support Team (Proactive),User Error,24,59,11.38,False,0,False,3,Freed disk space / restarted service; added monitoring alert to prevent recurrence.
INC101116,2025-09-26 15:35,2025-09-27 06:34,Integration/API,Payload Mismatch,Customer Support Portal,P3 - Medium,Reopened,L3 Engineering,N. Fathima,Customer,User Error,24,42,14.99,False,1,True,4,Coordinated with third-party vendor / corrected payload mapping; retested integration.
INC101382,2025-09-26 17:28,2025-09-27 05:43,Database,Connection Pool Exhausted,Auth Service,P3 - Medium,Resolved,DBA Team,L. Chitra,End User,Unknown,24,49,12.25,False,0,False,2,Optimized query / cleared lock and restarted affected session; verified data integrity.
INC100015,2025-09-26 17:58,2025-09-27 06:57,Hardware,Workstation Failure,Customer Support Portal,P1 - Critical,Resolved,L1 Support,M. Kumar,End User,Configuration Error,4,10,12.99,True,0,False,3,Replaced/reset device; confirmed functioning with end user.
INC102164,2025-09-26 18:13,2025-09-27 02:36,Security,Vulnerability Alert,Order Management System,P3 - Medium,Resolved,Network Team,J. Antony,Support Team (Proactive),Infra Failure,24,31,8.39,False,0,False,5,"Investigated alert, confirmed false positive / revoked access; updated certificate."
INC101023,2025-09-26 19:41,2025-09-27 22:15,Security,Vulnerability Alert,HR Portal,P4 - Low,Closed,L3 Engineering,M. Kumar,End User,User Error,72,409,26.58,False,0,False,5,"Investigated alert, confirmed false positive / revoked access; updated certificate."
INC101235,2025-09-26 21:17,2025-09-27 02:39,Application Issue,UI Error,Inventory System,P2 - High,Resolved,L2 Support,K. Suresh,End User,Unknown,8,24,5.37,False,0,True,5,Identified faulty code path; deployed hotfix / config change and validated with user.
INC101707,2025-09-27 08:39,2025-09-28 08:33,Application Issue,Application Crash,HR Portal,P4 - Low,Resolved,App Dev Team,R. Iyer,End User,Third-Party Outage,72,131,23.9,False,0,False,5,Identified faulty code path; deployed hotfix / config change and validated with user.
INC100863,2025-09-27 11:57,2025-09-28 00:42,Database,Connection Pool Exhausted,Reporting Dashboard,P3 - Medium,Reopened,L3 Engineering,V. Prasad,Customer,Configuration Error,24,41,12.76,False,1,False,4,Optimized query / cleared lock and restarted affected session; verified data integrity.
INC100626,2025-09-27 14:01,2025-09-28 09:54,Server/Infra,Server Down,HR Portal,P4 - Low,Resolved,Network Team,L. Chitra,Batch Job Monitor,Configuration Error,72,76,19.89,False,0,False,4,Freed disk space / restarted service; added monitoring alert to prevent recurrence.
INC100536,2025-09-27 14:27,2025-09-27 20:58,Security,Suspicious Login,HR Portal,P3 - Medium,Resolved,L3 Engineering,N. Fathima,End User,Capacity/Performance,24,104,6.53,False,0,False,3,"Investigated alert, confirmed false positive / revoked access; updated certificate."
INC100019,2025-09-27 15:53,2025-09-27 18:41,Access/Authentication,Login Failure,CRM Portal,P1 - Critical,Resolved,L2 Support,M. Kumar,Customer,Capacity/Performance,4,9,2.81,False,0,False,2,Reset credentials / corrected access role; user confirmed successful login.
INC100081,2025-09-27 19:21,2025-09-28 11:23,Database,Connection Pool Exhausted,Auth Service,P2 - High,Reopened,L3 Engineering,R. Iyer,Support Team (Proactive),Infra Failure,8,18,16.04,True,1,False,3,Optimized query / cleared lock and restarted affected session; verified data integrity.
INC101998,2025-09-27 21:22,2025-09-28 10:06,Database,Data Corruption,CRM Portal,P2 - High,Resolved,DBA Team,R. Iyer,End User,Infra Failure,8,21,12.74,True,0,False,1,Optimized query / cleared lock and restarted affected session; verified data integrity.
INC100774,2025-09-27 21:55,2025-09-28 15:11,Performance,Report Load Timeout,Core Banking App,P3 - Medium,Resolved,L3 Engineering,S. Priya,Customer,Infra Failure,24,29,17.28,False,0,False,3,Tuned query/index or scaled resources; response time back within threshold.
INC101580,2025-09-27 23:59,2025-09-28 11:11,Database,Deadlock,Reporting Dashboard,P2 - High,Closed,DBA Team,N. Fathima,Monitoring Alert,User Error,8,30,11.2,True,0,False,1,Optimized query / cleared lock and restarted affected session; verified data integrity.
INC100789,2025-09-28 10:20,2025-09-29 03:26,Batch Job Failure,Job Failed - Data Error,Order Management System,P3 - Medium,Resolved,L3 Engineering,S. Priya,Batch Job Monitor,Third-Party Outage,24,21,17.11,False,0,False,3,Re-triggered job after correcting input file; added validation check.
INC100994,2025-09-28 14:39,2025-09-28 20:28,Network,Firewall Block,Inventory System,P2 - High,Resolved,L2 Support,A. Rangan,Monitoring Alert,Code Defect,8,27,5.82,False,0,False,4,Restarted network service / re-routed traffic; confirmed connectivity restored.
INC100389,2025-09-28 15:43,2025-09-29 04:46,Application Issue,Application Crash,Reporting Dashboard,P3 - Medium,Resolved,L2 Support,R. Iyer,Support Team (Proactive),Configuration Error,24,62,13.05,False,0,False,4,Identified faulty code path; deployed hotfix / config change and validated with user.
INC100946,2025-09-28 21:11,2025-09-29 20:41,Hardware,Workstation Failure,Inventory System,P4 - Low,Resolved,L1 Support,P. Arjun,Monitoring Alert,Code Defect,72,197,23.5,False,0,False,1,Replaced/reset device; confirmed functioning with end user.
INC101300,2025-09-28 21:55,2025-09-29 08:45,Database,Data Corruption,Payment Gateway,P3 - Medium,Resolved,L3 Engineering,N. Fathima,Support Team (Proactive),Code Defect,24,55,10.84,False,0,False,5,Optimized query / cleared lock and restarted affected session; verified data integrity.
INC100558,2025-09-29 10:44,2025-09-30 01:44,Network,Firewall Block,Auth Service,P3 - Medium,Resolved,L2 Support,A. Rangan,End User,Configuration Error,24,72,15.0,False,0,False,3,Restarted network service / re-routed traffic; confirmed connectivity restored.
INC100126,2025-09-29 13:14,2025-09-29 22:06,Security,Vulnerability Alert,Reporting Dashboard,P3 - Medium,Resolved,Network Team,R. Iyer,Monitoring Alert,Data Issue,24,38,8.88,False,0,False,4,"Investigated alert, confirmed false positive / revoked access; updated certificate."
INC100402,2025-09-29 14:44,2025-09-30 01:23,Database,Connection Pool Exhausted,Inventory System,P3 - Medium,Resolved,DBA Team,R. Iyer,Monitoring Alert,Third-Party Outage,24,53,10.66,False,0,False,4,Optimized query / cleared lock and restarted affected session; verified data integrity.
INC101816,2025-09-29 20:48,2025-10-01 10:11,Integration/API,API Failure,Billing Engine,P4 - Low,Resolved,L3 Engineering,K. Suresh,End User,Capacity/Performance,72,88,37.39,False,0,False,4,Coordinated with third-party vendor / corrected payload mapping; retested integration.
INC101485,2025-09-30 09:37,2025-10-01 04:54,Application Issue,Application Crash,Inventory System,P2 - High,Reopened,L2 Support,L. Chitra,End User,User Error,8,32,19.29,True,1,False,2,Identified faulty code path; deployed hotfix / config change and validated with user.
INC100631,2025-09-30 10:37,2025-09-30 15:03,Application Issue,Application Crash,Customer Support Portal,P3 - Medium,Resolved,L2 Support,A. Rangan,Monitoring Alert,Code Defect,24,71,4.44,False,0,False,5,Identified faulty code path; deployed hotfix / config change and validated with user.
INC101858,2025-09-30 12:02,2025-09-30 22:56,Application Issue,Application Crash,Payment Gateway,P3 - Medium,Resolved,L2 Support,P. Arjun,Monitoring Alert,Unknown,24,95,10.9,False,0,False,5,Identified faulty code path; deployed hotfix / config change and validated with user.
INC100009,2025-09-30 18:05,2025-10-01 17:05,Database,Data Corruption,Customer Support Portal,P4 - Low,Resolved,DBA Team,M. Kumar,Customer,Infra Failure,72,166,23.0,False,0,False,5,Optimized query / cleared lock and restarted affected session; verified data integrity.
INC101976,2025-09-30 20:23,2025-10-03 16:29,Security,Suspicious Login,Billing Engine,P4 - Low,Resolved,Network Team,K. Suresh,End User,Unknown,72,184,68.11,False,0,True,4,"Investigated alert, confirmed false positive / revoked access; updated certificate."
INC101305,2025-09-30 21:11,2025-10-01 13:06,Performance,Report Load Timeout,HR Portal,P3 - Medium,Resolved,DBA Team,R. Iyer,Monitoring Alert,Third-Party Outage,24,67,15.92,False,0,False,4,Tuned query/index or scaled resources; response time back within threshold.
INC100014,2025-10-01 09:24,2025-10-01 14:07,Access/Authentication,Permission Denied,Customer Support Portal,P3 - Medium,Closed,L2 Support,M. Kumar,Monitoring Alert,User Error,24,49,4.72,False,0,False,2,Reset credentials / corrected access role; user confirmed successful login.
INC102101,2025-10-01 12:40,2025-10-01 19:26,Network,DNS Issue,Auth Service,P3 - Medium,Resolved,L2 Support,N. Fathima,Batch Job Monitor,User Error,24,35,6.78,False,0,False,5,Restarted network service / re-routed traffic; confirmed connectivity restored.
INC101666,2025-10-01 21:21,2025-10-01 22:58,Network,Firewall Block,Payment Gateway,P2 - High,Resolved,L2 Support,M. Kumar,Monitoring Alert,Capacity/Performance,8,17,1.62,False,0,False,5,Restarted network service / re-routed traffic; confirmed connectivity restored.
INC100460,2025-10-02 12:20,2025-10-03 10:24,Database,Deadlock,Inventory System,P2 - High,Resolved,DBA Team,R. Iyer,Support Team (Proactive),Capacity/Performance,8,18,22.07,True,0,False,2,Optimized query / cleared lock and restarted affected session; verified data integrity.
INC101786,2025-10-02 14:01,2025-10-02 20:08,Performance,API Latency,Customer Support Portal,P3 - Medium,Resolved,L3 Engineering,T. Divya,Monitoring Alert,Configuration Error,24,57,6.12,False,0,False,4,Tuned query/index or scaled resources; response time back within threshold.
INC102161,2025-10-02 14:18,2025-10-03 11:31,Access/Authentication,Login Failure,HR Portal,P3 - Medium,Resolved,L1 Support,V. Prasad,Customer,Code Defect,24,41,21.23,False,0,False,4,Reset credentials / corrected access role; user confirmed successful login.
INC101022,2025-10-02 18:34,2025-10-02 21:25,Hardware,Device Offline,Reporting Dashboard,P2 - High,Resolved,L1 Support,V. Prasad,Monitoring Alert,Configuration Error,8,47,2.86,False,0,False,2,Replaced/reset device; confirmed functioning with end user.
INC100589,2025-10-03 09:32,2025-10-03 20:00,Access/Authentication,Permission Denied,Customer Support Portal,P3 - Medium,Resolved,L2 Support,V. Prasad,End User,Configuration Error,24,69,10.47,False,0,False,5,Reset credentials / corrected access role; user confirmed successful login.
INC101093,2025-10-03 13:08,2025-10-03 22:36,Database,Deadlock,Reporting Dashboard,P3 - Medium,Resolved,DBA Team,J. Antony,End User,Third-Party Outage,24,110,9.48,False,0,False,4,Optimized query / cleared lock and restarted affected session; verified data integrity.
INC101598,2025-10-03 13:33,2025-10-03 23:34,Performance,Report Load Timeout,Reporting Dashboard,P3 - Medium,Resolved,L3 Engineering,L. Chitra,End User,Unknown,24,42,10.03,False,0,False,4,Tuned query/index or scaled resources; response time back within threshold.
INC101885,2025-10-03 15:08,2025-10-04 08:59,Server/Infra,Disk Space Full,CRM Portal,P3 - Medium,Closed,Network Team,M. Kumar,Batch Job Monitor,Infra Failure,24,81,17.86,False,0,False,1,Freed disk space / restarted service; added monitoring alert to prevent recurrence.
INC101041,2025-10-03 15:29,2025-10-03 19:04,Performance,Page Load Delay,Core Banking App,P2 - High,Closed,DBA Team,L. Chitra,Customer,Configuration Error,8,29,3.59,False,0,False,4,Tuned query/index or scaled resources; response time back within threshold.
INC101124,2025-10-03 18:14,2025-10-06 06:47,Security,Suspicious Login,CRM Portal,P4 - Low,Resolved,L3 Engineering,S. Priya,Monitoring Alert,Configuration Error,72,151,60.55,False,0,False,4,"Investigated alert, confirmed false positive / revoked access; updated certificate."
INC100781,2025-10-03 19:12,2025-10-03 19:58,Batch Job Failure,Duplicate Run,Inventory System,P1 - Critical,Resolved,App Dev Team,K. Suresh,Support Team (Proactive),User Error,4,9,0.78,False,0,False,4,Re-triggered job after correcting input file; added validation check.
INC101915,2025-10-03 21:33,2025-10-04 05:06,Batch Job Failure,Duplicate Run,Reporting Dashboard,P2 - High,Resolved,L3 Engineering,N. Fathima,Support Team (Proactive),User Error,8,36,7.55,False,0,False,4,Re-triggered job after correcting input file; added validation check.
INC101818,2025-10-04 09:35,2025-10-04 14:12,Performance,Report Load Timeout,Order Management System,P2 - High,Resolved,DBA Team,K. Suresh,End User,Capacity/Performance,8,25,4.62,False,0,False,4,Tuned query/index or scaled resources; response time back within threshold.
INC102057,2025-10-04 12:01,2025-10-04 18:01,Security,Vulnerability Alert,Billing Engine,P1 - Critical,Resolved,Network Team,K. Suresh,Customer,Unknown,4,18,6.0,True,0,False,2,"Investigated alert, confirmed false positive / revoked access; updated certificate."
INC100714,2025-10-04 13:13,2025-10-04 18:30,Server/Infra,CPU Spike,Payment Gateway,P2 - High,Resolved,L3 Engineering,T. Divya,Customer,Unknown,8,16,5.29,False,0,False,5,Freed disk space / restarted service; added monitoring alert to prevent recurrence.
INC100959,2025-10-04 13:22,2025-10-06 03:40,Integration/API,Payload Mismatch,Core Banking App,P4 - Low,Resolved,L3 Engineering,S. Priya,Batch Job Monitor,Infra Failure,72,188,38.31,False,0,False,5,Coordinated with third-party vendor / corrected payload mapping; retested integration.
INC100901,2025-10-04 14:19,2025-10-05 14:17,Server/Infra,Memory Leak,HR Portal,P2 - High,Resolved,Network Team,V. Prasad,Batch Job Monitor,Infra Failure,8,14,23.97,True,0,False,2,Freed disk space / restarted service; added monitoring alert to prevent recurrence.
INC100823,2025-10-04 15:01,2025-10-05 08:14,Application Issue,Data Mismatch,Inventory System,P3 - Medium,Resolved,App Dev Team,M. Kumar,End User,Code Defect,24,26,17.23,False,0,False,3,Identified faulty code path; deployed hotfix / config change and validated with user.
INC100200,2025-10-04 17:25,2025-10-05 09:38,Network,VPN Failure,Order Management System,P2 - High,Resolved,Network Team,K. Suresh,End User,Unknown,8,19,16.23,True,0,False,2,Restarted network service / re-routed traffic; confirmed connectivity restored.
INC100456,2025-10-04 18:54,2025-10-05 12:21,Server/Infra,Server Down,Core Banking App,P2 - High,Resolved,Network Team,P. Arjun,Support Team (Proactive),Unknown,8,30,17.46,True,0,False,3,Freed disk space / restarted service; added monitoring alert to prevent recurrence.
INC101999,2025-10-05 09:57,2025-10-06 03:34,Security,Vulnerability Alert,Payment Gateway,P3 - Medium,Resolved,L3 Engineering,R. Iyer,End User,Data Issue,24,63,17.63,False,0,False,4,"Investigated alert, confirmed false positive / revoked access; updated certificate."
INC101199,2025-10-05 11:55,2025-10-08 07:45,Server/Infra,Disk Space Full,Reporting Dashboard,P3 - Medium,Resolved,Network Team,N. Fathima,Monitoring Alert,Code Defect,24,57,67.84,True,0,False,3,Freed disk space / restarted service; added monitoring alert to prevent recurrence.
INC100314,2025-10-05 17:04,2025-10-05 22:11,Access/Authentication,Permission Denied,HR Portal,P2 - High,Resolved,L2 Support,J. Antony,Customer,Data Issue,8,21,5.12,False,0,False,5,Reset credentials / corrected access role; user confirmed successful login.
INC100196,2025-10-05 17:25,2025-10-06 12:50,Hardware,Peripheral Not Detected,Customer Support Portal,P4 - Low,Resolved,L1 Support,A. Rangan,Support Team (Proactive),Capacity/Performance,72,279,19.42,False,0,False,4,Replaced/reset device; confirmed functioning with end user.
INC102200,2025-10-05 18:41,2025-10-07 14:44,Application Issue,Application Crash,Billing Engine,P4 - Low,Resolved,App Dev Team,L. Chitra,End User,User Error,72,210,44.06,False,0,False,3,Identified faulty code path; deployed hotfix / config change and validated with user.
INC100364,2025-10-05 21:13,2025-10-06 03:17,Network,DNS Issue,Payment Gateway,P2 - High,Resolved,L2 Support,L. Chitra,Support Team (Proactive),Data Issue,8,21,6.07,False,0,False,5,Restarted network service / re-routed traffic; confirmed connectivity restored.
INC101923,2025-10-06 10:01,2025-10-07 00:58,Network,Firewall Block,Inventory System,P3 - Medium,Resolved,Network Team,P. Arjun,Support Team (Proactive),Third-Party Outage,24,75,14.96,False,0,False,4,Restarted network service / re-routed traffic; confirmed connectivity restored.
INC100064,2025-10-06 17:13,2025-10-09 12:41,Security,Certificate Expiry,Order Management System,P4 - Low,Reopened,L3 Engineering,M. Kumar,Support Team (Proactive),Code Defect,72,104,67.48,False,1,False,3,"Investigated alert, confirmed false positive / revoked access; updated certificate."
INC100848,2025-10-06 17:34,2025-10-12 15:52,Access/Authentication,Password Reset,Auth Service,P4 - Low,Resolved,L1 Support,A. Rangan,Support Team (Proactive),Code Defect,72,190,142.31,True,0,False,2,Reset credentials / corrected access role; user confirmed successful login.
INC101451,2025-10-07 12:52,2025-10-07 20:10,Hardware,Peripheral Not Detected,Reporting Dashboard,P3 - Medium,Resolved,L1 Support,K. Suresh,Customer,Configuration Error,24,100,7.3,False,0,False,5,Replaced/reset device; confirmed functioning with end user.
INC100324,2025-10-07 14:34,2025-10-08 07:22,Integration/API,API Failure,Inventory System,P2 - High,Resolved,App Dev Team,S. Priya,Customer,Code Defect,8,33,16.81,True,0,False,4,Coordinated with third-party vendor / corrected payload mapping; retested integration.
INC101743,2025-10-07 17:40,2025-10-07 20:41,Security,Certificate Expiry,Inventory System,P1 - Critical,Resolved,L3 Engineering,V. Prasad,End User,Configuration Error,4,11,3.02,False,0,False,5,"Investigated alert, confirmed false positive / revoked access; updated certificate."
INC102176,2025-10-07 18:21,2025-10-07 23:25,Performance,Report Load Timeout,HR Portal,P2 - High,Resolved,DBA Team,S. Priya,Support Team (Proactive),Infra Failure,8,39,5.08,False,0,False,3,Tuned query/index or scaled resources; response time back within threshold.
INC101521,2025-10-07 21:20,2025-10-08 02:44,Database,Deadlock,Auth Service,P2 - High,Resolved,DBA Team,S. Priya,Support Team (Proactive),User Error,8,25,5.41,False,0,False,5,Optimized query / cleared lock and restarted affected session; verified data integrity.
INC101599,2025-10-07 21:41,2025-10-08 11:21,Performance,API Latency,Billing Engine,P4 - Low,Reopened,DBA Team,N. Fathima,Support Team (Proactive),Capacity/Performance,72,188,13.67,False,1,False,2,Tuned query/index or scaled resources; response time back within threshold.
INC101696,2025-10-08 03:58,2025-10-08 22:41,Hardware,Printer Issue,Auth Service,P3 - Medium,Resolved,L1 Support,P. Arjun,Support Team (Proactive),Configuration Error,24,68,18.73,False,0,False,3,Replaced/reset device; confirmed functioning with end user.
INC102116,2025-10-08 07:52,2025-10-10 15:26,Performance,Report Load Timeout,HR Portal,P3 - Medium,Resolved,L3 Engineering,B. Meena,Support Team (Proactive),Infra Failure,24,59,55.57,True,0,False,1,Tuned query/index or scaled resources; response time back within threshold.
INC102039,2025-10-08 08:06,2025-10-08 22:53,Database,Query Timeout,Core Banking App,P3 - Medium,Resolved,DBA Team,A. Rangan,Customer,Code Defect,24,41,14.79,False,0,False,2,Optimized query / cleared lock and restarted affected session; verified data integrity.
INC101760,2025-10-08 12:43,2025-10-11 16:26,Server/Infra,CPU Spike,Payment Gateway,P3 - Medium,Resolved,L3 Engineering,B. Meena,Customer,Infra Failure,24,93,75.73,True,0,False,3,Freed disk space / restarted service; added monitoring alert to prevent recurrence.
INC100260,2025-10-08 14:07,2025-10-10 21:16,Hardware,Peripheral Not Detected,Billing Engine,P4 - Low,Closed,L1 Support,L. Chitra,Customer,Capacity/Performance,72,150,55.15,False,0,False,5,Replaced/reset device; confirmed functioning with end user.
INC100238,2025-10-08 17:06,2025-10-09 06:56,Access/Authentication,SSO Error,HR Portal,P3 - Medium,Resolved,L2 Support,V. Prasad,Customer,Code Defect,24,67,13.84,False,0,False,4,Reset credentials / corrected access role; user confirmed successful login.
INC100027,2025-10-08 19:36,2025-10-09 12:33,Server/Infra,Memory Leak,Order Management System,P3 - Medium,Resolved,L3 Engineering,P. Arjun,End User,Configuration Error,24,62,16.96,False,0,False,4,Freed disk space / restarted service; added monitoring alert to prevent recurrence.
INC100934,2025-10-08 20:13,2025-10-09 17:34,Database,Deadlock,HR Portal,P4 - Low,Resolved,L3 Engineering,T. Divya,End User,Capacity/Performance,72,235,21.36,False,0,False,4,Optimized query / cleared lock and restarted affected session; verified data integrity.
INC100262,2025-10-09 11:30,2025-10-09 14:12,Batch Job Failure,Job Not Triggered,Billing Engine,P2 - High,Resolved,L3 Engineering,M. Kumar,Monitoring Alert,Unknown,8,24,2.7,False,0,False,4,Re-triggered job after correcting input file; added validation check.
INC102125,2025-10-09 14:01,2025-10-10 04:24,Integration/API,Third-Party Timeout,Core Banking App,P4 - Low,Closed,L3 Engineering,J. Antony,Batch Job Monitor,Infra Failure,72,109,14.39,False,0,False,4,Coordinated with third-party vendor / corrected payload mapping; retested integration.
INC100244,2025-10-09 16:40,2025-10-10 12:01,Application Issue,Data Mismatch,Order Management System,P4 - Low,Resolved,L2 Support,J. Antony,Batch Job Monitor,Unknown,72,60,19.36,False,0,False,5,Identified faulty code path; deployed hotfix / config change and validated with user.
INC101567,2025-10-09 16:49,2025-10-09 18:33,Server/Infra,CPU Spike,Billing Engine,P1 - Critical,Resolved,L3 Engineering,A. Rangan,End User,User Error,4,11,1.74,False,0,False,3,Freed disk space / restarted service; added monitoring alert to prevent recurrence.
INC101623,2025-10-09 19:10,2025-10-11 04:40,Batch Job Failure,Job Failed - Data Error,Payment Gateway,P4 - Low,Closed,App Dev Team,B. Meena,Customer,Infra Failure,72,252,33.51,False,0,False,4,Re-triggered job after correcting input file; added validation check.
INC102089,2025-10-09 19:17,2025-10-09 21:52,Batch Job Failure,Duplicate Run,HR Portal,P2 - High,Closed,L3 Engineering,V. Prasad,Monitoring Alert,Infra Failure,8,34,2.59,False,0,False,4,Re-triggered job after correcting input file; added validation check.
INC101576,2025-10-10 12:00,2025-10-11 09:51,Network,DNS Issue,Order Management System,P3 - Medium,Reopened,L2 Support,V. Prasad,Batch Job Monitor,Configuration Error,24,104,21.86,False,1,False,4,Restarted network service / re-routed traffic; confirmed connectivity restored.
INC101032,2025-10-10 12:09,2025-10-13 02:51,Integration/API,Third-Party Timeout,Billing Engine,P4 - Low,Resolved,L3 Engineering,P. Arjun,Support Team (Proactive),Configuration Error,72,284,62.71,False,0,False,3,Coordinated with third-party vendor / corrected payload mapping; retested integration.
INC101660,2025-10-10 12:51,2025-10-10 16:59,Security,Unauthorized Access Attempt,Billing Engine,P2 - High,Resolved,Network Team,A. Rangan,Customer,Third-Party Outage,8,22,4.14,False,0,False,3,"Investigated alert, confirmed false positive / revoked access; updated certificate."
INC101091,2025-10-10 14:54,2025-10-11 00:51,Hardware,Device Offline,Reporting Dashboard,P3 - Medium,Resolved,L1 Support,T. Divya,Customer,Capacity/Performance,24,86,9.95,False,0,False,4,Replaced/reset device; confirmed functioning with end user.
INC101288,2025-10-10 15:03,2025-10-13 06:04,Access/Authentication,Permission Denied,Auth Service,P4 - Low,Resolved,L1 Support,R. Iyer,Monitoring Alert,Unknown,72,304,63.02,False,0,True,3,Reset credentials / corrected access role; user confirmed successful login.
INC101963,2025-10-10 16:02,2025-10-10 23:06,Application Issue,Feature Not Working,Billing Engine,P2 - High,Resolved,L2 Support,J. Antony,Batch Job Monitor,Third-Party Outage,8,6,7.08,False,0,False,5,Identified faulty code path; deployed hotfix / config change and validated with user.
INC100835,2025-10-10 16:15,2025-10-12 07:28,Application Issue,Data Mismatch,CRM Portal,P4 - Low,Resolved,App Dev Team,A. Rangan,Batch Job Monitor,Infra Failure,72,203,39.22,False,0,False,5,Identified faulty code path; deployed hotfix / config change and validated with user.
INC100138,2025-10-10 18:15,2025-10-11 16:33,Security,Unauthorized Access Attempt,Customer Support Portal,P3 - Medium,Resolved,L3 Engineering,V. Prasad,Monitoring Alert,Configuration Error,24,102,22.31,False,0,False,4,"Investigated alert, confirmed false positive / revoked access; updated certificate."
INC100292,2025-10-10 21:30,2025-10-12 17:29,Network,Firewall Block,Billing Engine,P4 - Low,Resolved,Network Team,B. Meena,Batch Job Monitor,Code Defect,72,250,43.99,False,0,False,2,Restarted network service / re-routed traffic; confirmed connectivity restored.
INC102025,2025-10-10 21:48,2025-10-11 10:37,Security,Unauthorized Access Attempt,Inventory System,P3 - Medium,Resolved,L3 Engineering,V. Prasad,Customer,Unknown,24,101,12.82,False,0,False,3,"Investigated alert, confirmed false positive / revoked access; updated certificate."
INC100312,2025-10-11 09:15,2025-10-13 09:19,Hardware,Peripheral Not Detected,Customer Support Portal,P3 - Medium,Resolved,L1 Support,A. Rangan,Monitoring Alert,Infra Failure,24,59,48.07,True,0,False,1,Replaced/reset device; confirmed functioning with end user.
INC100698,2025-10-11 13:07,2025-10-12 12:19,Server/Infra,Server Down,Billing Engine,P4 - Low,Reopened,L3 Engineering,L. Chitra,End User,Third-Party Outage,72,267,23.2,False,1,False,2,Freed disk space / restarted service; added monitoring alert to prevent recurrence.
INC100305,2025-10-11 16:08,2025-10-14 15:08,Hardware,Device Offline,Reporting Dashboard,P3 - Medium,Resolved,L1 Support,V. Prasad,Customer,Unknown,24,70,71.0,True,0,False,2,Replaced/reset device; confirmed functioning with end user.
INC100893,2025-10-11 17:59,2025-10-12 20:17,Security,Vulnerability Alert,HR Portal,P4 - Low,Resolved,Network Team,V. Prasad,End User,User Error,72,245,26.3,False,0,False,2,"Investigated alert, confirmed false positive / revoked access; updated certificate."
INC101209,2025-10-11 18:52,2025-10-13 14:47,Access/Authentication,Login Failure,CRM Portal,P4 - Low,Resolved,L2 Support,T. Divya,Batch Job Monitor,Third-Party Outage,72,195,43.92,False,0,False,5,Reset credentials / corrected access role; user confirmed successful login.
INC101423,2025-10-11 19:31,2025-10-12 15:57,Access/Authentication,Login Failure,Auth Service,P3 - Medium,Resolved,L1 Support,B. Meena,Batch Job Monitor,Infra Failure,24,60,20.44,False,0,False,3,Reset credentials / corrected access role; user confirmed successful login.
INC101570,2025-10-12 10:43,2025-10-12 20:11,Batch Job Failure,Job Failed - Data Error,Inventory System,P3 - Medium,Resolved,L3 Engineering,V. Prasad,Customer,Configuration Error,24,75,9.48,False,0,False,5,Re-triggered job after correcting input file; added validation check.
INC100033,2025-10-12 20:34,2025-10-13 00:47,Application Issue,Feature Not Working,Payment Gateway,P2 - High,Resolved,L2 Support,A. Rangan,Monitoring Alert,Data Issue,8,32,4.23,False,0,False,5,Identified faulty code path; deployed hotfix / config change and validated with user.
INC101525,2025-10-12 21:41,2025-10-12 23:37,Access/Authentication,SSO Error,Reporting Dashboard,P2 - High,Resolved,L2 Support,B. Meena,Customer,Infra Failure,8,18,1.94,False,0,True,4,Reset credentials / corrected access role; user confirmed successful login.
INC101064,2025-10-13 09:57,2025-10-13 16:00,Database,Deadlock,Reporting Dashboard,P2 - High,Resolved,L3 Engineering,A. Rangan,End User,Infra Failure,8,17,6.06,False,0,False,2,Optimized query / cleared lock and restarted affected session; verified data integrity.
INC100666,2025-10-13 11:13,2025-10-14 05:53,Integration/API,Webhook Not Firing,Auth Service,P2 - High,Resolved,L3 Engineering,J. Antony,Support Team (Proactive),Data Issue,8,29,18.68,True,0,False,4,Coordinated with third-party vendor / corrected payload mapping; retested integration.
INC100032,2025-10-13 11:55,2025-10-13 15:19,Integration/API,Webhook Not Firing,Auth Service,P1 - Critical,Resolved,L3 Engineering,K. Suresh,Customer,Third-Party Outage,4,2,3.41,False,0,False,5,Coordinated with third-party vendor / corrected payload mapping; retested integration.
INC100400,2025-10-13 13:55,2025-10-15 19:01,Database,Data Corruption,Payment Gateway,P4 - Low,Reopened,L3 Engineering,L. Chitra,Monitoring Alert,Data Issue,72,142,53.11,False,1,False,3,Optimized query / cleared lock and restarted affected session; verified data integrity.
INC101654,2025-10-13 16:23,2025-10-15 17:06,Access/Authentication,SSO Error,Payment Gateway,P4 - Low,Resolved,L2 Support,R. Iyer,Support Team (Proactive),Unknown,72,204,48.73,False,0,False,2,Reset credentials / corrected access role; user confirmed successful login.
INC101989,2025-10-13 16:32,2025-10-14 21:33,Performance,API Latency,Core Banking App,P4 - Low,Reopened,L3 Engineering,B. Meena,Batch Job Monitor,Unknown,72,95,29.02,False,1,False,3,Tuned query/index or scaled resources; response time back within threshold.
INC101217,2025-10-13 17:27,2025-10-15 03:35,Integration/API,Third-Party Timeout,Core Banking App,P3 - Medium,Closed,App Dev Team,A. Rangan,Support Team (Proactive),User Error,24,52,34.14,True,0,True,5,Coordinated with third-party vendor / corrected payload mapping; retested integration.
INC100272,2025-10-13 18:09,2025-10-14 01:01,Database,Data Corruption,Order Management System,P3 - Medium,Resolved,L3 Engineering,N. Fathima,Monitoring Alert,Infra Failure,24,65,6.88,False,0,False,4,Optimized query / cleared lock and restarted affected session; verified data integrity.
INC101463,2025-10-14 15:00,2025-10-15 05:30,Batch Job Failure,Job Not Triggered,HR Portal,P3 - Medium,Closed,L3 Engineering,B. Meena,Monitoring Alert,Code Defect,24,38,14.51,False,0,False,3,Re-triggered job after correcting input file; added validation check.
INC102058,2025-10-14 17:21,2025-10-15 10:42,Application Issue,Application Crash,Inventory System,P3 - Medium,Resolved,App Dev Team,B. Meena,End User,Infra Failure,24,17,17.35,False,0,False,2,Identified faulty code path; deployed hotfix / config change and validated with user.
INC100553,2025-10-14 19:09,2025-10-15 04:15,Network,Firewall Block,Billing Engine,P3 - Medium,Closed,Network Team,P. Arjun,Customer,Infra Failure,24,88,9.11,False,0,False,4,Restarted network service / re-routed traffic; confirmed connectivity restored.
INC101434,2025-10-14 19:35,2025-10-14 20:54,Security,Certificate Expiry,Order Management System,P1 - Critical,Resolved,L3 Engineering,N. Fathima,Support Team (Proactive),Code Defect,4,17,1.33,False,0,False,5,"Investigated alert, confirmed false positive / revoked access; updated certificate."
INC101831,2025-10-14 22:30,2025-10-15 06:04,Batch Job Failure,Duplicate Run,Reporting Dashboard,P2 - High,Reopened,App Dev Team,J. Antony,End User,Code Defect,8,44,7.57,False,1,False,4,Re-triggered job after correcting input file; added validation check.
INC100887,2025-10-15 05:09,2025-10-15 10:44,Batch Job Failure,Job Failed - Data Error,Customer Support Portal,P3 - Medium,Resolved,App Dev Team,N. Fathima,Batch Job Monitor,Code Defect,24,47,5.59,False,0,False,5,Re-triggered job after correcting input file; added validation check.
INC101887,2025-10-15 10:32,2025-10-17 15:07,Access/Authentication,SSO Error,Core Banking App,P4 - Low,Resolved,L2 Support,B. Meena,Support Team (Proactive),Data Issue,72,170,52.59,False,0,True,1,Reset credentials / corrected access role; user confirmed successful login.
INC100037,2025-10-15 16:15,2025-10-16 07:18,Integration/API,Payload Mismatch,Inventory System,P3 - Medium,Closed,L3 Engineering,M. Kumar,Customer,Data Issue,24,48,15.05,False,0,False,4,Coordinated with third-party vendor / corrected payload mapping; retested integration.
INC100141,2025-10-15 16:35,2025-10-15 22:46,Hardware,Device Offline,Payment Gateway,P2 - High,Closed,L1 Support,J. Antony,End User,Third-Party Outage,8,26,6.19,False,0,False,4,Replaced/reset device; confirmed functioning with end user.
INC101261,2025-10-15 18:07,2025-10-16 05:18,Performance,Report Load Timeout,Core Banking App,P3 - Medium,Resolved,DBA Team,B. Meena,Customer,Code Defect,24,77,11.19,False,0,False,3,Tuned query/index or scaled resources; response time back within threshold.
INC100315,2025-10-15 20:38,2025-10-16 14:14,Access/Authentication,Permission Denied,Reporting Dashboard,P3 - Medium,Resolved,L2 Support,J. Antony,Support Team (Proactive),Third-Party Outage,24,89,17.6,False,0,False,5,Reset credentials / corrected access role; user confirmed successful login.
INC100076,2025-10-16 10:15,2025-10-16 17:04,Performance,Page Load Delay,Auth Service,P3 - Medium,Resolved,DBA Team,L. Chitra,Batch Job Monitor,Data Issue,24,63,6.83,False,0,False,3,Tuned query/index or scaled resources; response time back within threshold.
INC101016,2025-10-16 12:53,2025-10-17 01:36,Database,Deadlock,Billing Engine,P3 - Medium,Resolved,DBA Team,K. Suresh,Customer,Configuration Error,24,117,12.72,False,0,False,1,Optimized query / cleared lock and restarted affected session; verified data integrity.
INC100607,2025-10-16 15:40,2025-10-18 12:23,Database,Connection Pool Exhausted,Customer Support Portal,P4 - Low,Reopened,L3 Engineering,J. Antony,Monitoring Alert,User Error,72,236,44.73,False,1,False,2,Optimized query / cleared lock and restarted affected session; verified data integrity.
INC101908,2025-10-16 18:04,2025-10-17 00:17,Security,Vulnerability Alert,Customer Support Portal,P2 - High,Closed,Network Team,J. Antony,Support Team (Proactive),User Error,8,26,6.23,False,0,False,3,"Investigated alert, confirmed false positive / revoked access; updated certificate."
INC101058,2025-10-16 23:32,2025-10-17 01:01,Network,Firewall Block,HR Portal,P2 - High,Resolved,Network Team,K. Suresh,End User,Code Defect,8,17,1.49,False,0,False,4,Restarted network service / re-routed traffic; confirmed connectivity restored.
INC100487,2025-10-17 09:00,2025-10-17 18:48,Batch Job Failure,Job Failed - Data Error,Payment Gateway,P3 - Medium,Resolved,App Dev Team,S. Priya,Monitoring Alert,Infra Failure,24,87,9.8,False,0,False,4,Re-triggered job after correcting input file; added validation check.
INC100538,2025-10-17 12:26,2025-10-19 16:48,Hardware,Peripheral Not Detected,Order Management System,P3 - Medium,Resolved,L1 Support,T. Divya,Customer,Unknown,24,72,52.37,True,0,False,1,Replaced/reset device; confirmed functioning with end user.
INC101055,2025-10-17 14:00,2025-10-18 13:54,Security,Certificate Expiry,Payment Gateway,P4 - Low,Closed,Network Team,T. Divya,Monitoring Alert,Capacity/Performance,72,309,23.9,False,0,True,5,"Investigated alert, confirmed false positive / revoked access; updated certificate."
INC100998,2025-10-17 15:33,2025-10-17 21:13,Application Issue,UI Error,Reporting Dashboard,P3 - Medium,Resolved,App Dev Team,S. Priya,Monitoring Alert,Code Defect,24,61,5.68,False,0,True,2,Identified faulty code path; deployed hotfix / config change and validated with user.
INC101210,2025-10-17 15:34,2025-10-18 12:36,Performance,API Latency,Customer Support Portal,P3 - Medium,Resolved,DBA Team,R. Iyer,Customer,Capacity/Performance,24,64,21.04,False,0,False,4,Tuned query/index or scaled resources; response time back within threshold.
INC101546,2025-10-17 20:32,2025-10-19 11:50,Performance,Slow Response Time,Auth Service,P4 - Low,Resolved,DBA Team,A. Rangan,Support Team (Proactive),User Error,72,67,39.31,False,0,False,4,Tuned query/index or scaled resources; response time back within threshold.
INC101574,2025-10-17 20:47,2025-10-18 01:51,Hardware,Peripheral Not Detected,Inventory System,P2 - High,Resolved,L1 Support,R. Iyer,Monitoring Alert,Code Defect,8,23,5.08,False,0,False,1,Replaced/reset device; confirmed functioning with end user.
INC101340,2025-10-17 21:06,2025-10-18 04:15,Batch Job Failure,Duplicate Run,Customer Support Portal,P1 - Critical,Resolved,L3 Engineering,B. Meena,End User,Third-Party Outage,4,12,7.15,True,0,False,2,Re-triggered job after correcting input file; added validation check.
INC101954,2025-10-18 10:51,2025-10-19 02:28,Performance,Page Load Delay,CRM Portal,P3 - Medium,Closed,L3 Engineering,B. Meena,Batch Job Monitor,Code Defect,24,52,15.63,False,0,True,4,Tuned query/index or scaled resources; response time back within threshold.
INC100987,2025-10-18 11:41,2025-10-20 16:48,Security,Certificate Expiry,Billing Engine,P4 - Low,Resolved,L3 Engineering,P. Arjun,End User,Configuration Error,72,153,53.13,False,0,False,4,"Investigated alert, confirmed false positive / revoked access; updated certificate."
INC101641,2025-10-18 12:01,2025-10-18 16:16,Batch Job Failure,Job Not Triggered,Core Banking App,P2 - High,Closed,L3 Engineering,B. Meena,Support Team (Proactive),Third-Party Outage,8,31,4.25,False,0,True,3,Re-triggered job after correcting input file; added validation check.
INC101460,2025-10-18 17:43,2025-10-19 20:17,Network,Latency,CRM Portal,P2 - High,Resolved,Network Team,B. Meena,Batch Job Monitor,Third-Party Outage,8,18,26.57,True,0,False,4,Restarted network service / re-routed traffic; confirmed connectivity restored.
INC100069,2025-10-18 20:47,2025-10-19 17:03,Batch Job Failure,Job Failed - Data Error,Billing Engine,P3 - Medium,Closed,L3 Engineering,P. Arjun,End User,Capacity/Performance,24,38,20.27,False,0,False,5,Re-triggered job after correcting input file; added validation check.
INC100137,2025-10-19 01:14,2025-10-19 14:38,Server/Infra,Memory Leak,Payment Gateway,P2 - High,Resolved,Network Team,J. Antony,Support Team (Proactive),Code Defect,8,33,13.41,True,0,False,4,Freed disk space / restarted service; added monitoring alert to prevent recurrence.
INC101346,2025-10-19 09:04,2025-10-19 13:26,Performance,Report Load Timeout,CRM Portal,P2 - High,Resolved,DBA Team,R. Iyer,Monitoring Alert,Data Issue,8,37,4.37,False,0,False,4,Tuned query/index or scaled resources; response time back within threshold.
INC100012,2025-10-19 15:22,2025-10-19 21:04,Performance,Page Load Delay,Core Banking App,P3 - Medium,Resolved,L3 Engineering,A. Rangan,Customer,Third-Party Outage,24,50,5.7,False,0,False,4,Tuned query/index or scaled resources; response time back within threshold.
INC102196,2025-10-19 18:51,2025-10-22 09:10,Network,Firewall Block,Auth Service,P4 - Low,Resolved,Network Team,T. Divya,Batch Job Monitor,Unknown,72,93,62.33,False,0,False,4,Restarted network service / re-routed traffic; confirmed connectivity restored.
INC100833,2025-10-19 20:21,2025-10-19 23:06,Server/Infra,Memory Leak,HR Portal,P1 - Critical,Resolved,Network Team,K. Suresh,Support Team (Proactive),Capacity/Performance,4,18,2.76,False,0,True,4,Freed disk space / restarted service; added monitoring alert to prevent recurrence.
INC101860,2025-10-20 09:38,2025-10-21 05:43,Application Issue,Feature Not Working,Auth Service,P3 - Medium,Resolved,App Dev Team,L. Chitra,End User,Unknown,24,47,20.09,False,0,False,4,Identified faulty code path; deployed hotfix / config change and validated with user.
INC101862,2025-10-20 09:58,2025-10-20 12:24,Batch Job Failure,Job Timeout,Reporting Dashboard,P1 - Critical,Resolved,L3 Engineering,K. Suresh,Batch Job Monitor,Capacity/Performance,4,20,2.44,False,0,False,5,Re-triggered job after correcting input file; added validation check.
INC101218,2025-10-20 10:20,2025-10-20 17:33,Database,Connection Pool Exhausted,Reporting Dashboard,P3 - Medium,Resolved,DBA Team,B. Meena,Batch Job Monitor,Infra Failure,24,43,7.23,False,0,True,5,Optimized query / cleared lock and restarted affected session; verified data integrity.
INC101529,2025-10-20 11:40,2025-10-20 18:46,Database,Connection Pool Exhausted,Customer Support Portal,P2 - High,Resolved,DBA Team,S. Priya,Support Team (Proactive),Capacity/Performance,8,41,7.11,False,0,False,2,Optimized query / cleared lock and restarted affected session; verified data integrity.
INC100135,2025-10-20 12:12,2025-10-21 16:16,Security,Vulnerability Alert,HR Portal,P4 - Low,Closed,L3 Engineering,S. Priya,Batch Job Monitor,Capacity/Performance,72,128,28.08,False,0,False,3,"Investigated alert, confirmed false positive / revoked access; updated certificate."
INC100875,2025-10-20 12:44,2025-10-21 05:53,Access/Authentication,Login Failure,Reporting Dashboard,P3 - Medium,Resolved,L1 Support,L. Chitra,Customer,Unknown,24,41,17.15,False,0,False,5,Reset credentials / corrected access role; user confirmed successful login.
INC100461,2025-10-20 15:14,2025-10-21 03:33,Security,Suspicious Login,Inventory System,P3 - Medium,Resolved,L3 Engineering,B. Meena,Support Team (Proactive),Configuration Error,24,29,12.32,False,0,True,3,"Investigated alert, confirmed false positive / revoked access; updated certificate."
INC100104,2025-10-20 15:55,2025-10-20 20:18,Security,Unauthorized Access Attempt,CRM Portal,P2 - High,Resolved,L3 Engineering,B. Meena,Batch Job Monitor,Data Issue,8,32,4.39,False,0,False,4,"Investigated alert, confirmed false positive / revoked access; updated certificate."
INC100419,2025-10-20 16:12,2025-10-21 13:43,Integration/API,Payload Mismatch,Inventory System,P4 - Low,Resolved,L3 Engineering,B. Meena,Support Team (Proactive),Capacity/Performance,72,243,21.53,False,0,False,3,Coordinated with third-party vendor / corrected payload mapping; retested integration.
INC101368,2025-10-20 16:42,2025-10-20 22:28,Integration/API,Payload Mismatch,Auth Service,P3 - Medium,Resolved,L3 Engineering,T. Divya,Support Team (Proactive),Third-Party Outage,24,76,5.78,False,0,False,4,Coordinated with third-party vendor / corrected payload mapping; retested integration.
INC100762,2025-10-20 16:45,2025-10-20 21:37,Integration/API,Third-Party Timeout,Billing Engine,P2 - High,Resolved,App Dev Team,L. Chitra,Batch Job Monitor,Data Issue,8,32,4.88,False,0,False,4,Coordinated with third-party vendor / corrected payload mapping; retested integration.
INC101435,2025-10-20 19:39,2025-10-22 02:17,Integration/API,Third-Party Timeout,Order Management System,P4 - Low,Resolved,L3 Engineering,B. Meena,Support Team (Proactive),Code Defect,72,152,30.64,False,0,False,4,Coordinated with third-party vendor / corrected payload mapping; retested integration.
INC101269,2025-10-21 11:25,2025-10-22 00:06,Integration/API,API Failure,Payment Gateway,P3 - Medium,Resolved,L3 Engineering,T. Divya,Monitoring Alert,Capacity/Performance,24,77,12.69,False,0,False,5,Coordinated with third-party vendor / corrected payload mapping; retested integration.
INC100063,2025-10-21 11:34,2025-10-24 11:47,Batch Job Failure,Job Timeout,Order Management System,P3 - Medium,Resolved,App Dev Team,N. Fathima,End User,Data Issue,24,39,72.23,True,0,False,1,Re-triggered job after correcting input file; added validation check.
INC101443,2025-10-21 11:38,2025-10-21 12:47,Network,Latency,Payment Gateway,P1 - Critical,Resolved,L2 Support,N. Fathima,Support Team (Proactive),Infra Failure,4,15,1.16,False,0,False,4,Restarted network service / re-routed traffic; confirmed connectivity restored.
INC100447,2025-10-21 13:09,2025-10-25 13:14,Network,DNS Issue,CRM Portal,P4 - Low,Resolved,L2 Support,V. Prasad,Monitoring Alert,Code Defect,72,131,96.09,True,0,False,2,Restarted network service / re-routed traffic; confirmed connectivity restored.
INC100300,2025-10-21 15:55,2025-10-21 20:30,Security,Suspicious Login,Customer Support Portal,P2 - High,Resolved,L3 Engineering,J. Antony,End User,Code Defect,8,23,4.59,False,0,False,4,"Investigated alert, confirmed false positive / revoked access; updated certificate."
INC100916,2025-10-21 17:41,2025-10-23 19:12,Batch Job Failure,Job Timeout,Billing Engine,P4 - Low,Closed,App Dev Team,L. Chitra,Monitoring Alert,Third-Party Outage,72,201,49.52,False,0,False,4,Re-triggered job after correcting input file; added validation check.
INC102122,2025-10-21 18:22,2025-10-24 16:58,Access/Authentication,Password Reset,Order Management System,P3 - Medium,Resolved,L1 Support,V. Prasad,Customer,Code Defect,24,37,70.61,True,0,True,3,Reset credentials / corrected access role; user confirmed successful login.
INC101200,2025-10-22 11:17,2025-10-24 10:37,Batch Job Failure,Job Failed - Data Error,Payment Gateway,P4 - Low,Resolved,App Dev Team,B. Meena,Customer,User Error,72,237,47.34,False,0,False,5,Re-triggered job after correcting input file; added validation check.
INC100186,2025-10-22 14:08,2025-10-24 10:51,Network,Firewall Block,Inventory System,P4 - Low,Resolved,L2 Support,M. Kumar,Support Team (Proactive),Third-Party Outage,72,42,44.72,False,0,False,4,Restarted network service / re-routed traffic; confirmed connectivity restored.
INC101632,2025-10-22 17:09,2025-10-23 14:27,Security,Unauthorized Access Attempt,Core Banking App,P3 - Medium,Resolved,L3 Engineering,R. Iyer,Monitoring Alert,Configuration Error,24,28,21.31,False,0,False,3,"Investigated alert, confirmed false positive / revoked access; updated certificate."
INC101329,2025-10-22 17:17,2025-10-22 21:30,Hardware,Peripheral Not Detected,Reporting Dashboard,P3 - Medium,Reopened,L1 Support,V. Prasad,Monitoring Alert,Infra Failure,24,53,4.22,False,1,False,4,Replaced/reset device; confirmed functioning with end user.
INC100197,2025-10-22 18:49,2025-10-24 04:49,Database,Connection Pool Exhausted,Reporting Dashboard,P4 - Low,Resolved,L3 Engineering,R. Iyer,Customer,Unknown,72,106,34.01,False,0,False,5,Optimized query / cleared lock and restarted affected session; verified data integrity.
INC100216,2025-10-22 20:14,2025-10-23 01:45,Integration/API,Third-Party Timeout,Core Banking App,P2 - High,Resolved,App Dev Team,M. Kumar,End User,User Error,8,5,5.53,False,0,False,3,Coordinated with third-party vendor / corrected payload mapping; retested integration.
INC100080,2025-10-23 10:45,2025-10-23 14:17,Database,Deadlock,Inventory System,P1 - Critical,Resolved,L3 Engineering,J. Antony,Support Team (Proactive),Infra Failure,4,14,3.54,False,0,False,5,Optimized query / cleared lock and restarted affected session; verified data integrity.
INC100953,2025-10-23 13:33,2025-10-24 09:56,Performance,Report Load Timeout,Reporting Dashboard,P3 - Medium,Resolved,DBA Team,L. Chitra,Support Team (Proactive),Unknown,24,62,20.39,False,0,False,5,Tuned query/index or scaled resources; response time back within threshold.
INC102052,2025-10-23 13:45,2025-10-25 08:22,Application Issue,Feature Not Working,HR Portal,P4 - Low,Resolved,App Dev Team,T. Divya,Batch Job Monitor,Configuration Error,72,155,42.62,False,0,True,3,Identified faulty code path; deployed hotfix / config change and validated with user.
INC100380,2025-10-23 17:14,2025-10-24 10:06,Server/Infra,Disk Space Full,Payment Gateway,P3 - Medium,Resolved,L3 Engineering,M. Kumar,End User,Unknown,24,56,16.87,False,0,False,4,Freed disk space / restarted service; added monitoring alert to prevent recurrence.
INC101727,2025-10-23 17:18,2025-10-23 22:12,Network,Latency,Core Banking App,P2 - High,Resolved,Network Team,T. Divya,Customer,Data Issue,8,48,4.9,False,0,False,4,Restarted network service / re-routed traffic; confirmed connectivity restored.
INC100247,2025-10-23 17:40,2025-10-25 12:21,Access/Authentication,SSO Error,Billing Engine,P3 - Medium,Reopened,L1 Support,V. Prasad,Customer,Third-Party Outage,24,16,42.69,True,1,False,2,Reset credentials / corrected access role; user confirmed successful login.
INC101945,2025-10-23 19:52,2025-10-24 15:25,Application Issue,UI Error,Reporting Dashboard,P3 - Medium,Reopened,App Dev Team,J. Antony,Monitoring Alert,User Error,24,39,19.55,False,1,False,4,Identified faulty code path; deployed hotfix / config change and validated with user.
INC101433,2025-10-23 20:21,2025-10-23 23:23,Server/Infra,Server Down,Reporting Dashboard,P2 - High,Closed,L3 Engineering,J. Antony,End User,User Error,8,21,3.04,False,0,True,3,Freed disk space / restarted service; added monitoring alert to prevent recurrence.
INC101879,2025-10-23 21:49,2025-10-24 04:12,Hardware,Workstation Failure,Billing Engine,P2 - High,Closed,L1 Support,R. Iyer,Batch Job Monitor,Third-Party Outage,8,34,6.39,False,0,False,5,Replaced/reset device; confirmed functioning with end user.
INC100668,2025-10-24 10:24,2025-10-25 03:48,Network,VPN Failure,Payment Gateway,P2 - High,Resolved,Network Team,K. Suresh,Customer,Configuration Error,8,23,17.4,True,0,False,4,Restarted network service / re-routed traffic; confirmed connectivity restored.
INC100483,2025-10-24 21:20,2025-10-25 00:44,Performance,Page Load Delay,Order Management System,P2 - High,Resolved,L3 Engineering,N. Fathima,End User,Configuration Error,8,15,3.4,False,0,True,3,Tuned query/index or scaled resources; response time back within threshold.
INC100820,2025-10-25 00:39,2025-10-26 08:39,Application Issue,UI Error,Core Banking App,P4 - Low,Resolved,App Dev Team,N. Fathima,Customer,Infra Failure,72,140,32.0,False,0,False,5,Identified faulty code path; deployed hotfix / config change and validated with user.
INC101540,2025-10-25 05:45,2025-10-25 22:10,Server/Infra,Memory Leak,Payment Gateway,P4 - Low,Resolved,Network Team,K. Suresh,Support Team (Proactive),User Error,72,79,16.43,False,0,False,5,Freed disk space / restarted service; added monitoring alert to prevent recurrence.
INC100818,2025-10-25 12:12,2025-10-26 12:14,Security,Vulnerability Alert,Order Management System,P4 - Low,Closed,L3 Engineering,T. Divya,Customer,Code Defect,72,197,24.04,False,0,False,5,"Investigated alert, confirmed false positive / revoked access; updated certificate."
INC100976,2025-10-25 12:53,2025-10-26 12:03,Database,Deadlock,CRM Portal,P2 - High,Closed,DBA Team,P. Arjun,Batch Job Monitor,Configuration Error,8,48,23.18,True,0,False,3,Optimized query / cleared lock and restarted affected session; verified data integrity.
INC102199,2025-10-25 14:36,2025-10-25 19:52,Performance,Page Load Delay,Order Management System,P2 - High,Resolved,L3 Engineering,S. Priya,Monitoring Alert,Code Defect,8,21,5.28,False,0,False,5,Tuned query/index or scaled resources; response time back within threshold.
INC102028,2025-10-25 16:51,2025-10-26 10:16,Batch Job Failure,Job Not Triggered,Billing Engine,P3 - Medium,Resolved,App Dev Team,J. Antony,Batch Job Monitor,Data Issue,24,60,17.43,False,0,False,5,Re-triggered job after correcting input file; added validation check.
INC101426,2025-10-25 19:44,2025-10-26 15:41,Batch Job Failure,Duplicate Run,Auth Service,P3 - Medium,Resolved,App Dev Team,T. Divya,Batch Job Monitor,User Error,24,74,19.95,False,0,True,4,Re-triggered job after correcting input file; added validation check.
INC100997,2025-10-25 21:16,2025-10-26 00:24,Integration/API,Payload Mismatch,Core Banking App,P1 - Critical,Resolved,App Dev Team,S. Priya,Support Team (Proactive),Configuration Error,4,13,3.14,False,0,False,3,Coordinated with third-party vendor / corrected payload mapping; retested integration.
INC101841,2025-10-26 09:53,2025-10-27 04:23,Application Issue,Application Crash,Inventory System,P3 - Medium,Resolved,L2 Support,L. Chitra,Support Team (Proactive),Code Defect,24,18,18.51,False,0,False,4,Identified faulty code path; deployed hotfix / config change and validated with user.
INC100066,2025-10-26 12:39,2025-10-27 01:39,Application Issue,Feature Not Working,Core Banking App,P3 - Medium,Closed,L2 Support,N. Fathima,Customer,Capacity/Performance,24,72,13.01,False,0,True,3,Identified faulty code path; deployed hotfix / config change and validated with user.
INC100562,2025-10-26 14:38,2025-10-26 17:48,Batch Job Failure,Job Timeout,CRM Portal,P2 - High,Resolved,App Dev Team,S. Priya,Monitoring Alert,Code Defect,8,38,3.18,False,0,True,4,Re-triggered job after correcting input file; added validation check.
INC100065,2025-10-27 09:08,2025-10-29 14:53,Application Issue,Feature Not Working,Order Management System,P4 - Low,Resolved,App Dev Team,A. Rangan,Monitoring Alert,User Error,72,292,53.75,False,0,False,5,Identified faulty code path; deployed hotfix / config change and validated with user.
INC101534,2025-10-27 15:50,2025-10-28 07:33,Batch Job Failure,Duplicate Run,Payment Gateway,P3 - Medium,Resolved,App Dev Team,A. Rangan,Customer,Configuration Error,24,47,15.73,False,0,False,5,Re-triggered job after correcting input file; added validation check.
INC102097,2025-10-28 10:09,2025-10-31 07:45,Integration/API,Third-Party Timeout,Billing Engine,P3 - Medium,Resolved,L3 Engineering,T. Divya,Customer,Configuration Error,24,100,69.61,True,0,False,3,Coordinated with third-party vendor / corrected payload mapping; retested integration.
INC101866,2025-10-28 10:43,2025-10-28 14:05,Batch Job Failure,Duplicate Run,Order Management System,P1 - Critical,Resolved,L3 Engineering,S. Priya,End User,Code Defect,4,15,3.38,False,0,False,4,Re-triggered job after correcting input file; added validation check.
INC100929,2025-10-28 18:33,2025-10-29 16:35,Application Issue,Application Crash,Reporting Dashboard,P3 - Medium,Closed,App Dev Team,P. Arjun,Customer,User Error,24,54,22.04,False,0,False,5,Identified faulty code path; deployed hotfix / config change and validated with user.
INC100125,2025-10-28 19:26,2025-10-29 18:39,Security,Suspicious Login,Payment Gateway,P2 - High,Resolved,Network Team,B. Meena,End User,Unknown,8,12,23.23,True,0,False,2,"Investigated alert, confirmed false positive / revoked access; updated certificate."
INC101939,2025-10-29 10:47,2025-10-30 06:42,Application Issue,Application Crash,HR Portal,P3 - Medium,Resolved,App Dev Team,L. Chitra,Batch Job Monitor,Code Defect,24,61,19.93,False,0,False,4,Identified faulty code path; deployed hotfix / config change and validated with user.
INC100422,2025-10-29 16:11,2025-10-29 18:13,Network,Firewall Block,Auth Service,P1 - Critical,Closed,L2 Support,T. Divya,Support Team (Proactive),Unknown,4,15,2.04,False,0,False,4,Restarted network service / re-routed traffic; confirmed connectivity restored.
INC101484,2025-10-29 19:12,2025-11-01 01:55,Application Issue,Application Crash,Reporting Dashboard,P4 - Low,Closed,App Dev Team,P. Arjun,Monitoring Alert,Capacity/Performance,72,118,54.73,False,0,True,5,Identified faulty code path; deployed hotfix / config change and validated with user.
INC101479,2025-10-29 21:40,2025-10-30 01:32,Security,Suspicious Login,Reporting Dashboard,P2 - High,Resolved,Network Team,L. Chitra,End User,Code Defect,8,39,3.88,False,0,False,2,"Investigated alert, confirmed false positive / revoked access; updated certificate."
INC100836,2025-10-30 11:08,2025-10-30 16:46,Security,Suspicious Login,Reporting Dashboard,P3 - Medium,Resolved,L3 Engineering,A. Rangan,Support Team (Proactive),Third-Party Outage,24,107,5.64,False,0,False,4,"Investigated alert, confirmed false positive / revoked access; updated certificate."
INC100170,2025-10-31 09:21,2025-11-03 13:35,Performance,API Latency,HR Portal,P3 - Medium,Resolved,L3 Engineering,N. Fathima,Customer,Third-Party Outage,24,53,76.24,True,0,False,2,Tuned query/index or scaled resources; response time back within threshold.
INC101088,2025-10-31 11:16,2025-11-01 07:11,Server/Infra,Memory Leak,Reporting Dashboard,P3 - Medium,Resolved,Network Team,R. Iyer,Monitoring Alert,Configuration Error,24,41,19.92,False,0,False,5,Freed disk space / restarted service; added monitoring alert to prevent recurrence.
INC101779,2025-10-31 12:03,2025-11-01 03:28,Integration/API,Webhook Not Firing,Customer Support Portal,P3 - Medium,Reopened,App Dev Team,A. Rangan,Monitoring Alert,Infra Failure,24,46,15.43,False,1,True,3,Coordinated with third-party vendor / corrected payload mapping; retested integration.
INC101095,2025-10-31 15:07,2025-11-01 19:43,Access/Authentication,Login Failure,HR Portal,P4 - Low,Resolved,L1 Support,K. Suresh,Monitoring Alert,Capacity/Performance,72,204,28.6,False,0,False,2,Reset credentials / corrected access role; user confirmed successful login.
INC100249,2025-10-31 15:51,2025-10-31 21:54,Batch Job Failure,Job Timeout,Inventory System,P3 - Medium,Resolved,L3 Engineering,K. Suresh,Support Team (Proactive),Infra Failure,24,45,6.06,False,0,False,3,Re-triggered job after correcting input file; added validation check.
INC101983,2025-11-01 11:25,2025-11-02 13:31,Server/Infra,Memory Leak,Customer Support Portal,P4 - Low,Closed,L3 Engineering,T. Divya,End User,Code Defect,72,145,26.1,False,0,False,4,Freed disk space / restarted service; added monitoring alert to prevent recurrence.
INC101926,2025-11-01 19:11,2025-11-03 02:56,Server/Infra,Memory Leak,Order Management System,P4 - Low,Resolved,L3 Engineering,M. Kumar,Monitoring Alert,Unknown,72,284,31.76,False,0,False,4,Freed disk space / restarted service; added monitoring alert to prevent recurrence.
INC101876,2025-11-02 11:55,2025-11-02 18:58,Server/Infra,CPU Spike,CRM Portal,P2 - High,Resolved,Network Team,T. Divya,Support Team (Proactive),Unknown,8,19,7.06,False,0,False,5,Freed disk space / restarted service; added monitoring alert to prevent recurrence.
INC100584,2025-11-02 13:16,2025-11-02 17:07,Network,VPN Failure,Reporting Dashboard,P2 - High,Resolved,Network Team,V. Prasad,End User,Unknown,8,27,3.85,False,0,False,4,Restarted network service / re-routed traffic; confirmed connectivity restored.
INC100615,2025-11-02 19:32,2025-11-02 23:15,Application Issue,Application Crash,Customer Support Portal,P3 - Medium,Resolved,App Dev Team,M. Kumar,Monitoring Alert,Infra Failure,24,53,3.72,False,0,True,5,Identified faulty code path; deployed hotfix / config change and validated with user.
INC101387,2025-11-02 19:36,2025-11-03 17:24,Batch Job Failure,Job Not Triggered,Inventory System,P3 - Medium,Closed,L3 Engineering,L. Chitra,Support Team (Proactive),Configuration Error,24,36,21.81,False,0,False,3,Re-triggered job after correcting input file; added validation check.
INC100049,2025-11-02 19:38,2025-11-03 08:48,Server/Infra,CPU Spike,Core Banking App,P3 - Medium,Resolved,Network Team,S. Priya,Monitoring Alert,Configuration Error,24,48,13.17,False,0,False,4,Freed disk space / restarted service; added monitoring alert to prevent recurrence.
INC100028,2025-11-02 21:29,2025-11-04 11:37,Hardware,Peripheral Not Detected,Inventory System,P4 - Low,Resolved,L1 Support,J. Antony,Customer,Infra Failure,72,130,38.14,False,0,False,3,Replaced/reset device; confirmed functioning with end user.
INC102041,2025-11-03 03:43,2025-11-03 09:47,Batch Job Failure,Job Not Triggered,CRM Portal,P2 - High,Reopened,L3 Engineering,L. Chitra,End User,User Error,8,30,6.08,False,1,False,2,Re-triggered job after correcting input file; added validation check.
INC100445,2025-11-03 10:12,2025-11-03 22:05,Security,Suspicious Login,Customer Support Portal,P4 - Low,Closed,Network Team,N. Fathima,Support Team (Proactive),Code Defect,72,302,11.89,False,0,False,3,"Investigated alert, confirmed false positive / revoked access; updated certificate."
INC101496,2025-11-03 11:21,2025-11-04 09:33,Application Issue,UI Error,Auth Service,P3 - Medium,Resolved,L2 Support,N. Fathima,Batch Job Monitor,Infra Failure,24,81,22.21,False,0,False,4,Identified faulty code path; deployed hotfix / config change and validated with user.
INC100524,2025-11-03 19:35,2025-11-04 03:30,Performance,Slow Response Time,Payment Gateway,P3 - Medium,Resolved,DBA Team,T. Divya,Batch Job Monitor,Infra Failure,24,66,7.93,False,0,False,4,Tuned query/index or scaled resources; response time back within threshold.
INC100491,2025-11-03 20:27,2025-11-03 23:22,Server/Infra,Disk Space Full,Reporting Dashboard,P1 - Critical,Reopened,Network Team,R. Iyer,Monitoring Alert,Infra Failure,4,7,2.92,False,1,False,3,Freed disk space / restarted service; added monitoring alert to prevent recurrence.
INC100086,2025-11-03 21:10,2025-11-06 13:34,Access/Authentication,Permission Denied,CRM Portal,P4 - Low,Resolved,L2 Support,S. Priya,Monitoring Alert,Unknown,72,163,64.4,False,0,False,4,Reset credentials / corrected access role; user confirmed successful login.
INC100646,2025-11-04 07:49,2025-11-04 21:07,Performance,Report Load Timeout,HR Portal,P3 - Medium,Resolved,DBA Team,T. Divya,End User,Configuration Error,24,42,13.3,False,0,False,4,Tuned query/index or scaled resources; response time back within threshold.
INC100653,2025-11-04 09:58,2025-11-06 10:17,Database,Query Timeout,Auth Service,P3 - Medium,Resolved,L3 Engineering,R. Iyer,End User,Infra Failure,24,98,48.33,True,0,False,4,Optimized query / cleared lock and restarted affected session; verified data integrity.
INC101052,2025-11-04 11:31,2025-11-07 02:04,Application Issue,UI Error,Core Banking App,P4 - Low,Resolved,L2 Support,P. Arjun,Customer,Data Issue,72,277,62.55,False,0,False,5,Identified faulty code path; deployed hotfix / config change and validated with user.
INC101594,2025-11-04 15:31,2025-11-05 21:25,Application Issue,Feature Not Working,Customer Support Portal,P4 - Low,Resolved,App Dev Team,P. Arjun,Support Team (Proactive),Capacity/Performance,72,58,29.91,False,0,False,3,Identified faulty code path; deployed hotfix / config change and validated with user.
INC100561,2025-11-04 15:39,2025-11-04 22:24,Application Issue,Application Crash,Customer Support Portal,P3 - Medium,Closed,L2 Support,L. Chitra,Customer,Unknown,24,46,6.76,False,0,False,4,Identified faulty code path; deployed hotfix / config change and validated with user.
INC101453,2025-11-04 17:45,2025-11-05 14:32,Access/Authentication,Login Failure,Customer Support Portal,P3 - Medium,Closed,L1 Support,P. Arjun,Customer,Capacity/Performance,24,54,20.79,False,0,True,3,Reset credentials / corrected access role; user confirmed successful login.
INC101744,2025-11-04 19:58,2025-11-05 15:08,Batch Job Failure,Duplicate Run,Order Management System,P4 - Low,Resolved,App Dev Team,J. Antony,Customer,Third-Party Outage,72,63,19.18,False,0,False,4,Re-triggered job after correcting input file; added validation check.
INC100840,2025-11-05 04:55,2025-11-06 00:25,Database,Data Corruption,Payment Gateway,P3 - Medium,Resolved,DBA Team,K. Suresh,Customer,Third-Party Outage,24,61,19.5,False,0,True,5,Optimized query / cleared lock and restarted affected session; verified data integrity.
INC100779,2025-11-05 09:30,2025-11-05 11:36,Integration/API,API Failure,Core Banking App,P2 - High,Resolved,L3 Engineering,M. Kumar,End User,Configuration Error,8,25,2.11,False,0,False,2,Coordinated with third-party vendor / corrected payload mapping; retested integration.
INC100187,2025-11-05 09:44,2025-11-07 05:06,Security,Unauthorized Access Attempt,Billing Engine,P4 - Low,Reopened,Network Team,M. Kumar,Support Team (Proactive),Third-Party Outage,72,345,43.38,False,1,False,1,"Investigated alert, confirmed false positive / revoked access; updated certificate."
INC101483,2025-11-05 09:51,2025-11-05 12:14,Application Issue,Application Crash,Auth Service,P1 - Critical,Resolved,L2 Support,S. Priya,Batch Job Monitor,Capacity/Performance,4,13,2.39,False,0,False,3,Identified faulty code path; deployed hotfix / config change and validated with user.
INC101082,2025-11-05 10:15,2025-11-05 12:07,Batch Job Failure,Job Failed - Data Error,CRM Portal,P1 - Critical,Resolved,App Dev Team,V. Prasad,Batch Job Monitor,Code Defect,4,19,1.87,False,0,True,5,Re-triggered job after correcting input file; added validation check.
INC101731,2025-11-05 11:13,2025-11-05 13:53,Application Issue,UI Error,Core Banking App,P2 - High,Resolved,App Dev Team,M. Kumar,Monitoring Alert,Data Issue,8,22,2.68,False,0,False,3,Identified faulty code path; deployed hotfix / config change and validated with user.
INC101100,2025-11-05 11:20,2025-11-05 13:55,Integration/API,Webhook Not Firing,Core Banking App,P2 - High,Resolved,L3 Engineering,K. Suresh,Support Team (Proactive),Configuration Error,8,13,2.59,False,0,False,5,Coordinated with third-party vendor / corrected payload mapping; retested integration.
INC102095,2025-11-05 11:29,2025-11-06 12:39,Application Issue,Application Crash,Reporting Dashboard,P4 - Low,Resolved,L2 Support,P. Arjun,End User,Data Issue,72,281,25.17,False,0,False,3,Identified faulty code path; deployed hotfix / config change and validated with user.
INC100581,2025-11-05 12:46,2025-11-07 08:47,Network,Firewall Block,Customer Support Portal,P4 - Low,Resolved,Network Team,V. Prasad,Monitoring Alert,Configuration Error,72,170,44.03,False,0,False,5,Restarted network service / re-routed traffic; confirmed connectivity restored.
INC101137,2025-11-06 09:07,2025-11-16 07:15,Hardware,Device Offline,Core Banking App,P4 - Low,Reopened,L1 Support,L. Chitra,Batch Job Monitor,Capacity/Performance,72,221,238.14,True,1,False,1,Replaced/reset device; confirmed functioning with end user.
INC100100,2025-11-06 09:53,2025-11-06 23:26,Database,Deadlock,CRM Portal,P3 - Medium,Resolved,L3 Engineering,L. Chitra,Monitoring Alert,Third-Party Outage,24,71,13.56,False,0,False,3,Optimized query / cleared lock and restarted affected session; verified data integrity.
INC101228,2025-11-06 10:59,2025-11-08 21:35,Security,Unauthorized Access Attempt,Auth Service,P4 - Low,Resolved,L3 Engineering,J. Antony,Batch Job Monitor,User Error,72,88,58.6,False,0,False,4,"Investigated alert, confirmed false positive / revoked access; updated certificate."
INC100211,2025-11-06 17:37,2025-11-07 21:32,Access/Authentication,Password Reset,Core Banking App,P2 - High,Resolved,L2 Support,R. Iyer,Customer,Third-Party Outage,8,11,27.93,True,0,False,4,Reset credentials / corrected access role; user confirmed successful login.
INC101899,2025-11-06 18:37,2025-11-07 16:30,Network,Firewall Block,Order Management System,P3 - Medium,Resolved,L2 Support,V. Prasad,Monitoring Alert,Infra Failure,24,40,21.89,False,0,False,3,Restarted network service / re-routed traffic; confirmed connectivity restored.
INC100984,2025-11-06 21:43,2025-11-10 19:28,Database,Deadlock,Auth Service,P4 - Low,Closed,DBA Team,J. Antony,Monitoring Alert,Infra Failure,72,290,93.76,True,0,False,3,Optimized query / cleared lock and restarted affected session; verified data integrity.
INC100717,2025-11-07 09:13,2025-11-07 15:03,Server/Infra,CPU Spike,Billing Engine,P3 - Medium,Resolved,Network Team,N. Fathima,End User,Code Defect,24,45,5.84,False,0,False,3,Freed disk space / restarted service; added monitoring alert to prevent recurrence.
INC100970,2025-11-07 09:17,2025-11-07 14:03,Batch Job Failure,Job Failed - Data Error,Customer Support Portal,P2 - High,Closed,L3 Engineering,V. Prasad,Monitoring Alert,Infra Failure,8,33,4.77,False,0,False,5,Re-triggered job after correcting input file; added validation check.
INC100813,2025-11-07 10:08,2025-11-09 13:02,Network,VPN Failure,Order Management System,P3 - Medium,Resolved,Network Team,T. Divya,Batch Job Monitor,Third-Party Outage,24,79,50.91,True,0,False,3,Restarted network service / re-routed traffic; confirmed connectivity restored.
INC100338,2025-11-07 13:54,2025-11-07 20:52,Access/Authentication,Login Failure,Billing Engine,P3 - Medium,Closed,L1 Support,B. Meena,Monitoring Alert,Unknown,24,28,6.97,False,0,False,3,Reset credentials / corrected access role; user confirmed successful login.
INC100059,2025-11-07 14:33,2025-11-08 14:21,Hardware,Peripheral Not Detected,HR Portal,P4 - Low,Resolved,L1 Support,R. Iyer,Batch Job Monitor,Configuration Error,72,152,23.8,False,0,False,5,Replaced/reset device; confirmed functioning with end user.
INC101505,2025-11-07 19:00,2025-11-07 21:30,Access/Authentication,SSO Error,CRM Portal,P1 - Critical,Closed,L1 Support,R. Iyer,Monitoring Alert,Third-Party Outage,4,12,2.51,False,0,False,5,Reset credentials / corrected access role; user confirmed successful login.
INC101875,2025-11-07 19:14,2025-11-09 23:51,Application Issue,Data Mismatch,Reporting Dashboard,P3 - Medium,Closed,L2 Support,V. Prasad,Batch Job Monitor,Unknown,24,53,52.63,True,0,True,1,Identified faulty code path; deployed hotfix / config change and validated with user.
INC100158,2025-11-07 20:20,2025-11-08 12:06,Server/Infra,Memory Leak,Billing Engine,P3 - Medium,Closed,Network Team,P. Arjun,Customer,Capacity/Performance,24,90,15.77,False,0,False,3,Freed disk space / restarted service; added monitoring alert to prevent recurrence.
INC101048,2025-11-07 20:48,2025-11-09 15:28,Batch Job Failure,Duplicate Run,Customer Support Portal,P4 - Low,Resolved,App Dev Team,V. Prasad,End User,User Error,72,102,42.67,False,0,False,5,Re-triggered job after correcting input file; added validation check.
INC101378,2025-11-07 21:09,2025-11-08 12:24,Security,Certificate Expiry,Billing Engine,P3 - Medium,Resolved,Network Team,K. Suresh,Batch Job Monitor,Capacity/Performance,24,47,15.26,False,0,False,2,"Investigated alert, confirmed false positive / revoked access; updated certificate."
INC100522,2025-11-08 12:37,2025-11-08 17:58,Batch Job Failure,Job Not Triggered,Billing Engine,P2 - High,Resolved,L3 Engineering,S. Priya,Support Team (Proactive),User Error,8,11,5.36,False,0,False,4,Re-triggered job after correcting input file; added validation check.
INC100117,2025-11-08 14:17,2025-11-09 08:25,Server/Infra,Disk Space Full,Inventory System,P3 - Medium,Resolved,Network Team,L. Chitra,Monitoring Alert,Code Defect,24,56,18.14,False,0,False,5,Freed disk space / restarted service; added monitoring alert to prevent recurrence.
INC100690,2025-11-08 14:57,2025-11-09 06:13,Access/Authentication,Permission Denied,Customer Support Portal,P3 - Medium,Closed,L1 Support,T. Divya,Customer,Code Defect,24,41,15.28,False,0,False,4,Reset credentials / corrected access role; user confirmed successful login.
INC100546,2025-11-08 18:18,2025-11-08 22:12,Batch Job Failure,Job Timeout,Core Banking App,P3 - Medium,Resolved,L3 Engineering,K. Suresh,Batch Job Monitor,Infra Failure,24,60,3.9,False,0,False,5,Re-triggered job after correcting input file; added validation check.
INC100492,2025-11-08 19:50,2025-11-09 09:47,Application Issue,Data Mismatch,HR Portal,P3 - Medium,Closed,L2 Support,K. Suresh,Batch Job Monitor,Third-Party Outage,24,84,13.95,False,0,False,5,Identified faulty code path; deployed hotfix / config change and validated with user.
INC100378,2025-11-09 09:17,2025-11-10 03:36,Batch Job Failure,Duplicate Run,Reporting Dashboard,P3 - Medium,Resolved,App Dev Team,R. Iyer,Batch Job Monitor,Configuration Error,24,57,18.32,False,0,False,3,Re-triggered job after correcting input file; added validation check.
INC101080,2025-11-09 11:03,2025-11-09 17:45,Access/Authentication,Login Failure,Inventory System,P2 - High,Closed,L2 Support,P. Arjun,Monitoring Alert,Infra Failure,8,25,6.71,False,0,False,2,Reset credentials / corrected access role; user confirmed successful login.
INC100906,2025-11-09 12:13,2025-11-09 13:07,Batch Job Failure,Job Timeout,Core Banking App,P1 - Critical,Reopened,L3 Engineering,S. Priya,Batch Job Monitor,Unknown,4,16,0.9,False,1,True,3,Re-triggered job after correcting input file; added validation check.
INC100772,2025-11-09 12:18,2025-11-10 01:11,Performance,Page Load Delay,Payment Gateway,P3 - Medium,Resolved,DBA Team,A. Rangan,Customer,Configuration Error,24,43,12.89,False,0,False,4,Tuned query/index or scaled resources; response time back within threshold.
INC100309,2025-11-09 14:28,2025-11-10 07:51,Application Issue,Application Crash,Order Management System,P3 - Medium,Resolved,App Dev Team,S. Priya,Batch Job Monitor,Third-Party Outage,24,41,17.39,False,0,False,3,Identified faulty code path; deployed hotfix / config change and validated with user.
INC100791,2025-11-09 15:24,2025-11-11 16:53,Integration/API,Webhook Not Firing,Billing Engine,P4 - Low,Resolved,L3 Engineering,N. Fathima,Support Team (Proactive),Infra Failure,72,166,49.49,False,0,True,4,Coordinated with third-party vendor / corrected payload mapping; retested integration.
INC101554,2025-11-09 16:13,2025-11-10 07:07,Access/Authentication,SSO Error,Billing Engine,P3 - Medium,Resolved,L2 Support,P. Arjun,Customer,Capacity/Performance,24,71,14.91,False,0,True,4,Reset credentials / corrected access role; user confirmed successful login.
INC101956,2025-11-09 17:31,2025-11-12 00:52,Network,Latency,Order Management System,P4 - Low,Resolved,L2 Support,K. Suresh,Monitoring Alert,Unknown,72,100,55.36,False,0,False,4,Restarted network service / re-routed traffic; confirmed connectivity restored.
INC101160,2025-11-09 18:01,2025-11-11 22:59,Integration/API,Third-Party Timeout,CRM Portal,P3 - Medium,Resolved,L3 Engineering,V. Prasad,Support Team (Proactive),User Error,24,74,52.97,True,0,False,3,Coordinated with third-party vendor / corrected payload mapping; retested integration.
INC100509,2025-11-09 20:46,2025-11-12 01:57,Integration/API,API Failure,Reporting Dashboard,P4 - Low,Resolved,App Dev Team,B. Meena,Support Team (Proactive),Configuration Error,72,136,53.19,False,0,False,4,Coordinated with third-party vendor / corrected payload mapping; retested integration.
INC100074,2025-11-10 13:20,2025-11-11 08:56,Database,Query Timeout,Auth Service,P3 - Medium,Closed,DBA Team,M. Kumar,Customer,Data Issue,24,56,19.6,False,0,False,3,Optimized query / cleared lock and restarted affected session; verified data integrity.
INC101633,2025-11-10 14:10,2025-11-11 15:40,Performance,Slow Response Time,Payment Gateway,P2 - High,Reopened,DBA Team,B. Meena,End User,Unknown,8,19,25.51,True,1,False,2,Tuned query/index or scaled resources; response time back within threshold.
INC101183,2025-11-10 17:12,2025-11-11 09:42,Security,Unauthorized Access Attempt,Inventory System,P4 - Low,Resolved,Network Team,T. Divya,Support Team (Proactive),User Error,72,228,16.5,False,0,False,5,"Investigated alert, confirmed false positive / revoked access; updated certificate."
INC101728,2025-11-11 12:58,2025-11-11 14:56,Network,VPN Failure,Inventory System,P1 - Critical,Resolved,Network Team,S. Priya,Monitoring Alert,Unknown,4,14,1.97,False,0,False,5,Restarted network service / re-routed traffic; confirmed connectivity restored.
INC100862,2025-11-11 13:25,2025-11-11 15:30,Server/Infra,CPU Spike,Order Management System,P1 - Critical,Closed,Network Team,R. Iyer,Customer,Capacity/Performance,4,8,2.09,False,0,False,4,Freed disk space / restarted service; added monitoring alert to prevent recurrence.
INC100803,2025-11-11 15:55,2025-11-12 00:43,Network,Firewall Block,Auth Service,P3 - Medium,Resolved,Network Team,M. Kumar,Support Team (Proactive),Infra Failure,24,60,8.8,False,0,False,4,Restarted network service / re-routed traffic; confirmed connectivity restored.
INC101586,2025-11-11 19:40,2025-11-12 06:07,Batch Job Failure,Duplicate Run,CRM Portal,P2 - High,Resolved,L3 Engineering,A. Rangan,Monitoring Alert,Infra Failure,8,16,10.46,True,0,False,3,Re-triggered job after correcting input file; added validation check.
INC100175,2025-11-12 10:02,2025-11-13 00:59,Server/Infra,Memory Leak,Reporting Dashboard,P3 - Medium,Resolved,Network Team,L. Chitra,End User,Configuration Error,24,25,14.96,False,0,True,5,Freed disk space / restarted service; added monitoring alert to prevent recurrence.
INC100634,2025-11-12 12:44,2025-11-13 16:50,Integration/API,Payload Mismatch,Core Banking App,P4 - Low,Reopened,L3 Engineering,A. Rangan,Batch Job Monitor,User Error,72,107,28.1,False,1,False,1,Coordinated with third-party vendor / corrected payload mapping; retested integration.
INC101758,2025-11-12 13:56,2025-11-12 17:17,Security,Suspicious Login,CRM Portal,P2 - High,Resolved,Network Team,A. Rangan,Support Team (Proactive),Unknown,8,26,3.36,False,0,False,3,"Investigated alert, confirmed false positive / revoked access; updated certificate."
INC100688,2025-11-12 14:25,2025-11-12 21:23,Network,Firewall Block,CRM Portal,P1 - Critical,Resolved,Network Team,M. Kumar,Batch Job Monitor,User Error,4,10,6.97,True,0,False,1,Restarted network service / re-routed traffic; confirmed connectivity restored.
INC100771,2025-11-12 16:12,2025-11-13 05:49,Performance,Slow Response Time,Inventory System,P3 - Medium,Closed,L3 Engineering,J. Antony,End User,Third-Party Outage,24,86,13.62,False,0,False,4,Tuned query/index or scaled resources; response time back within threshold.
INC101561,2025-11-12 18:24,2025-11-12 22:32,Security,Vulnerability Alert,Billing Engine,P2 - High,Resolved,Network Team,A. Rangan,Batch Job Monitor,Third-Party Outage,8,37,4.14,False,0,True,5,"Investigated alert, confirmed false positive / revoked access; updated certificate."
INC100942,2025-11-12 18:39,2025-11-12 20:06,Performance,API Latency,CRM Portal,P1 - Critical,Closed,DBA Team,B. Meena,Batch Job Monitor,Infra Failure,4,2,1.45,False,0,False,4,Tuned query/index or scaled resources; response time back within threshold.
INC102191,2025-11-12 18:44,2025-11-13 00:22,Batch Job Failure,Job Failed - Data Error,Core Banking App,P3 - Medium,Closed,App Dev Team,B. Meena,Batch Job Monitor,Configuration Error,24,75,5.64,False,0,False,5,Re-triggered job after correcting input file; added validation check.
INC101732,2025-11-12 20:17,2025-11-13 10:38,Server/Infra,Memory Leak,Order Management System,P3 - Medium,Closed,L3 Engineering,V. Prasad,Support Team (Proactive),Infra Failure,24,72,14.36,False,0,False,3,Freed disk space / restarted service; added monitoring alert to prevent recurrence.
INC101046,2025-11-12 20:36,2025-11-13 01:22,Security,Unauthorized Access Attempt,Billing Engine,P2 - High,Resolved,L3 Engineering,A. Rangan,Support Team (Proactive),Data Issue,8,24,4.77,False,0,True,4,"Investigated alert, confirmed false positive / revoked access; updated certificate."
INC101455,2025-11-13 13:20,2025-11-14 23:47,Batch Job Failure,Job Failed - Data Error,Order Management System,P4 - Low,Resolved,L3 Engineering,T. Divya,Customer,Third-Party Outage,72,244,34.46,False,0,False,4,Re-triggered job after correcting input file; added validation check.
INC101447,2025-11-13 13:50,2025-11-14 05:32,Batch Job Failure,Job Failed - Data Error,Order Management System,P2 - High,Resolved,App Dev Team,V. Prasad,Customer,Unknown,8,35,15.7,True,0,False,4,Re-triggered job after correcting input file; added validation check.
INC101400,2025-11-13 18:42,2025-11-17 14:36,Server/Infra,CPU Spike,Payment Gateway,P4 - Low,Resolved,Network Team,R. Iyer,Monitoring Alert,Data Issue,72,197,91.9,True,0,False,1,Freed disk space / restarted service; added monitoring alert to prevent recurrence.
INC100053,2025-11-13 19:09,2025-11-15 03:50,Database,Data Corruption,HR Portal,P4 - Low,Resolved,L3 Engineering,B. Meena,Customer,Configuration Error,72,264,32.69,False,0,False,5,Optimized query / cleared lock and restarted affected session; verified data integrity.
INC101207,2025-11-14 09:18,2025-11-14 14:28,Network,Latency,Payment Gateway,P3 - Medium,Reopened,L2 Support,A. Rangan,Monitoring Alert,Third-Party Outage,24,82,5.18,False,1,False,5,Restarted network service / re-routed traffic; confirmed connectivity restored.
INC101539,2025-11-14 10:06,2025-11-14 16:37,Integration/API,Third-Party Timeout,Billing Engine,P2 - High,Closed,App Dev Team,T. Divya,Support Team (Proactive),Configuration Error,8,11,6.52,False,0,False,5,Coordinated with third-party vendor / corrected payload mapping; retested integration.
INC101008,2025-11-15 02:28,2025-11-16 06:47,Application Issue,Feature Not Working,Customer Support Portal,P4 - Low,Resolved,L2 Support,S. Priya,Support Team (Proactive),Capacity/Performance,72,261,28.32,False,0,False,5,Identified faulty code path; deployed hotfix / config change and validated with user.
INC101214,2025-11-15 11:57,2025-11-16 20:27,Batch Job Failure,Job Timeout,Order Management System,P4 - Low,Closed,App Dev Team,A. Rangan,End User,Code Defect,72,285,32.51,False,0,False,5,Re-triggered job after correcting input file; added validation check.
INC101971,2025-11-15 15:43,2025-11-18 15:17,Access/Authentication,Permission Denied,Reporting Dashboard,P3 - Medium,Closed,L2 Support,L. Chitra,End User,Code Defect,24,63,71.57,True,0,False,2,Reset credentials / corrected access role; user confirmed successful login.
INC101411,2025-11-15 16:37,2025-11-15 23:59,Server/Infra,Disk Space Full,Reporting Dashboard,P3 - Medium,Resolved,L3 Engineering,P. Arjun,Support Team (Proactive),Configuration Error,24,101,7.38,False,0,True,2,Freed disk space / restarted service; added monitoring alert to prevent recurrence.
INC100499,2025-11-15 16:43,2025-11-15 21:40,Network,DNS Issue,Billing Engine,P2 - High,Closed,Network Team,A. Rangan,End User,Configuration Error,8,11,4.95,False,0,False,4,Restarted network service / re-routed traffic; confirmed connectivity restored.
INC101888,2025-11-15 18:17,2025-11-16 02:58,Access/Authentication,Password Reset,HR Portal,P3 - Medium,Closed,L1 Support,R. Iyer,End User,Unknown,24,73,8.69,False,0,False,5,Reset credentials / corrected access role; user confirmed successful login.
INC101766,2025-11-15 21:46,2025-11-15 23:26,Database,Data Corruption,Inventory System,P2 - High,Resolved,DBA Team,A. Rangan,Batch Job Monitor,Data Issue,8,23,1.68,False,0,False,4,Optimized query / cleared lock and restarted affected session; verified data integrity.
INC100475,2025-11-16 07:14,2025-11-16 13:21,Server/Infra,Memory Leak,Billing Engine,P2 - High,Resolved,Network Team,L. Chitra,Customer,Third-Party Outage,8,27,6.13,False,0,False,3,Freed disk space / restarted service; added monitoring alert to prevent recurrence.
INC100267,2025-11-16 09:11,2025-11-16 14:48,Performance,Page Load Delay,Customer Support Portal,P2 - High,Resolved,DBA Team,N. Fathima,Batch Job Monitor,User Error,8,13,5.62,False,0,False,5,Tuned query/index or scaled resources; response time back within threshold.
INC100252,2025-11-16 11:30,2025-11-18 05:21,Security,Suspicious Login,Customer Support Portal,P4 - Low,Resolved,Network Team,S. Priya,Customer,Infra Failure,72,250,41.86,False,0,False,5,"Investigated alert, confirmed false positive / revoked access; updated certificate."
INC100205,2025-11-16 12:57,2025-11-16 17:13,Application Issue,Data Mismatch,CRM Portal,P3 - Medium,Resolved,L2 Support,P. Arjun,Customer,User Error,24,58,4.28,False,0,False,4,Identified faulty code path; deployed hotfix / config change and validated with user.
INC101550,2025-11-16 15:27,2025-11-16 18:18,Network,Latency,Order Management System,P2 - High,Resolved,Network Team,R. Iyer,Support Team (Proactive),Data Issue,8,23,2.85,False,0,False,3,Restarted network service / re-routed traffic; confirmed connectivity restored.
INC101729,2025-11-16 16:08,2025-11-17 09:29,Application Issue,UI Error,Core Banking App,P3 - Medium,Resolved,App Dev Team,M. Kumar,Support Team (Proactive),Unknown,24,59,17.36,False,0,False,5,Identified faulty code path; deployed hotfix / config change and validated with user.
INC101203,2025-11-16 16:44,2025-11-18 03:23,Network,VPN Failure,CRM Portal,P4 - Low,Resolved,Network Team,A. Rangan,Support Team (Proactive),Third-Party Outage,72,189,34.65,False,0,False,4,Restarted network service / re-routed traffic; confirmed connectivity restored.
INC101216,2025-11-17 04:43,2025-11-18 22:43,Integration/API,Webhook Not Firing,Billing Engine,P4 - Low,Closed,L3 Engineering,L. Chitra,Support Team (Proactive),Code Defect,72,182,42.01,False,0,False,4,Coordinated with third-party vendor / corrected payload mapping; retested integration.
INC101373,2025-11-17 07:30,2025-11-17 09:35,Security,Suspicious Login,Auth Service,P1 - Critical,Resolved,L3 Engineering,R. Iyer,Support Team (Proactive),Unknown,4,21,2.09,False,0,False,4,"Investigated alert, confirmed false positive / revoked access; updated certificate."
INC100790,2025-11-17 10:34,2025-11-17 16:01,Security,Unauthorized Access Attempt,Customer Support Portal,P2 - High,Resolved,L3 Engineering,L. Chitra,Batch Job Monitor,Data Issue,8,15,5.45,False,0,False,4,"Investigated alert, confirmed false positive / revoked access; updated certificate."
INC101960,2025-11-17 19:32,2025-11-18 00:46,Performance,Page Load Delay,Payment Gateway,P2 - High,Resolved,DBA Team,M. Kumar,End User,Data Issue,8,40,5.24,False,0,False,5,Tuned query/index or scaled resources; response time back within threshold.
INC100620,2025-11-17 20:36,2025-11-20 23:43,Batch Job Failure,Duplicate Run,CRM Portal,P3 - Medium,Resolved,L3 Engineering,P. Arjun,Batch Job Monitor,Capacity/Performance,24,59,75.13,True,0,False,5,Re-triggered job after correcting input file; added validation check.
INC100961,2025-11-18 04:20,2025-11-18 12:29,Hardware,Workstation Failure,Core Banking App,P3 - Medium,Resolved,L1 Support,P. Arjun,Support Team (Proactive),Code Defect,24,47,8.16,False,0,True,4,Replaced/reset device; confirmed functioning with end user.
INC101014,2025-11-18 10:24,2025-11-19 04:24,Network,Latency,Reporting Dashboard,P4 - Low,Resolved,Network Team,P. Arjun,Customer,User Error,72,14,18.0,False,0,False,4,Restarted network service / re-routed traffic; confirmed connectivity restored.
INC100910,2025-11-18 11:30,2025-11-19 00:00,Performance,Slow Response Time,Core Banking App,P2 - High,Resolved,L3 Engineering,P. Arjun,Customer,Configuration Error,8,39,12.5,True,0,False,3,Tuned query/index or scaled resources; response time back within threshold.
INC100784,2025-11-18 14:14,2025-11-19 02:07,Network,DNS Issue,CRM Portal,P3 - Medium,Resolved,L2 Support,R. Iyer,Monitoring Alert,Third-Party Outage,24,72,11.89,False,0,False,2,Restarted network service / re-routed traffic; confirmed connectivity restored.
INC100891,2025-11-18 15:04,2025-11-18 21:49,Hardware,Peripheral Not Detected,HR Portal,P2 - High,Reopened,L1 Support,V. Prasad,End User,Code Defect,8,33,6.76,False,1,False,3,Replaced/reset device; confirmed functioning with end user.
INC100580,2025-11-18 17:52,2025-11-19 09:50,Security,Vulnerability Alert,Billing Engine,P3 - Medium,Closed,L3 Engineering,K. Suresh,Support Team (Proactive),Capacity/Performance,24,23,15.97,False,0,False,5,"Investigated alert, confirmed false positive / revoked access; updated certificate."
INC101679,2025-11-18 18:35,2025-11-18 22:38,Performance,API Latency,Auth Service,P3 - Medium,Reopened,DBA Team,N. Fathima,End User,User Error,24,66,4.06,False,1,False,1,Tuned query/index or scaled resources; response time back within threshold.
INC101711,2025-11-18 21:51,2025-11-19 13:08,Performance,Page Load Delay,HR Portal,P3 - Medium,Resolved,L3 Engineering,K. Suresh,Batch Job Monitor,Data Issue,24,72,15.29,False,0,True,2,Tuned query/index or scaled resources; response time back within threshold.
INC101427,2025-11-19 11:48,2025-11-20 03:57,Batch Job Failure,Duplicate Run,HR Portal,P3 - Medium,Resolved,L3 Engineering,A. Rangan,Customer,Code Defect,24,54,16.16,False,0,True,5,Re-triggered job after correcting input file; added validation check.
INC102136,2025-11-19 14:55,2025-11-21 01:23,Server/Infra,CPU Spike,Core Banking App,P4 - Low,Resolved,Network Team,P. Arjun,Monitoring Alert,Code Defect,72,219,34.47,False,0,True,4,Freed disk space / restarted service; added monitoring alert to prevent recurrence.
INC101430,2025-11-19 17:17,2025-11-25 04:53,Integration/API,Third-Party Timeout,Customer Support Portal,P4 - Low,Resolved,App Dev Team,T. Divya,Support Team (Proactive),User Error,72,280,131.6,True,0,False,4,Coordinated with third-party vendor / corrected payload mapping; retested integration.
INC101312,2025-11-19 20:38,2025-11-20 00:43,Hardware,Workstation Failure,Customer Support Portal,P2 - High,Resolved,L1 Support,V. Prasad,Support Team (Proactive),Unknown,8,43,4.09,False,0,False,5,Replaced/reset device; confirmed functioning with end user.
INC101377,2025-11-19 20:50,2025-11-22 15:15,Hardware,Device Offline,Payment Gateway,P4 - Low,Resolved,L1 Support,A. Rangan,Customer,Code Defect,72,241,66.43,False,0,False,3,Replaced/reset device; confirmed functioning with end user.
INC101865,2025-11-20 09:09,2025-11-20 17:12,Server/Infra,Disk Space Full,Billing Engine,P3 - Medium,Resolved,Network Team,R. Iyer,Customer,Infra Failure,24,58,8.06,False,0,False,4,Freed disk space / restarted service; added monitoring alert to prevent recurrence.
INC101472,2025-11-20 14:11,2025-11-21 09:21,Integration/API,Payload Mismatch,Customer Support Portal,P3 - Medium,Resolved,App Dev Team,R. Iyer,Batch Job Monitor,Configuration Error,24,49,19.17,False,0,True,3,Coordinated with third-party vendor / corrected payload mapping; retested integration.
INC100103,2025-11-20 16:29,2025-11-21 02:12,Server/Infra,Server Down,Reporting Dashboard,P3 - Medium,Resolved,Network Team,L. Chitra,Batch Job Monitor,Capacity/Performance,24,75,9.73,False,0,False,4,Freed disk space / restarted service; added monitoring alert to prevent recurrence.
INC100221,2025-11-20 16:54,2025-11-20 20:40,Integration/API,Webhook Not Firing,Inventory System,P2 - High,Resolved,L3 Engineering,K. Suresh,Batch Job Monitor,User Error,8,31,3.78,False,0,False,4,Coordinated with third-party vendor / corrected payload mapping; retested integration.
INC101040,2025-11-20 18:13,2025-11-22 05:28,Network,VPN Failure,Customer Support Portal,P3 - Medium,Resolved,Network Team,M. Kumar,Monitoring Alert,Configuration Error,24,102,35.26,True,0,True,2,Restarted network service / re-routed traffic; confirmed connectivity restored.
INC100811,2025-11-20 21:20,2025-11-22 20:09,Database,Connection Pool Exhausted,Order Management System,P3 - Medium,Resolved,L3 Engineering,R. Iyer,Monitoring Alert,Infra Failure,24,58,46.82,True,0,False,1,Optimized query / cleared lock and restarted affected session; verified data integrity.
INC101330,2025-11-21 14:14,2025-11-22 07:47,Security,Unauthorized Access Attempt,Inventory System,P3 - Medium,Reopened,L3 Engineering,R. Iyer,Batch Job Monitor,User Error,24,50,17.55,False,1,False,1,"Investigated alert, confirmed false positive / revoked access; updated certificate."
INC101184,2025-11-21 15:33,2025-11-21 22:10,Database,Query Timeout,Order Management System,P2 - High,Resolved,DBA Team,K. Suresh,Support Team (Proactive),Third-Party Outage,8,21,6.63,False,0,False,3,Optimized query / cleared lock and restarted affected session; verified data integrity.
INC100544,2025-11-21 18:44,2025-11-22 08:56,Application Issue,Data Mismatch,Customer Support Portal,P3 - Medium,Resolved,App Dev Team,R. Iyer,Monitoring Alert,User Error,24,94,14.2,False,0,False,2,Identified faulty code path; deployed hotfix / config change and validated with user.
INC101932,2025-11-21 19:02,2025-11-22 17:09,Network,Firewall Block,Order Management System,P3 - Medium,Resolved,Network Team,B. Meena,Monitoring Alert,Data Issue,24,61,22.12,False,0,False,5,Restarted network service / re-routed traffic; confirmed connectivity restored.
INC100817,2025-11-21 19:16,2025-11-22 08:41,Batch Job Failure,Job Failed - Data Error,HR Portal,P3 - Medium,Resolved,L3 Engineering,S. Priya,Batch Job Monitor,Unknown,24,92,13.43,False,0,True,3,Re-triggered job after correcting input file; added validation check.
INC100708,2025-11-21 20:04,2025-11-22 16:37,Application Issue,UI Error,Auth Service,P3 - Medium,Resolved,App Dev Team,V. Prasad,End User,Capacity/Performance,24,57,20.56,False,0,False,5,Identified faulty code path; deployed hotfix / config change and validated with user.
INC101456,2025-11-21 21:36,2025-11-28 08:26,Access/Authentication,SSO Error,Core Banking App,P4 - Low,Resolved,L2 Support,V. Prasad,Monitoring Alert,Third-Party Outage,72,149,154.84,True,0,False,3,Reset credentials / corrected access role; user confirmed successful login.
INC101152,2025-11-22 12:34,2025-11-23 14:55,Performance,Report Load Timeout,Core Banking App,P4 - Low,Closed,DBA Team,P. Arjun,End User,Third-Party Outage,72,186,26.36,False,0,False,5,Tuned query/index or scaled resources; response time back within threshold.
INC100429,2025-11-22 13:44,2025-11-22 16:26,Database,Data Corruption,Order Management System,P2 - High,Resolved,DBA Team,B. Meena,Customer,Configuration Error,8,31,2.7,False,0,False,5,Optimized query / cleared lock and restarted affected session; verified data integrity.
INC101280,2025-11-22 16:05,2025-11-23 08:20,Database,Deadlock,Core Banking App,P3 - Medium,Resolved,DBA Team,V. Prasad,End User,Infra Failure,24,72,16.25,False,0,True,4,Optimized query / cleared lock and restarted affected session; verified data integrity.
INC101119,2025-11-22 16:26,2025-11-23 08:39,Server/Infra,Memory Leak,Payment Gateway,P3 - Medium,Resolved,Network Team,B. Meena,Batch Job Monitor,Third-Party Outage,24,43,16.22,False,0,False,5,Freed disk space / restarted service; added monitoring alert to prevent recurrence.
INC101844,2025-11-22 16:37,2025-11-22 22:45,Access/Authentication,Permission Denied,Reporting Dashboard,P3 - Medium,Resolved,L1 Support,A. Rangan,Monitoring Alert,User Error,24,75,6.14,False,0,False,3,Reset credentials / corrected access role; user confirmed successful login.
INC102082,2025-11-23 02:16,2025-11-23 09:12,Server/Infra,Disk Space Full,Customer Support Portal,P2 - High,Resolved,L3 Engineering,B. Meena,Monitoring Alert,Data Issue,8,31,6.94,False,0,False,3,Freed disk space / restarted service; added monitoring alert to prevent recurrence.
INC101345,2025-11-23 14:24,2025-11-23 16:30,Security,Certificate Expiry,Inventory System,P2 - High,Resolved,L3 Engineering,K. Suresh,Support Team (Proactive),Infra Failure,8,27,2.1,False,0,True,5,"Investigated alert, confirmed false positive / revoked access; updated certificate."
INC100551,2025-11-23 16:09,2025-11-24 03:43,Server/Infra,Disk Space Full,HR Portal,P3 - Medium,Resolved,L3 Engineering,A. Rangan,End User,Configuration Error,24,49,11.57,False,0,False,3,Freed disk space / restarted service; added monitoring alert to prevent recurrence.
INC101538,2025-11-23 20:18,2025-11-24 16:13,Batch Job Failure,Job Not Triggered,Reporting Dashboard,P3 - Medium,Reopened,L3 Engineering,K. Suresh,Support Team (Proactive),Configuration Error,24,66,19.93,False,1,False,2,Re-triggered job after correcting input file; added validation check.
INC101256,2025-11-24 13:10,2025-11-25 01:59,Security,Vulnerability Alert,HR Portal,P2 - High,Resolved,L3 Engineering,B. Meena,Support Team (Proactive),Data Issue,8,8,12.83,True,0,False,3,"Investigated alert, confirmed false positive / revoked access; updated certificate."
INC101663,2025-11-24 15:23,2025-11-25 09:38,Integration/API,API Failure,Auth Service,P3 - Medium,Resolved,L3 Engineering,K. Suresh,Support Team (Proactive),Code Defect,24,76,18.25,False,0,False,5,Coordinated with third-party vendor / corrected payload mapping; retested integration.
INC101311,2025-11-24 18:39,2025-11-25 17:10,Network,VPN Failure,Auth Service,P3 - Medium,Closed,Network Team,N. Fathima,Support Team (Proactive),Capacity/Performance,24,82,22.52,False,0,False,5,Restarted network service / re-routed traffic; confirmed connectivity restored.
INC101078,2025-11-25 10:24,2025-11-28 21:15,Hardware,Printer Issue,Reporting Dashboard,P3 - Medium,Resolved,L1 Support,N. Fathima,Support Team (Proactive),Data Issue,24,86,82.85,True,0,False,2,Replaced/reset device; confirmed functioning with end user.
INC101474,2025-11-25 15:30,2025-11-25 19:46,Integration/API,API Failure,Customer Support Portal,P2 - High,Resolved,L3 Engineering,M. Kumar,Batch Job Monitor,Infra Failure,8,36,4.28,False,0,True,4,Coordinated with third-party vendor / corrected payload mapping; retested integration.
INC100189,2025-11-25 15:56,2025-11-26 21:50,Performance,API Latency,Payment Gateway,P3 - Medium,Resolved,DBA Team,B. Meena,Monitoring Alert,Infra Failure,24,18,29.91,True,0,False,1,Tuned query/index or scaled resources; response time back within threshold.
INC101577,2025-11-25 16:35,2025-11-26 13:47,Security,Vulnerability Alert,Billing Engine,P3 - Medium,Reopened,Network Team,B. Meena,Support Team (Proactive),User Error,24,50,21.2,False,1,False,3,"Investigated alert, confirmed false positive / revoked access; updated certificate."
INC100337,2025-11-25 18:47,2025-11-25 20:30,Access/Authentication,SSO Error,Inventory System,P2 - High,Resolved,L1 Support,B. Meena,End User,User Error,8,30,1.73,False,0,False,5,Reset credentials / corrected access role; user confirmed successful login.
INC100660,2025-11-25 21:40,2025-11-26 20:14,Database,Connection Pool Exhausted,Customer Support Portal,P2 - High,Closed,DBA Team,L. Chitra,End User,Capacity/Performance,8,41,22.57,True,0,False,4,Optimized query / cleared lock and restarted affected session; verified data integrity.
INC101916,2025-11-26 11:31,2025-11-26 22:33,Performance,Page Load Delay,Reporting Dashboard,P3 - Medium,Resolved,DBA Team,R. Iyer,Batch Job Monitor,Unknown,24,8,11.04,False,0,False,5,Tuned query/index or scaled resources; response time back within threshold.
INC101276,2025-11-26 12:55,2025-11-26 19:41,Batch Job Failure,Job Not Triggered,Billing Engine,P2 - High,Resolved,L3 Engineering,M. Kumar,Support Team (Proactive),Infra Failure,8,38,6.77,False,0,False,3,Re-triggered job after correcting input file; added validation check.
INC101227,2025-11-26 14:48,2025-11-27 21:49,Database,Deadlock,CRM Portal,P4 - Low,Resolved,L3 Engineering,N. Fathima,End User,Capacity/Performance,72,244,31.02,False,0,False,4,Optimized query / cleared lock and restarted affected session; verified data integrity.
INC100450,2025-11-26 17:27,2025-11-27 06:43,Hardware,Device Offline,Inventory System,P1 - Critical,Resolved,L1 Support,P. Arjun,Monitoring Alert,Code Defect,4,16,13.28,True,0,False,2,Replaced/reset device; confirmed functioning with end user.
INC102148,2025-11-26 17:58,2025-11-27 11:10,Performance,Slow Response Time,Reporting Dashboard,P3 - Medium,Resolved,DBA Team,M. Kumar,Support Team (Proactive),Third-Party Outage,24,78,17.21,False,0,False,4,Tuned query/index or scaled resources; response time back within threshold.
INC100710,2025-11-26 19:21,2025-11-28 22:59,Network,Latency,Order Management System,P4 - Low,Closed,L2 Support,S. Priya,Batch Job Monitor,Configuration Error,72,196,51.64,False,0,False,5,Restarted network service / re-routed traffic; confirmed connectivity restored.
INC101416,2025-11-26 21:36,2025-11-27 02:45,Application Issue,UI Error,Order Management System,P3 - Medium,Resolved,App Dev Team,L. Chitra,Support Team (Proactive),Code Defect,24,32,5.16,False,0,False,4,Identified faulty code path; deployed hotfix / config change and validated with user.
INC101537,2025-11-27 12:51,2025-11-28 17:31,Server/Infra,Memory Leak,Order Management System,P4 - Low,Resolved,L3 Engineering,N. Fathima,Support Team (Proactive),Third-Party Outage,72,177,28.68,False,0,False,2,Freed disk space / restarted service; added monitoring alert to prevent recurrence.
INC101159,2025-11-27 14:36,2025-11-28 02:33,Database,Deadlock,Order Management System,P3 - Medium,Resolved,L3 Engineering,B. Meena,Support Team (Proactive),Infra Failure,24,50,11.95,False,0,False,5,Optimized query / cleared lock and restarted affected session; verified data integrity.
INC100327,2025-11-27 14:38,2025-11-28 02:10,Security,Certificate Expiry,Auth Service,P3 - Medium,Resolved,Network Team,T. Divya,Support Team (Proactive),Configuration Error,24,67,11.54,False,0,False,4,"Investigated alert, confirmed false positive / revoked access; updated certificate."
INC101007,2025-11-27 15:03,2025-11-28 04:30,Network,VPN Failure,HR Portal,P3 - Medium,Resolved,Network Team,J. Antony,End User,Data Issue,24,34,13.45,False,0,False,5,Restarted network service / re-routed traffic; confirmed connectivity restored.
INC100479,2025-11-27 15:25,2025-11-28 04:47,Network,VPN Failure,Auth Service,P2 - High,Resolved,L2 Support,L. Chitra,End User,Capacity/Performance,8,44,13.38,True,0,False,4,Restarted network service / re-routed traffic; confirmed connectivity restored.
INC100384,2025-11-27 17:00,2025-11-30 10:58,Database,Deadlock,Inventory System,P4 - Low,Resolved,L3 Engineering,L. Chitra,Support Team (Proactive),Infra Failure,72,179,65.97,False,0,False,4,Optimized query / cleared lock and restarted affected session; verified data integrity.
INC100478,2025-11-27 17:11,2025-11-27 19:53,Application Issue,Data Mismatch,Order Management System,P1 - Critical,Resolved,L2 Support,V. Prasad,Batch Job Monitor,Data Issue,4,13,2.71,False,0,False,2,Identified faulty code path; deployed hotfix / config change and validated with user.
INC102124,2025-11-27 18:19,2025-11-27 22:08,Database,Data Corruption,Reporting Dashboard,P3 - Medium,Closed,DBA Team,P. Arjun,End User,User Error,24,84,3.83,False,0,False,3,Optimized query / cleared lock and restarted affected session; verified data integrity.
INC101399,2025-11-27 21:00,2025-11-28 16:42,Integration/API,API Failure,Payment Gateway,P3 - Medium,Resolved,App Dev Team,B. Meena,Customer,Third-Party Outage,24,48,19.71,False,0,False,4,Coordinated with third-party vendor / corrected payload mapping; retested integration.
INC102185,2025-11-28 18:17,2025-11-29 04:27,Application Issue,Application Crash,Order Management System,P3 - Medium,Closed,App Dev Team,P. Arjun,Monitoring Alert,Configuration Error,24,52,10.18,False,0,False,4,Identified faulty code path; deployed hotfix / config change and validated with user.
INC101794,2025-11-28 19:08,2025-11-29 05:34,Integration/API,Payload Mismatch,Core Banking App,P3 - Medium,Resolved,App Dev Team,R. Iyer,Batch Job Monitor,Data Issue,24,22,10.44,False,0,False,3,Coordinated with third-party vendor / corrected payload mapping; retested integration.
INC102093,2025-11-29 14:44,2025-11-30 05:16,Server/Infra,CPU Spike,Inventory System,P4 - Low,Resolved,Network Team,P. Arjun,Monitoring Alert,Unknown,72,119,14.54,False,0,False,4,Freed disk space / restarted service; added monitoring alert to prevent recurrence.
INC101967,2025-11-29 15:05,2025-11-30 12:44,Performance,API Latency,Core Banking App,P3 - Medium,Closed,DBA Team,M. Kumar,Batch Job Monitor,Unknown,24,49,21.65,False,0,False,5,Tuned query/index or scaled resources; response time back within threshold.
INC100127,2025-11-29 15:35,2025-12-01 05:39,Integration/API,API Failure,Auth Service,P4 - Low,Closed,L3 Engineering,L. Chitra,Customer,Capacity/Performance,72,221,38.07,False,0,False,4,Coordinated with third-party vendor / corrected payload mapping; retested integration.
INC101177,2025-11-29 16:12,2025-11-30 21:49,Application Issue,Feature Not Working,Auth Service,P4 - Low,Resolved,L2 Support,T. Divya,End User,Third-Party Outage,72,212,29.62,False,0,False,5,Identified faulty code path; deployed hotfix / config change and validated with user.
INC100496,2025-11-29 16:19,2025-11-29 23:40,Integration/API,Third-Party Timeout,Billing Engine,P3 - Medium,Closed,L3 Engineering,S. Priya,Batch Job Monitor,Infra Failure,24,34,7.36,False,0,False,1,Coordinated with third-party vendor / corrected payload mapping; retested integration.
INC101139,2025-11-29 16:24,2025-11-30 05:14,Access/Authentication,Password Reset,Inventory System,P2 - High,Resolved,L1 Support,M. Kumar,End User,Third-Party Outage,8,28,12.84,True,0,False,3,Reset credentials / corrected access role; user confirmed successful login.
INC100098,2025-11-29 17:14,2025-12-02 12:39,Database,Deadlock,Order Management System,P4 - Low,Resolved,L3 Engineering,A. Rangan,Batch Job Monitor,Third-Party Outage,72,91,67.42,False,0,True,5,Optimized query / cleared lock and restarted affected session; verified data integrity.
INC100640,2025-11-29 18:41,2025-11-29 20:09,Application Issue,Application Crash,Core Banking App,P2 - High,Resolved,L2 Support,P. Arjun,Support Team (Proactive),Unknown,8,21,1.47,False,0,False,2,Identified faulty code path; deployed hotfix / config change and validated with user.
INC102142,2025-11-30 07:03,2025-11-30 19:19,Batch Job Failure,Duplicate Run,Customer Support Portal,P4 - Low,Resolved,App Dev Team,R. Iyer,Batch Job Monitor,Data Issue,72,382,12.28,False,0,False,3,Re-triggered job after correcting input file; added validation check.
INC100226,2025-11-30 11:46,2025-12-01 08:57,Network,VPN Failure,Billing Engine,P3 - Medium,Closed,L2 Support,J. Antony,Customer,Capacity/Performance,24,59,21.19,False,0,False,4,Restarted network service / re-routed traffic; confirmed connectivity restored.
INC100954,2025-11-30 14:26,2025-11-30 21:33,Application Issue,Feature Not Working,Inventory System,P2 - High,Resolved,L2 Support,N. Fathima,Support Team (Proactive),Capacity/Performance,8,35,7.13,False,0,True,4,Identified faulty code path; deployed hotfix / config change and validated with user.
INC100485,2025-11-30 17:47,2025-11-30 22:23,Performance,Report Load Timeout,Core Banking App,P2 - High,Resolved,DBA Team,M. Kumar,Customer,Third-Party Outage,8,31,4.61,False,0,False,2,Tuned query/index or scaled resources; response time back within threshold.
INC102040,2025-11-30 19:19,2025-12-01 09:40,Access/Authentication,Password Reset,Auth Service,P3 - Medium,Resolved,L2 Support,P. Arjun,Monitoring Alert,Third-Party Outage,24,61,14.36,False,0,False,4,Reset credentials / corrected access role; user confirmed successful login.
INC100925,2025-12-01 08:21,2025-12-01 16:06,Network,Firewall Block,Core Banking App,P3 - Medium,Reopened,L2 Support,A. Rangan,Batch Job Monitor,Code Defect,24,79,7.75,False,1,False,4,Restarted network service / re-routed traffic; confirmed connectivity restored.
INC100909,2025-12-01 12:12,2025-12-02 03:50,Network,DNS Issue,Inventory System,P3 - Medium,Closed,Network Team,B. Meena,Monitoring Alert,Code Defect,24,99,15.64,False,0,False,4,Restarted network service / re-routed traffic; confirmed connectivity restored.
INC101299,2025-12-01 14:52,2025-12-01 19:20,Hardware,Device Offline,Reporting Dashboard,P2 - High,Closed,L1 Support,B. Meena,Support Team (Proactive),Infra Failure,8,32,4.48,False,0,False,5,Replaced/reset device; confirmed functioning with end user.
INC101969,2025-12-01 17:05,2025-12-03 23:40,Performance,Page Load Delay,Billing Engine,P4 - Low,Closed,L3 Engineering,M. Kumar,Monitoring Alert,Third-Party Outage,72,194,54.59,False,0,False,1,Tuned query/index or scaled resources; response time back within threshold.
INC101075,2025-12-01 20:09,2025-12-02 17:10,Integration/API,Third-Party Timeout,CRM Portal,P3 - Medium,Resolved,App Dev Team,R. Iyer,Customer,Unknown,24,88,21.02,False,0,False,5,Coordinated with third-party vendor / corrected payload mapping; retested integration.
INC100228,2025-12-01 20:40,2025-12-04 10:57,Batch Job Failure,Job Timeout,Customer Support Portal,P4 - Low,Resolved,L3 Engineering,B. Meena,Support Team (Proactive),Capacity/Performance,72,275,62.29,False,0,False,5,Re-triggered job after correcting input file; added validation check.
INC101497,2025-12-02 12:26,2025-12-03 00:22,Security,Certificate Expiry,Customer Support Portal,P4 - Low,Resolved,Network Team,V. Prasad,Monitoring Alert,Code Defect,72,356,11.94,False,0,False,4,"Investigated alert, confirmed false positive / revoked access; updated certificate."
INC101010,2025-12-02 12:36,2025-12-03 03:32,Database,Connection Pool Exhausted,Payment Gateway,P3 - Medium,Closed,DBA Team,M. Kumar,Support Team (Proactive),Unknown,24,62,14.94,False,0,False,4,Optimized query / cleared lock and restarted affected session; verified data integrity.
INC101173,2025-12-02 13:10,2025-12-02 17:49,Batch Job Failure,Job Failed - Data Error,Reporting Dashboard,P3 - Medium,Closed,App Dev Team,V. Prasad,End User,Third-Party Outage,24,26,4.65,False,0,False,4,Re-triggered job after correcting input file; added validation check.
INC100209,2025-12-02 16:21,2025-12-03 10:55,Network,DNS Issue,Core Banking App,P3 - Medium,Resolved,L2 Support,R. Iyer,Monitoring Alert,Infra Failure,24,47,18.57,False,0,False,4,Restarted network service / re-routed traffic; confirmed connectivity restored.
INC100621,2025-12-02 17:49,2025-12-02 20:29,Hardware,Peripheral Not Detected,Reporting Dashboard,P2 - High,Resolved,L1 Support,B. Meena,Support Team (Proactive),Capacity/Performance,8,27,2.68,False,0,False,4,Replaced/reset device; confirmed functioning with end user.
INC100834,2025-12-02 20:36,2025-12-02 22:03,Performance,Slow Response Time,Payment Gateway,P2 - High,Resolved,DBA Team,M. Kumar,Customer,User Error,8,33,1.45,False,0,False,4,Tuned query/index or scaled resources; response time back within threshold.
INC101135,2025-12-03 01:24,2025-12-04 14:47,Batch Job Failure,Job Failed - Data Error,Inventory System,P3 - Medium,Resolved,App Dev Team,P. Arjun,Customer,Infra Failure,24,34,37.39,True,0,False,4,Re-triggered job after correcting input file; added validation check.
INC100013,2025-12-03 12:55,2025-12-04 09:17,Database,Data Corruption,Customer Support Portal,P4 - Low,Resolved,DBA Team,A. Rangan,Support Team (Proactive),Code Defect,72,341,20.38,False,0,False,3,Optimized query / cleared lock and restarted affected session; verified data integrity.
INC102105,2025-12-04 04:20,2025-12-04 08:48,Database,Connection Pool Exhausted,Inventory System,P3 - Medium,Resolved,L3 Engineering,L. Chitra,Monitoring Alert,Unknown,24,49,4.47,False,0,False,3,Optimized query / cleared lock and restarted affected session; verified data integrity.
INC101403,2025-12-04 09:23,2025-12-04 14:55,Performance,Report Load Timeout,Payment Gateway,P3 - Medium,Resolved,L3 Engineering,S. Priya,End User,Data Issue,24,59,5.54,False,0,False,3,Tuned query/index or scaled resources; response time back within threshold.
INC101600,2025-12-04 10:25,2025-12-04 12:32,Server/Infra,Disk Space Full,Reporting Dashboard,P2 - High,Resolved,Network Team,P. Arjun,Monitoring Alert,Infra Failure,8,40,2.13,False,0,False,5,Freed disk space / restarted service; added monitoring alert to prevent recurrence.
INC101629,2025-12-04 15:09,2025-12-04 19:36,Application Issue,Feature Not Working,Customer Support Portal,P3 - Medium,Closed,App Dev Team,J. Antony,End User,User Error,24,79,4.46,False,0,False,5,Identified faulty code path; deployed hotfix / config change and validated with user.
INC100858,2025-12-05 09:20,2025-12-06 22:44,Network,DNS Issue,Core Banking App,P3 - Medium,Resolved,Network Team,V. Prasad,Monitoring Alert,Infra Failure,24,46,37.41,True,0,False,4,Restarted network service / re-routed traffic; confirmed connectivity restored.
INC100423,2025-12-05 10:47,2025-12-07 00:05,Security,Vulnerability Alert,Payment Gateway,P4 - Low,Resolved,L3 Engineering,J. Antony,End User,Code Defect,72,170,37.31,False,0,False,5,"Investigated alert, confirmed false positive / revoked access; updated certificate."
INC101118,2025-12-05 14:05,2025-12-05 19:05,Database,Connection Pool Exhausted,Auth Service,P2 - High,Resolved,DBA Team,T. Divya,Monitoring Alert,Code Defect,8,31,5.0,False,0,False,3,Optimized query / cleared lock and restarted affected session; verified data integrity.
INC100699,2025-12-05 19:02,2025-12-06 21:12,Security,Unauthorized Access Attempt,HR Portal,P4 - Low,Resolved,L3 Engineering,A. Rangan,Customer,Data Issue,72,253,26.18,False,0,False,5,"Investigated alert, confirmed false positive / revoked access; updated certificate."
INC101492,2025-12-05 19:38,2025-12-06 05:47,Hardware,Printer Issue,Billing Engine,P3 - Medium,Resolved,L1 Support,T. Divya,Support Team (Proactive),Configuration Error,24,44,10.15,False,0,False,4,Replaced/reset device; confirmed functioning with end user.
INC101984,2025-12-06 10:35,2025-12-07 01:50,Network,VPN Failure,Inventory System,P3 - Medium,Resolved,L2 Support,J. Antony,Customer,User Error,24,60,15.26,False,0,False,5,Restarted network service / re-routed traffic; confirmed connectivity restored.
INC101751,2025-12-06 18:38,2025-12-09 04:44,Batch Job Failure,Job Failed - Data Error,Reporting Dashboard,P4 - Low,Closed,App Dev Team,L. Chitra,Monitoring Alert,Data Issue,72,426,58.11,False,0,False,4,Re-triggered job after correcting input file; added validation check.
INC100780,2025-12-06 20:20,2025-12-08 20:14,Application Issue,UI Error,Reporting Dashboard,P4 - Low,Resolved,App Dev Team,M. Kumar,Batch Job Monitor,Unknown,72,279,47.9,False,0,False,3,Identified faulty code path; deployed hotfix / config change and validated with user.
INC102015,2025-12-06 20:20,2025-12-07 00:26,Security,Suspicious Login,Payment Gateway,P3 - Medium,Resolved,L3 Engineering,K. Suresh,Batch Job Monitor,Configuration Error,24,92,4.1,False,0,True,4,"Investigated alert, confirmed false positive / revoked access; updated certificate."
INC102160,2025-12-06 20:32,2025-12-07 10:38,Application Issue,Feature Not Working,Billing Engine,P2 - High,Reopened,L2 Support,N. Fathima,End User,Capacity/Performance,8,23,14.11,True,1,False,4,Identified faulty code path; deployed hotfix / config change and validated with user.
INC100830,2025-12-07 09:18,2025-12-07 12:47,Database,Deadlock,Payment Gateway,P2 - High,Resolved,DBA Team,R. Iyer,Customer,Configuration Error,8,16,3.49,False,0,False,5,Optimized query / cleared lock and restarted affected session; verified data integrity.
INC102133,2025-12-07 09:39,2025-12-08 00:55,Batch Job Failure,Job Failed - Data Error,Customer Support Portal,P3 - Medium,Reopened,L3 Engineering,K. Suresh,Batch Job Monitor,Unknown,24,72,15.27,False,1,False,2,Re-triggered job after correcting input file; added validation check.
INC100802,2025-12-07 11:02,2025-12-07 17:21,Batch Job Failure,Duplicate Run,Inventory System,P3 - Medium,Closed,L3 Engineering,V. Prasad,Customer,Unknown,24,72,6.33,False,0,True,4,Re-triggered job after correcting input file; added validation check.
INC101616,2025-12-07 15:06,2025-12-07 19:22,Application Issue,UI Error,Billing Engine,P3 - Medium,Resolved,L2 Support,P. Arjun,End User,Configuration Error,24,58,4.28,False,0,False,4,Identified faulty code path; deployed hotfix / config change and validated with user.
INC100888,2025-12-07 16:49,2025-12-09 00:52,Security,Suspicious Login,Order Management System,P4 - Low,Closed,L3 Engineering,J. Antony,Customer,Capacity/Performance,72,240,32.05,False,0,False,2,"Investigated alert, confirmed false positive / revoked access; updated certificate."
INC100625,2025-12-07 18:52,2025-12-08 00:54,Integration/API,Third-Party Timeout,Customer Support Portal,P3 - Medium,Resolved,App Dev Team,S. Priya,Customer,Capacity/Performance,24,25,6.04,False,0,False,3,Coordinated with third-party vendor / corrected payload mapping; retested integration.
INC100038,2025-12-07 20:26,2025-12-08 13:18,Integration/API,Webhook Not Firing,Inventory System,P3 - Medium,Resolved,L3 Engineering,A. Rangan,End User,User Error,24,74,16.88,False,0,False,4,Coordinated with third-party vendor / corrected payload mapping; retested integration.
INC100624,2025-12-08 09:40,2025-12-08 12:26,Database,Deadlock,CRM Portal,P1 - Critical,Reopened,DBA Team,T. Divya,Customer,Configuration Error,4,17,2.78,False,1,False,4,Optimized query / cleared lock and restarted affected session; verified data integrity.
INC102022,2025-12-08 10:18,2025-12-10 10:12,Security,Unauthorized Access Attempt,Core Banking App,P4 - Low,Resolved,Network Team,P. Arjun,Monitoring Alert,Code Defect,72,158,47.91,False,0,False,4,"Investigated alert, confirmed false positive / revoked access; updated certificate."
INC101547,2025-12-08 14:19,2025-12-09 05:11,Network,DNS Issue,Payment Gateway,P4 - Low,Resolved,Network Team,J. Antony,Monitoring Alert,Capacity/Performance,72,248,14.87,False,0,False,4,Restarted network service / re-routed traffic; confirmed connectivity restored.
INC100874,2025-12-08 15:52,2025-12-09 12:37,Integration/API,API Failure,HR Portal,P2 - High,Resolved,App Dev Team,B. Meena,Batch Job Monitor,Infra Failure,8,30,20.75,True,0,False,3,Coordinated with third-party vendor / corrected payload mapping; retested integration.
INC102128,2025-12-08 15:57,2025-12-09 03:15,Server/Infra,Memory Leak,Payment Gateway,P3 - Medium,Resolved,L3 Engineering,T. Divya,End User,Infra Failure,24,35,11.3,False,0,False,5,Freed disk space / restarted service; added monitoring alert to prevent recurrence.
INC101356,2025-12-08 16:45,2025-12-11 01:53,Access/Authentication,Permission Denied,CRM Portal,P3 - Medium,Resolved,L2 Support,V. Prasad,Customer,Unknown,24,60,57.14,True,0,False,1,Reset credentials / corrected access role; user confirmed successful login.
INC101240,2025-12-09 11:13,2025-12-09 17:18,Performance,Report Load Timeout,Payment Gateway,P2 - High,Resolved,DBA Team,B. Meena,End User,Capacity/Performance,8,14,6.09,False,0,False,5,Tuned query/index or scaled resources; response time back within threshold.
INC101266,2025-12-09 12:12,2025-12-16 19:35,Network,DNS Issue,Auth Service,P4 - Low,Resolved,Network Team,B. Meena,Customer,Infra Failure,72,252,175.39,True,0,False,4,Restarted network service / re-routed traffic; confirmed connectivity restored.
INC100154,2025-12-09 17:32,2025-12-10 12:24,Integration/API,Payload Mismatch,Auth Service,P3 - Medium,Resolved,L3 Engineering,N. Fathima,Monitoring Alert,Configuration Error,24,74,18.88,False,0,False,2,Coordinated with third-party vendor / corrected payload mapping; retested integration.
INC100085,2025-12-09 18:28,2025-12-11 02:38,Integration/API,Third-Party Timeout,Customer Support Portal,P4 - Low,Reopened,L3 Engineering,M. Kumar,Monitoring Alert,Infra Failure,72,196,32.18,False,1,False,4,Coordinated with third-party vendor / corrected payload mapping; retested integration.
INC100373,2025-12-09 18:38,2025-12-10 23:11,Hardware,Printer Issue,Reporting Dashboard,P4 - Low,Resolved,L1 Support,M. Kumar,Customer,Third-Party Outage,72,171,28.55,False,0,False,4,Replaced/reset device; confirmed functioning with end user.
INC100342,2025-12-09 19:44,2025-12-10 12:29,Network,DNS Issue,Core Banking App,P3 - Medium,Resolved,Network Team,A. Rangan,Customer,Configuration Error,24,42,16.76,False,0,False,5,Restarted network service / re-routed traffic; confirmed connectivity restored.
INC101410,2025-12-10 17:59,2025-12-10 22:53,Server/Infra,Server Down,HR Portal,P2 - High,Resolved,Network Team,J. Antony,Batch Job Monitor,Capacity/Performance,8,33,4.9,False,0,False,3,Freed disk space / restarted service; added monitoring alert to prevent recurrence.
INC101478,2025-12-10 18:12,2025-12-12 01:50,Network,Latency,Billing Engine,P4 - Low,Resolved,Network Team,R. Iyer,Monitoring Alert,Code Defect,72,318,31.64,False,0,False,5,Restarted network service / re-routed traffic; confirmed connectivity restored.
INC100927,2025-12-11 10:40,2025-12-11 17:44,Server/Infra,Memory Leak,Auth Service,P2 - High,Resolved,Network Team,K. Suresh,End User,Capacity/Performance,8,34,7.08,False,0,False,4,Freed disk space / restarted service; added monitoring alert to prevent recurrence.
INC100647,2025-12-11 14:00,2025-12-13 04:00,Network,VPN Failure,Customer Support Portal,P3 - Medium,Resolved,L2 Support,L. Chitra,End User,Infra Failure,24,91,38.01,True,0,False,3,Restarted network service / re-routed traffic; confirmed connectivity restored.
INC101943,2025-12-11 14:50,2025-12-11 18:47,Performance,Page Load Delay,Reporting Dashboard,P2 - High,Resolved,DBA Team,B. Meena,Monitoring Alert,Third-Party Outage,8,43,3.96,False,0,True,5,Tuned query/index or scaled resources; response time back within threshold.
INC100035,2025-12-11 20:53,2025-12-14 13:25,Server/Infra,Disk Space Full,HR Portal,P3 - Medium,Resolved,L3 Engineering,B. Meena,End User,Third-Party Outage,24,25,64.54,True,0,False,3,Freed disk space / restarted service; added monitoring alert to prevent recurrence.
INC101001,2025-12-12 11:52,2025-12-14 14:57,Integration/API,Third-Party Timeout,Auth Service,P4 - Low,Resolved,L3 Engineering,M. Kumar,End User,Third-Party Outage,72,104,51.09,False,0,False,2,Coordinated with third-party vendor / corrected payload mapping; retested integration.
INC101992,2025-12-12 15:34,2025-12-13 18:02,Performance,Page Load Delay,Customer Support Portal,P4 - Low,Closed,DBA Team,T. Divya,End User,Capacity/Performance,72,103,26.48,False,0,False,4,Tuned query/index or scaled resources; response time back within threshold.
INC100145,2025-12-12 17:11,2025-12-14 08:44,Hardware,Printer Issue,Inventory System,P4 - Low,Resolved,L1 Support,N. Fathima,Batch Job Monitor,Configuration Error,72,233,39.56,False,0,False,3,Replaced/reset device; confirmed functioning with end user.
INC101847,2025-12-12 19:36,2025-12-13 03:09,Security,Suspicious Login,Reporting Dashboard,P2 - High,Resolved,Network Team,V. Prasad,Customer,Data Issue,8,29,7.55,False,0,False,4,"Investigated alert, confirmed false positive / revoked access; updated certificate."
INC100259,2025-12-12 20:45,2025-12-13 11:23,Database,Query Timeout,Customer Support Portal,P3 - Medium,Resolved,L3 Engineering,T. Divya,Batch Job Monitor,Data Issue,24,47,14.64,False,0,True,4,Optimized query / cleared lock and restarted affected session; verified data integrity.
INC100161,2025-12-13 04:56,2025-12-13 18:42,Access/Authentication,Password Reset,HR Portal,P4 - Low,Resolved,L1 Support,P. Arjun,Batch Job Monitor,User Error,72,272,13.78,False,0,False,5,Reset credentials / corrected access role; user confirmed successful login.
INC100303,2025-12-13 09:44,2025-12-13 13:54,Hardware,Workstation Failure,CRM Portal,P3 - Medium,Resolved,L1 Support,T. Divya,End User,Configuration Error,24,78,4.17,False,0,False,5,Replaced/reset device; confirmed functioning with end user.
INC101117,2025-12-13 14:27,2025-12-15 11:10,Application Issue,Feature Not Working,Core Banking App,P4 - Low,Resolved,L2 Support,V. Prasad,Monitoring Alert,Third-Party Outage,72,159,44.72,False,0,False,4,Identified faulty code path; deployed hotfix / config change and validated with user.
INC100747,2025-12-13 15:18,2025-12-14 14:07,Performance,Page Load Delay,Inventory System,P4 - Low,Closed,DBA Team,M. Kumar,Batch Job Monitor,Code Defect,72,280,22.82,False,0,True,4,Tuned query/index or scaled resources; response time back within threshold.
INC101835,2025-12-13 16:10,2025-12-14 12:46,Hardware,Device Offline,Auth Service,P3 - Medium,Resolved,L1 Support,B. Meena,Support Team (Proactive),Configuration Error,24,55,20.6,False,0,False,4,Replaced/reset device; confirmed functioning with end user.
INC102158,2025-12-13 18:55,2025-12-15 06:56,Integration/API,Payload Mismatch,Reporting Dashboard,P3 - Medium,Resolved,App Dev Team,B. Meena,Batch Job Monitor,Capacity/Performance,24,51,36.02,True,0,False,2,Coordinated with third-party vendor / corrected payload mapping; retested integration.
INC100352,2025-12-13 21:53,2025-12-14 01:14,Performance,API Latency,Billing Engine,P2 - High,Resolved,L3 Engineering,T. Divya,Monitoring Alert,Code Defect,8,21,3.35,False,0,False,3,Tuned query/index or scaled resources; response time back within threshold.
INC100168,2025-12-14 04:34,2025-12-15 14:07,Batch Job Failure,Duplicate Run,Payment Gateway,P3 - Medium,Resolved,L3 Engineering,L. Chitra,Customer,Data Issue,24,71,33.56,True,0,False,3,Re-triggered job after correcting input file; added validation check.
INC100415,2025-12-14 05:53,2025-12-14 22:29,Network,DNS Issue,Billing Engine,P3 - Medium,Closed,Network Team,B. Meena,End User,Infra Failure,24,51,16.6,False,0,False,2,Restarted network service / re-routed traffic; confirmed connectivity restored.
INC101552,2025-12-14 09:36,2025-12-16 22:15,Batch Job Failure,Job Failed - Data Error,Customer Support Portal,P4 - Low,Resolved,L3 Engineering,B. Meena,Batch Job Monitor,Unknown,72,135,60.66,False,0,False,4,Re-triggered job after correcting input file; added validation check.
INC100494,2025-12-14 10:27,2025-12-14 15:20,Integration/API,Third-Party Timeout,Order Management System,P2 - High,Reopened,App Dev Team,V. Prasad,Monitoring Alert,Data Issue,8,34,4.89,False,1,False,2,Coordinated with third-party vendor / corrected payload mapping; retested integration.
INC101297,2025-12-14 12:29,2025-12-14 20:02,Database,Data Corruption,Core Banking App,P3 - Medium,Resolved,L3 Engineering,R. Iyer,Support Team (Proactive),User Error,24,75,7.56,False,0,False,4,Optimized query / cleared lock and restarted affected session; verified data integrity.
INC101602,2025-12-14 13:35,2025-12-16 06:44,Application Issue,UI Error,Reporting Dashboard,P4 - Low,Resolved,L2 Support,N. Fathima,Monitoring Alert,Third-Party Outage,72,223,41.15,False,0,True,5,Identified faulty code path; deployed hotfix / config change and validated with user.
INC101957,2025-12-14 16:58,2025-12-15 02:49,Access/Authentication,SSO Error,Order Management System,P3 - Medium,Closed,L1 Support,R. Iyer,Batch Job Monitor,Third-Party Outage,24,28,9.85,False,0,False,5,Reset credentials / corrected access role; user confirmed successful login.
INC101067,2025-12-14 18:07,2025-12-15 15:11,Application Issue,Feature Not Working,Core Banking App,P3 - Medium,Reopened,L2 Support,V. Prasad,End User,User Error,24,87,21.07,False,1,False,5,Identified faulty code path; deployed hotfix / config change and validated with user.
INC101315,2025-12-14 18:31,2025-12-15 14:31,Batch Job Failure,Job Failed - Data Error,Customer Support Portal,P4 - Low,Closed,L3 Engineering,M. Kumar,End User,Capacity/Performance,72,96,20.0,False,0,True,5,Re-triggered job after correcting input file; added validation check.
INC101357,2025-12-14 19:34,2025-12-15 12:34,Integration/API,API Failure,Customer Support Portal,P3 - Medium,Resolved,L3 Engineering,S. Priya,Customer,Code Defect,24,52,17.0,False,0,False,4,Coordinated with third-party vendor / corrected payload mapping; retested integration.
INC101421,2025-12-14 22:06,2025-12-16 22:38,Security,Vulnerability Alert,Core Banking App,P4 - Low,Resolved,Network Team,R. Iyer,Customer,Code Defect,72,268,48.54,False,0,False,3,"Investigated alert, confirmed false positive / revoked access; updated certificate."
INC101591,2025-12-15 09:26,2025-12-16 12:11,Network,Latency,Core Banking App,P4 - Low,Closed,Network Team,S. Priya,Monitoring Alert,Capacity/Performance,72,238,26.76,False,0,True,5,Restarted network service / re-routed traffic; confirmed connectivity restored.
INC101237,2025-12-15 10:14,2025-12-15 22:49,Batch Job Failure,Job Failed - Data Error,Core Banking App,P3 - Medium,Closed,L3 Engineering,M. Kumar,Support Team (Proactive),Unknown,24,58,12.59,False,0,False,5,Re-triggered job after correcting input file; added validation check.
INC101914,2025-12-15 11:46,2025-12-17 14:11,Performance,Slow Response Time,Billing Engine,P4 - Low,Closed,DBA Team,J. Antony,Batch Job Monitor,Capacity/Performance,72,181,50.42,False,0,False,5,Tuned query/index or scaled resources; response time back within threshold.
INC100191,2025-12-15 13:44,2025-12-16 00:15,Hardware,Peripheral Not Detected,HR Portal,P3 - Medium,Resolved,L1 Support,S. Priya,End User,Capacity/Performance,24,18,10.53,False,0,False,4,Replaced/reset device; confirmed functioning with end user.
INC101189,2025-12-15 15:08,2025-12-16 00:51,Integration/API,API Failure,Reporting Dashboard,P2 - High,Resolved,L3 Engineering,B. Meena,Monitoring Alert,Data Issue,8,14,9.73,True,0,False,2,Coordinated with third-party vendor / corrected payload mapping; retested integration.
INC101821,2025-12-15 16:12,2025-12-15 20:03,Performance,Report Load Timeout,Order Management System,P2 - High,Closed,L3 Engineering,A. Rangan,Batch Job Monitor,Data Issue,8,15,3.85,False,0,False,4,Tuned query/index or scaled resources; response time back within threshold.
INC101543,2025-12-15 18:30,2025-12-16 01:33,Server/Infra,Memory Leak,Inventory System,P3 - Medium,Resolved,L3 Engineering,S. Priya,Customer,Data Issue,24,42,7.06,False,0,False,3,Freed disk space / restarted service; added monitoring alert to prevent recurrence.
INC101520,2025-12-15 19:44,2025-12-19 01:35,Integration/API,Third-Party Timeout,Payment Gateway,P3 - Medium,Closed,App Dev Team,K. Suresh,Customer,Configuration Error,24,59,77.85,True,0,False,3,Coordinated with third-party vendor / corrected payload mapping; retested integration.
INC101798,2025-12-16 11:39,2025-12-16 23:39,Database,Deadlock,Billing Engine,P3 - Medium,Resolved,L3 Engineering,T. Divya,Support Team (Proactive),Unknown,24,55,12.0,False,0,False,5,Optimized query / cleared lock and restarted affected session; verified data integrity.
INC100319,2025-12-16 14:51,2025-12-19 03:27,Batch Job Failure,Job Timeout,HR Portal,P4 - Low,Closed,App Dev Team,T. Divya,Customer,Infra Failure,72,115,60.6,False,0,False,5,Re-triggered job after correcting input file; added validation check.
INC101412,2025-12-16 15:03,2025-12-19 09:04,Integration/API,Webhook Not Firing,Core Banking App,P4 - Low,Closed,App Dev Team,R. Iyer,Support Team (Proactive),Capacity/Performance,72,271,66.03,False,0,False,1,Coordinated with third-party vendor / corrected payload mapping; retested integration.
INC101257,2025-12-16 21:11,2025-12-17 11:28,Network,VPN Failure,Auth Service,P4 - Low,Resolved,Network Team,S. Priya,Batch Job Monitor,Infra Failure,72,155,14.29,False,0,False,5,Restarted network service / re-routed traffic; confirmed connectivity restored.
INC100798,2025-12-17 10:24,2025-12-18 02:58,Batch Job Failure,Job Failed - Data Error,Order Management System,P3 - Medium,Closed,L3 Engineering,B. Meena,Monitoring Alert,Unknown,24,32,16.58,False,0,False,2,Re-triggered job after correcting input file; added validation check.
INC100651,2025-12-17 13:36,2025-12-17 20:48,Security,Vulnerability Alert,HR Portal,P2 - High,Resolved,Network Team,S. Priya,Batch Job Monitor,User Error,8,17,7.21,False,0,True,4,"Investigated alert, confirmed false positive / revoked access; updated certificate."
INC101730,2025-12-17 14:04,2025-12-19 01:12,Network,DNS Issue,Payment Gateway,P3 - Medium,Resolved,Network Team,A. Rangan,Batch Job Monitor,Configuration Error,24,95,35.14,True,0,False,3,Restarted network service / re-routed traffic; confirmed connectivity restored.
INC100737,2025-12-17 21:18,2025-12-20 10:43,Batch Job Failure,Duplicate Run,Auth Service,P4 - Low,Resolved,App Dev Team,M. Kumar,Support Team (Proactive),Infra Failure,72,173,61.43,False,0,False,3,Re-triggered job after correcting input file; added validation check.
INC101053,2025-12-18 08:54,2025-12-19 06:01,Integration/API,Webhook Not Firing,Customer Support Portal,P3 - Medium,Resolved,L3 Engineering,L. Chitra,Batch Job Monitor,Code Defect,24,85,21.12,False,0,False,3,Coordinated with third-party vendor / corrected payload mapping; retested integration.
INC100502,2025-12-18 09:47,2025-12-18 12:02,Network,Latency,Auth Service,P2 - High,Resolved,L2 Support,P. Arjun,Support Team (Proactive),Configuration Error,8,33,2.26,False,0,False,4,Restarted network service / re-routed traffic; confirmed connectivity restored.
INC100240,2025-12-18 19:54,2025-12-19 00:43,Hardware,Workstation Failure,Order Management System,P2 - High,Resolved,L1 Support,K. Suresh,End User,Infra Failure,8,20,4.83,False,0,False,5,Replaced/reset device; confirmed functioning with end user.
INC101838,2025-12-18 21:33,2025-12-21 08:39,Hardware,Peripheral Not Detected,CRM Portal,P4 - Low,Closed,L1 Support,N. Fathima,Customer,User Error,72,214,59.11,False,0,True,4,Replaced/reset device; confirmed functioning with end user.
INC101466,2025-12-19 06:33,2025-12-19 11:06,Database,Connection Pool Exhausted,Order Management System,P3 - Medium,Resolved,L3 Engineering,R. Iyer,Customer,Third-Party Outage,24,63,4.56,False,0,True,4,Optimized query / cleared lock and restarted affected session; verified data integrity.
INC101784,2025-12-19 09:44,2025-12-19 16:39,Batch Job Failure,Duplicate Run,Inventory System,P2 - High,Resolved,L3 Engineering,P. Arjun,End User,Data Issue,8,29,6.93,False,0,False,2,Re-triggered job after correcting input file; added validation check.
INC100385,2025-12-19 15:07,2025-12-19 20:56,Batch Job Failure,Job Timeout,Customer Support Portal,P3 - Medium,Resolved,App Dev Team,N. Fathima,Batch Job Monitor,User Error,24,53,5.82,False,0,False,4,Re-triggered job after correcting input file; added validation check.
INC101687,2025-12-19 16:45,2025-12-20 12:49,Integration/API,Payload Mismatch,Core Banking App,P4 - Low,Resolved,App Dev Team,S. Priya,Customer,Unknown,72,148,20.07,False,0,False,4,Coordinated with third-party vendor / corrected payload mapping; retested integration.
INC102106,2025-12-19 18:54,2025-12-20 10:24,Integration/API,API Failure,Order Management System,P3 - Medium,Resolved,L3 Engineering,M. Kumar,Monitoring Alert,Infra Failure,24,46,15.5,False,0,False,4,Coordinated with third-party vendor / corrected payload mapping; retested integration.
INC100083,2025-12-19 21:31,2025-12-21 18:43,Server/Infra,CPU Spike,CRM Portal,P4 - Low,Resolved,L3 Engineering,R. Iyer,End User,Code Defect,72,102,45.2,False,0,False,3,Freed disk space / restarted service; added monitoring alert to prevent recurrence.
INC101106,2025-12-20 04:09,2025-12-20 20:37,Network,VPN Failure,Billing Engine,P3 - Medium,Closed,L2 Support,R. Iyer,Monitoring Alert,Third-Party Outage,24,33,16.47,False,0,False,3,Restarted network service / re-routed traffic; confirmed connectivity restored.
INC101205,2025-12-20 10:12,2025-12-20 11:52,Application Issue,Data Mismatch,Payment Gateway,P2 - High,Resolved,L2 Support,K. Suresh,Support Team (Proactive),Capacity/Performance,8,9,1.68,False,0,True,3,Identified faulty code path; deployed hotfix / config change and validated with user.
INC100718,2025-12-20 13:36,2025-12-21 14:54,Application Issue,Data Mismatch,Payment Gateway,P4 - Low,Resolved,App Dev Team,P. Arjun,Monitoring Alert,Unknown,72,272,25.3,False,0,False,4,Identified faulty code path; deployed hotfix / config change and validated with user.
INC101562,2025-12-20 15:09,2025-12-20 23:42,Application Issue,Application Crash,Order Management System,P3 - Medium,Resolved,App Dev Team,R. Iyer,Batch Job Monitor,Data Issue,24,98,8.56,False,0,False,4,Identified faulty code path; deployed hotfix / config change and validated with user.
INC101869,2025-12-20 17:26,2025-12-20 19:52,Performance,Slow Response Time,Order Management System,P2 - High,Resolved,DBA Team,T. Divya,End User,Code Defect,8,29,2.44,False,0,False,3,Tuned query/index or scaled resources; response time back within threshold.
INC101601,2025-12-20 19:38,2025-12-21 14:41,Network,Firewall Block,Customer Support Portal,P3 - Medium,Closed,Network Team,B. Meena,Support Team (Proactive),User Error,24,26,19.05,False,0,False,5,Restarted network service / re-routed traffic; confirmed connectivity restored.
INC101133,2025-12-20 21:08,2025-12-21 16:02,Application Issue,Application Crash,Inventory System,P3 - Medium,Resolved,L2 Support,B. Meena,End User,Configuration Error,24,46,18.9,False,0,True,5,Identified faulty code path; deployed hotfix / config change and validated with user.
INC101878,2025-12-21 09:33,2025-12-23 22:49,Database,Data Corruption,Payment Gateway,P4 - Low,Resolved,DBA Team,R. Iyer,Batch Job Monitor,Capacity/Performance,72,162,61.28,False,0,False,5,Optimized query / cleared lock and restarted affected session; verified data integrity.
INC101380,2025-12-21 14:21,2025-12-22 06:55,Application Issue,Feature Not Working,Core Banking App,P3 - Medium,Closed,App Dev Team,M. Kumar,End User,Unknown,24,62,16.57,False,0,False,4,Identified faulty code path; deployed hotfix / config change and validated with user.
INC101071,2025-12-21 14:53,2025-12-21 22:00,Application Issue,UI Error,Auth Service,P3 - Medium,Resolved,App Dev Team,R. Iyer,Monitoring Alert,Capacity/Performance,24,64,7.13,False,0,False,3,Identified faulty code path; deployed hotfix / config change and validated with user.
INC101424,2025-12-21 15:38,2025-12-21 22:36,Performance,Report Load Timeout,Auth Service,P3 - Medium,Resolved,DBA Team,T. Divya,Batch Job Monitor,Infra Failure,24,73,6.97,False,0,False,5,Tuned query/index or scaled resources; response time back within threshold.
INC101488,2025-12-22 10:02,2025-12-23 01:14,Batch Job Failure,Job Failed - Data Error,Order Management System,P3 - Medium,Resolved,App Dev Team,B. Meena,Customer,Unknown,24,10,15.21,False,0,True,4,Re-triggered job after correcting input file; added validation check.
INC100372,2025-12-22 10:20,2025-12-22 22:29,Application Issue,Application Crash,Order Management System,P3 - Medium,Resolved,App Dev Team,K. Suresh,End User,Configuration Error,24,23,12.15,False,0,False,3,Identified faulty code path; deployed hotfix / config change and validated with user.
INC100002,2025-12-22 13:51,2025-12-24 15:37,Application Issue,Application Crash,Reporting Dashboard,P3 - Medium,Resolved,App Dev Team,M. Kumar,Monitoring Alert,Third-Party Outage,24,63,49.77,True,0,False,2,Identified faulty code path; deployed hotfix / config change and validated with user.
INC100471,2025-12-22 14:55,2025-12-22 18:00,Server/Infra,Memory Leak,Auth Service,P2 - High,Resolved,Network Team,B. Meena,Monitoring Alert,Third-Party Outage,8,24,3.09,False,0,True,3,Freed disk space / restarted service; added monitoring alert to prevent recurrence.
INC101096,2025-12-22 16:14,2025-12-22 22:08,Database,Query Timeout,Payment Gateway,P1 - Critical,Resolved,L3 Engineering,J. Antony,Batch Job Monitor,Infra Failure,4,8,5.91,True,0,True,3,Optimized query / cleared lock and restarted affected session; verified data integrity.
INC100058,2025-12-22 18:16,2025-12-23 10:15,Network,VPN Failure,Core Banking App,P4 - Low,Resolved,L2 Support,N. Fathima,End User,Third-Party Outage,72,116,15.99,False,0,False,5,Restarted network service / re-routed traffic; confirmed connectivity restored.
INC101851,2025-12-22 18:33,2025-12-23 03:57,Batch Job Failure,Job Timeout,Auth Service,P3 - Medium,Closed,L3 Engineering,J. Antony,End User,Capacity/Performance,24,46,9.41,False,0,False,3,Re-triggered job after correcting input file; added validation check.
INC100941,2025-12-22 19:38,2025-12-25 10:06,Batch Job Failure,Job Failed - Data Error,Customer Support Portal,P4 - Low,Reopened,App Dev Team,P. Arjun,Support Team (Proactive),Code Defect,72,284,62.48,False,1,True,4,Re-triggered job after correcting input file; added validation check.
INC101059,2025-12-23 10:29,2025-12-24 00:45,Access/Authentication,Password Reset,Reporting Dashboard,P4 - Low,Closed,L2 Support,R. Iyer,Support Team (Proactive),Data Issue,72,95,14.28,False,0,False,5,Reset credentials / corrected access role; user confirmed successful login.
INC101706,2025-12-23 14:36,2025-12-24 05:39,Access/Authentication,Password Reset,Core Banking App,P4 - Low,Resolved,L2 Support,J. Antony,End User,Configuration Error,72,142,15.06,False,0,False,5,Reset credentials / corrected access role; user confirmed successful login.
INC100179,2025-12-23 15:23,2025-12-26 00:46,Database,Connection Pool Exhausted,Payment Gateway,P4 - Low,Resolved,DBA Team,S. Priya,Monitoring Alert,Unknown,72,191,57.39,False,0,True,5,Optimized query / cleared lock and restarted affected session; verified data integrity.
INC101015,2025-12-23 15:34,2025-12-24 06:43,Hardware,Workstation Failure,Auth Service,P3 - Medium,Resolved,L1 Support,R. Iyer,Customer,Unknown,24,101,15.16,False,0,False,2,Replaced/reset device; confirmed functioning with end user.
INC100206,2025-12-23 19:50,2025-12-24 04:24,Integration/API,Third-Party Timeout,CRM Portal,P3 - Medium,Closed,App Dev Team,R. Iyer,End User,Unknown,24,84,8.57,False,0,False,5,Coordinated with third-party vendor / corrected payload mapping; retested integration.
INC100700,2025-12-23 20:20,2025-12-24 09:03,Server/Infra,Disk Space Full,Billing Engine,P3 - Medium,Resolved,Network Team,B. Meena,Customer,Third-Party Outage,24,62,12.73,False,0,False,4,Freed disk space / restarted service; added monitoring alert to prevent recurrence.
INC101506,2025-12-24 18:54,2025-12-24 21:51,Batch Job Failure,Job Failed - Data Error,Payment Gateway,P2 - High,Closed,App Dev Team,M. Kumar,Monitoring Alert,Third-Party Outage,8,28,2.96,False,0,False,4,Re-triggered job after correcting input file; added validation check.
INC101045,2025-12-25 00:51,2025-12-25 06:55,Integration/API,Third-Party Timeout,Billing Engine,P2 - High,Resolved,L3 Engineering,B. Meena,Customer,Code Defect,8,23,6.07,False,0,False,4,Coordinated with third-party vendor / corrected payload mapping; retested integration.
INC101793,2025-12-25 14:05,2025-12-25 19:21,Application Issue,Data Mismatch,Customer Support Portal,P2 - High,Resolved,L2 Support,K. Suresh,Batch Job Monitor,Third-Party Outage,8,31,5.27,False,0,False,3,Identified faulty code path; deployed hotfix / config change and validated with user.
INC101076,2025-12-25 17:00,2025-12-28 23:51,Network,Latency,CRM Portal,P3 - Medium,Resolved,Network Team,P. Arjun,Support Team (Proactive),Infra Failure,24,36,78.86,True,0,False,1,Restarted network service / re-routed traffic; confirmed connectivity restored.
INC101770,2025-12-25 17:37,2025-12-27 01:22,Batch Job Failure,Duplicate Run,Inventory System,P3 - Medium,Reopened,App Dev Team,P. Arjun,Batch Job Monitor,Capacity/Performance,24,66,31.76,True,1,False,1,Re-triggered job after correcting input file; added validation check.
INC101531,2025-12-26 12:44,2025-12-26 23:41,Database,Connection Pool Exhausted,CRM Portal,P3 - Medium,Resolved,DBA Team,L. Chitra,Support Team (Proactive),Configuration Error,24,52,10.96,False,0,True,4,Optimized query / cleared lock and restarted affected session; verified data integrity.
INC101239,2025-12-26 15:35,2025-12-26 16:59,Database,Query Timeout,HR Portal,P2 - High,Resolved,DBA Team,P. Arjun,Support Team (Proactive),Third-Party Outage,8,27,1.4,False,0,False,4,Optimized query / cleared lock and restarted affected session; verified data integrity.
INC100194,2025-12-26 15:52,2025-12-29 03:51,Hardware,Device Offline,Inventory System,P4 - Low,Resolved,L1 Support,N. Fathima,Batch Job Monitor,Configuration Error,72,270,59.99,False,0,False,4,Replaced/reset device; confirmed functioning with end user.
INC101154,2025-12-26 17:56,2025-12-27 09:43,Server/Infra,Memory Leak,Order Management System,P3 - Medium,Closed,L3 Engineering,N. Fathima,Customer,Configuration Error,24,68,15.79,False,0,False,5,Freed disk space / restarted service; added monitoring alert to prevent recurrence.
INC101659,2025-12-26 18:28,2025-12-27 16:04,Application Issue,Feature Not Working,Order Management System,P3 - Medium,Closed,App Dev Team,B. Meena,Batch Job Monitor,Infra Failure,24,50,21.61,False,0,False,5,Identified faulty code path; deployed hotfix / config change and validated with user.
INC100199,2025-12-26 20:28,2025-12-27 09:59,Batch Job Failure,Job Not Triggered,Billing Engine,P3 - Medium,Resolved,App Dev Team,K. Suresh,Customer,Data Issue,24,81,13.52,False,0,False,2,Re-triggered job after correcting input file; added validation check.
INC100828,2025-12-26 21:21,2025-12-27 15:21,Integration/API,API Failure,Reporting Dashboard,P3 - Medium,Resolved,L3 Engineering,J. Antony,Customer,Data Issue,24,58,18.0,False,0,False,5,Coordinated with third-party vendor / corrected payload mapping; retested integration.
INC101900,2025-12-27 10:16,2025-12-30 05:32,Hardware,Printer Issue,Inventory System,P4 - Low,Closed,L1 Support,R. Iyer,Customer,Data Issue,72,183,67.28,False,0,False,5,Replaced/reset device; confirmed functioning with end user.
INC102016,2025-12-27 13:14,2025-12-29 07:08,Performance,API Latency,Core Banking App,P3 - Medium,Closed,DBA Team,L. Chitra,End User,User Error,24,42,41.9,True,0,False,5,Tuned query/index or scaled resources; response time back within threshold.
INC100256,2025-12-27 20:10,2025-12-28 15:34,Database,Deadlock,Reporting Dashboard,P3 - Medium,Resolved,DBA Team,M. Kumar,Customer,Code Defect,24,80,19.41,False,0,True,4,Optimized query / cleared lock and restarted affected session; verified data integrity.
INC102078,2025-12-28 10:25,2025-12-29 05:41,Access/Authentication,SSO Error,Auth Service,P3 - Medium,Resolved,L2 Support,P. Arjun,Customer,Capacity/Performance,24,33,19.28,False,0,False,4,Reset credentials / corrected access role; user confirmed successful login.
INC100652,2025-12-28 11:06,2025-12-28 12:36,Server/Infra,CPU Spike,Core Banking App,P1 - Critical,Reopened,L3 Engineering,A. Rangan,Customer,Code Defect,4,12,1.5,False,1,False,3,Freed disk space / restarted service; added monitoring alert to prevent recurrence.
INC101383,2025-12-28 13:51,2025-12-29 08:16,Access/Authentication,SSO Error,HR Portal,P3 - Medium,Closed,L2 Support,V. Prasad,Customer,User Error,24,100,18.43,False,0,False,4,Reset credentials / corrected access role; user confirmed successful login.
INC100931,2025-12-28 16:21,2026-01-04 09:28,Application Issue,Application Crash,Auth Service,P4 - Low,Resolved,L2 Support,M. Kumar,Monitoring Alert,Data Issue,72,112,161.13,True,0,True,3,Identified faulty code path; deployed hotfix / config change and validated with user.
INC100849,2025-12-28 18:36,2025-12-30 03:28,Access/Authentication,SSO Error,CRM Portal,P4 - Low,Resolved,L1 Support,J. Antony,Support Team (Proactive),Third-Party Outage,72,183,32.88,False,0,False,1,Reset credentials / corrected access role; user confirmed successful login.
INC100815,2025-12-29 04:32,2025-12-29 09:26,Batch Job Failure,Job Not Triggered,Auth Service,P3 - Medium,Resolved,App Dev Team,J. Antony,Batch Job Monitor,Unknown,24,97,4.9,False,0,False,2,Re-triggered job after correcting input file; added validation check.
INC101245,2025-12-29 10:05,2025-12-29 13:16,Application Issue,Feature Not Working,Payment Gateway,P1 - Critical,Closed,App Dev Team,N. Fathima,Customer,User Error,4,12,3.19,False,0,True,5,Identified faulty code path; deployed hotfix / config change and validated with user.
INC100316,2025-12-29 12:00,2025-12-31 12:06,Database,Query Timeout,Payment Gateway,P3 - Medium,Closed,DBA Team,B. Meena,Customer,Capacity/Performance,24,45,48.1,True,0,False,2,Optimized query / cleared lock and restarted affected session; verified data integrity.
INC101396,2025-12-29 14:17,2025-12-29 20:05,Performance,Slow Response Time,Inventory System,P3 - Medium,Resolved,DBA Team,B. Meena,Monitoring Alert,Infra Failure,24,61,5.8,False,0,False,4,Tuned query/index or scaled resources; response time back within threshold.
INC101541,2025-12-29 15:13,2025-12-29 16:58,Application Issue,Application Crash,Inventory System,P1 - Critical,Closed,App Dev Team,J. Antony,Batch Job Monitor,Code Defect,4,9,1.76,False,0,True,4,Identified faulty code path; deployed hotfix / config change and validated with user.
INC101298,2025-12-30 02:43,2025-12-30 18:02,Server/Infra,Server Down,Billing Engine,P3 - Medium,Resolved,L3 Engineering,S. Priya,Batch Job Monitor,Third-Party Outage,24,88,15.32,False,0,False,2,Freed disk space / restarted service; added monitoring alert to prevent recurrence.
INC101669,2025-12-30 09:02,2026-01-02 12:14,Server/Infra,CPU Spike,Core Banking App,P3 - Medium,Resolved,L3 Engineering,L. Chitra,End User,Capacity/Performance,24,51,75.21,True,0,False,1,Freed disk space / restarted service; added monitoring alert to prevent recurrence.
INC101042,2025-12-30 09:59,2025-12-31 04:18,Batch Job Failure,Job Failed - Data Error,Payment Gateway,P3 - Medium,Resolved,App Dev Team,N. Fathima,Batch Job Monitor,Capacity/Performance,24,60,18.32,False,0,False,3,Re-triggered job after correcting input file; added validation check.
INC100411,2025-12-30 14:38,2025-12-30 21:05,Security,Suspicious Login,Customer Support Portal,P1 - Critical,Resolved,L3 Engineering,R. Iyer,Customer,Third-Party Outage,4,18,6.45,True,0,False,3,"Investigated alert, confirmed false positive / revoked access; updated certificate."
INC100805,2025-12-30 16:51,2025-12-31 03:00,Server/Infra,Memory Leak,HR Portal,P3 - Medium,Resolved,L3 Engineering,T. Divya,Batch Job Monitor,Capacity/Performance,24,35,10.15,False,0,True,5,Freed disk space / restarted service; added monitoring alert to prevent recurrence.
INC100357,2025-12-30 18:37,2025-12-30 22:13,Batch Job Failure,Duplicate Run,Reporting Dashboard,P2 - High,Resolved,App Dev Team,S. Priya,Batch Job Monitor,Data Issue,8,38,3.6,False,0,False,4,Re-triggered job after correcting input file; added validation check.
INC100872,2025-12-30 18:51,2025-12-31 18:01,Network,DNS Issue,Reporting Dashboard,P2 - High,Resolved,L2 Support,S. Priya,End User,Configuration Error,8,35,23.17,True,0,False,3,Restarted network service / re-routed traffic; confirmed connectivity restored.
INC100021,2025-12-31 05:56,2025-12-31 07:23,Performance,Slow Response Time,Reporting Dashboard,P2 - High,Resolved,DBA Team,P. Arjun,Monitoring Alert,User Error,8,33,1.45,False,0,False,3,Tuned query/index or scaled resources; response time back within threshold.
INC101272,2025-12-31 09:33,2026-01-02 15:03,Integration/API,Payload Mismatch,Inventory System,P4 - Low,Closed,App Dev Team,R. Iyer,Customer,Infra Failure,72,229,53.5,False,0,True,3,Coordinated with third-party vendor / corrected payload mapping; retested integration.
INC100981,2025-12-31 10:41,2026-01-02 00:09,Batch Job Failure,Job Failed - Data Error,Customer Support Portal,P4 - Low,Closed,App Dev Team,T. Divya,Support Team (Proactive),User Error,72,176,37.47,False,0,False,4,Re-triggered job after correcting input file; added validation check.
INC100188,2025-12-31 14:10,2025-12-31 19:50,Database,Connection Pool Exhausted,HR Portal,P3 - Medium,Resolved,DBA Team,K. Suresh,End User,Third-Party Outage,24,30,5.67,False,0,False,4,Optimized query / cleared lock and restarted affected session; verified data integrity.
INC101868,2025-12-31 19:25,2026-01-03 21:57,Batch Job Failure,Job Not Triggered,Auth Service,P3 - Medium,Resolved,App Dev Team,P. Arjun,Support Team (Proactive),Code Defect,24,18,74.54,True,0,False,3,Re-triggered job after correcting input file; added validation check.
INC101752,2025-12-31 19:45,2026-01-01 17:57,Batch Job Failure,Job Timeout,Inventory System,P3 - Medium,Resolved,App Dev Team,R. Iyer,Support Team (Proactive),Code Defect,24,110,22.2,False,0,True,4,Re-triggered job after correcting input file; added validation check.
INC102151,2025-12-31 21:27,2026-01-01 07:54,Application Issue,Application Crash,Customer Support Portal,P3 - Medium,Resolved,App Dev Team,B. Meena,Customer,Capacity/Performance,24,50,10.46,False,0,False,5,Identified faulty code path; deployed hotfix / config change and validated with user.
INC101234,2026-01-01 10:45,2026-01-01 19:39,Hardware,Device Offline,Core Banking App,P1 - Critical,Closed,L1 Support,M. Kumar,End User,Data Issue,4,10,8.91,True,0,False,3,Replaced/reset device; confirmed functioning with end user.
INC101799,2026-01-01 13:20,2026-01-02 03:32,Security,Vulnerability Alert,Auth Service,P4 - Low,Resolved,L3 Engineering,A. Rangan,Customer,Capacity/Performance,72,270,14.21,False,0,False,5,"Investigated alert, confirmed false positive / revoked access; updated certificate."
INC100844,2026-01-01 14:19,2026-01-01 21:32,Server/Infra,Server Down,Auth Service,P3 - Medium,Resolved,Network Team,R. Iyer,Support Team (Proactive),Capacity/Performance,24,78,7.22,False,0,False,5,Freed disk space / restarted service; added monitoring alert to prevent recurrence.
INC101566,2026-01-01 16:26,2026-01-01 21:35,Hardware,Device Offline,HR Portal,P3 - Medium,Resolved,L1 Support,A. Rangan,Customer,Capacity/Performance,24,35,5.15,False,0,False,4,Replaced/reset device; confirmed functioning with end user.
INC101614,2026-01-01 20:41,2026-01-02 00:28,Access/Authentication,Permission Denied,Core Banking App,P1 - Critical,Resolved,L2 Support,S. Priya,Batch Job Monitor,Capacity/Performance,4,2,3.79,False,0,False,5,Reset credentials / corrected access role; user confirmed successful login.
INC100276,2026-01-01 21:58,2026-01-02 07:07,Security,Vulnerability Alert,Customer Support Portal,P3 - Medium,Resolved,L3 Engineering,V. Prasad,Monitoring Alert,Configuration Error,24,68,9.16,False,0,False,4,"Investigated alert, confirmed false positive / revoked access; updated certificate."
INC101090,2026-01-01 23:18,2026-01-04 16:46,Integration/API,Webhook Not Firing,Core Banking App,P4 - Low,Reopened,L3 Engineering,J. Antony,Monitoring Alert,Data Issue,72,117,65.48,False,1,False,1,Coordinated with third-party vendor / corrected payload mapping; retested integration.
INC101344,2026-01-02 11:44,2026-01-02 14:07,Security,Unauthorized Access Attempt,CRM Portal,P2 - High,Resolved,Network Team,B. Meena,Customer,User Error,8,26,2.39,False,0,False,3,"Investigated alert, confirmed false positive / revoked access; updated certificate."
INC100905,2026-01-02 16:14,2026-01-02 21:13,Performance,Slow Response Time,Payment Gateway,P3 - Medium,Resolved,L3 Engineering,K. Suresh,Customer,Code Defect,24,66,4.99,False,0,False,5,Tuned query/index or scaled resources; response time back within threshold.
INC100425,2026-01-02 19:54,2026-01-02 23:57,Hardware,Workstation Failure,Inventory System,P2 - High,Resolved,L1 Support,N. Fathima,Customer,Code Defect,8,41,4.05,False,0,False,1,Replaced/reset device; confirmed functioning with end user.
INC100944,2026-01-02 21:19,2026-01-05 14:58,Hardware,Peripheral Not Detected,Core Banking App,P3 - Medium,Resolved,L1 Support,M. Kumar,Customer,Data Issue,24,30,65.66,True,0,False,3,Replaced/reset device; confirmed functioning with end user.
INC102102,2026-01-02 21:26,2026-01-03 03:34,Server/Infra,CPU Spike,HR Portal,P2 - High,Resolved,Network Team,T. Divya,Customer,User Error,8,32,6.14,False,0,False,5,Freed disk space / restarted service; added monitoring alert to prevent recurrence.
INC101391,2026-01-02 21:58,2026-01-13 08:04,Application Issue,Application Crash,CRM Portal,P4 - Low,Closed,L2 Support,P. Arjun,Monitoring Alert,User Error,72,111,250.11,True,0,False,5,Identified faulty code path; deployed hotfix / config change and validated with user.
INC101950,2026-01-03 09:11,2026-01-03 18:13,Application Issue,Application Crash,Inventory System,P3 - Medium,Reopened,L2 Support,P. Arjun,End User,Data Issue,24,69,9.04,False,1,False,3,Identified faulty code path; deployed hotfix / config change and validated with user.
INC100142,2026-01-03 11:43,2026-01-03 14:41,Performance,Report Load Timeout,HR Portal,P2 - High,Resolved,DBA Team,N. Fathima,Monitoring Alert,Configuration Error,8,23,2.97,False,0,False,5,Tuned query/index or scaled resources; response time back within threshold.
INC100150,2026-01-03 17:10,2026-01-05 04:51,Batch Job Failure,Duplicate Run,Order Management System,P4 - Low,Resolved,L3 Engineering,P. Arjun,Monitoring Alert,Infra Failure,72,211,35.69,False,0,False,4,Re-triggered job after correcting input file; added validation check.
INC100426,2026-01-03 18:53,2026-01-05 21:44,Performance,Slow Response Time,Payment Gateway,P3 - Medium,Resolved,DBA Team,V. Prasad,Customer,User Error,24,94,50.86,True,0,False,4,Tuned query/index or scaled resources; response time back within threshold.
INC100130,2026-01-03 20:13,2026-01-04 06:43,Performance,Report Load Timeout,HR Portal,P3 - Medium,Closed,DBA Team,N. Fathima,Support Team (Proactive),Third-Party Outage,24,109,10.51,False,0,False,4,Tuned query/index or scaled resources; response time back within threshold.
INC100597,2026-01-03 20:54,2026-01-04 00:16,Server/Infra,Disk Space Full,Inventory System,P2 - High,Closed,L3 Engineering,K. Suresh,End User,Data Issue,8,15,3.38,False,0,False,5,Freed disk space / restarted service; added monitoring alert to prevent recurrence.
INC100869,2026-01-04 09:27,2026-01-04 15:05,Integration/API,Third-Party Timeout,Customer Support Portal,P3 - Medium,Resolved,L3 Engineering,N. Fathima,Customer,Code Defect,24,79,5.64,False,0,False,3,Coordinated with third-party vendor / corrected payload mapping; retested integration.
INC101800,2026-01-04 09:44,2026-01-04 18:05,Database,Deadlock,Customer Support Portal,P3 - Medium,Resolved,L3 Engineering,S. Priya,Customer,Infra Failure,24,64,8.36,False,0,False,4,Optimized query / cleared lock and restarted affected session; verified data integrity.
INC101363,2026-01-04 09:56,2026-01-06 14:51,Security,Vulnerability Alert,HR Portal,P4 - Low,Resolved,Network Team,K. Suresh,Support Team (Proactive),Capacity/Performance,72,200,52.92,False,0,False,5,"Investigated alert, confirmed false positive / revoked access; updated certificate."
INC102071,2026-01-04 12:21,2026-01-05 00:28,Server/Infra,CPU Spike,Reporting Dashboard,P3 - Medium,Closed,Network Team,L. Chitra,Support Team (Proactive),User Error,24,33,12.12,False,0,False,4,Freed disk space / restarted service; added monitoring alert to prevent recurrence.
INC100633,2026-01-04 13:20,2026-01-04 14:54,Hardware,Printer Issue,Auth Service,P1 - Critical,Resolved,L1 Support,R. Iyer,End User,Data Issue,4,19,1.58,False,0,False,3,Replaced/reset device; confirmed functioning with end user.
INC101393,2026-01-04 14:04,2026-01-06 05:04,Integration/API,Third-Party Timeout,Reporting Dashboard,P4 - Low,Resolved,L3 Engineering,R. Iyer,Monitoring Alert,Capacity/Performance,72,193,39.0,False,0,False,3,Coordinated with third-party vendor / corrected payload mapping; retested integration.
INC100174,2026-01-04 15:01,2026-01-07 01:04,Server/Infra,Server Down,Core Banking App,P3 - Medium,Resolved,Network Team,A. Rangan,Customer,User Error,24,67,58.05,True,0,True,3,Freed disk space / restarted service; added monitoring alert to prevent recurrence.
INC101563,2026-01-04 17:04,2026-01-05 10:53,Network,Latency,Inventory System,P2 - High,Resolved,L2 Support,S. Priya,Customer,Code Defect,8,18,17.82,True,0,False,2,Restarted network service / re-routed traffic; confirmed connectivity restored.
INC100556,2026-01-04 17:31,2026-01-05 12:01,Hardware,Device Offline,Order Management System,P3 - Medium,Closed,L1 Support,S. Priya,Support Team (Proactive),Capacity/Performance,24,76,18.51,False,0,True,3,Replaced/reset device; confirmed functioning with end user.
INC101523,2026-01-04 18:00,2026-01-05 11:22,Integration/API,Third-Party Timeout,Auth Service,P3 - Medium,Closed,L3 Engineering,M. Kumar,End User,Code Defect,24,72,17.37,False,0,False,5,Coordinated with third-party vendor / corrected payload mapping; retested integration.
INC100559,2026-01-04 18:53,2026-01-06 18:49,Performance,Report Load Timeout,Inventory System,P4 - Low,Resolved,L3 Engineering,L. Chitra,Support Team (Proactive),User Error,72,66,47.94,False,0,True,3,Tuned query/index or scaled resources; response time back within threshold.
INC100132,2026-01-04 19:43,2026-01-07 00:00,Batch Job Failure,Job Not Triggered,Inventory System,P4 - Low,Resolved,L3 Engineering,N. Fathima,Monitoring Alert,Third-Party Outage,72,347,52.29,False,0,False,5,Re-triggered job after correcting input file; added validation check.
INC101034,2026-01-05 08:21,2026-01-06 05:06,Server/Infra,Disk Space Full,Order Management System,P3 - Medium,Resolved,Network Team,L. Chitra,Support Team (Proactive),Infra Failure,24,46,20.76,False,0,False,3,Freed disk space / restarted service; added monitoring alert to prevent recurrence.
INC100140,2026-01-05 10:17,2026-01-08 19:08,Network,Firewall Block,CRM Portal,P3 - Medium,Resolved,L2 Support,T. Divya,Batch Job Monitor,Configuration Error,24,52,80.85,True,0,True,4,Restarted network service / re-routed traffic; confirmed connectivity restored.
INC100776,2026-01-05 13:56,2026-01-05 17:32,Performance,API Latency,HR Portal,P2 - High,Closed,DBA Team,L. Chitra,End User,Capacity/Performance,8,22,3.61,False,0,False,3,Tuned query/index or scaled resources; response time back within threshold.
INC100143,2026-01-05 16:38,2026-01-06 04:41,Security,Certificate Expiry,CRM Portal,P3 - Medium,Resolved,L3 Engineering,A. Rangan,Customer,Third-Party Outage,24,72,12.05,False,0,False,5,"Investigated alert, confirmed false positive / revoked access; updated certificate."
INC101191,2026-01-05 19:39,2026-01-08 15:51,Application Issue,Application Crash,Order Management System,P4 - Low,Resolved,App Dev Team,N. Fathima,Monitoring Alert,Unknown,72,221,68.21,False,0,False,4,Identified faulty code path; deployed hotfix / config change and validated with user.
INC100716,2026-01-05 21:47,2026-01-05 23:33,Network,Latency,Inventory System,P2 - High,Resolved,Network Team,A. Rangan,Support Team (Proactive),User Error,8,20,1.78,False,0,True,5,Restarted network service / re-routed traffic; confirmed connectivity restored.
INC100263,2026-01-06 11:09,2026-01-09 00:41,Database,Query Timeout,Inventory System,P4 - Low,Resolved,DBA Team,J. Antony,End User,Unknown,72,136,61.54,False,0,False,4,Optimized query / cleared lock and restarted affected session; verified data integrity.
INC100870,2026-01-06 11:59,2026-01-08 01:45,Database,Connection Pool Exhausted,Auth Service,P3 - Medium,Resolved,L3 Engineering,B. Meena,Batch Job Monitor,User Error,24,53,37.77,True,0,True,5,Optimized query / cleared lock and restarted affected session; verified data integrity.
INC101017,2026-01-06 13:20,2026-01-07 01:10,Hardware,Printer Issue,Core Banking App,P3 - Medium,Resolved,L1 Support,T. Divya,Batch Job Monitor,User Error,24,41,11.84,False,0,False,5,Replaced/reset device; confirmed functioning with end user.
INC101560,2026-01-06 13:36,2026-01-08 17:52,Server/Infra,Memory Leak,Core Banking App,P4 - Low,Resolved,Network Team,K. Suresh,Batch Job Monitor,Third-Party Outage,72,59,52.28,False,0,False,5,Freed disk space / restarted service; added monitoring alert to prevent recurrence.
INC100147,2026-01-06 14:10,2026-01-07 04:28,Security,Suspicious Login,Auth Service,P3 - Medium,Resolved,L3 Engineering,V. Prasad,End User,Code Defect,24,73,14.31,False,0,False,3,"Investigated alert, confirmed false positive / revoked access; updated certificate."
INC101893,2026-01-06 14:14,2026-01-07 07:26,Hardware,Workstation Failure,Inventory System,P3 - Medium,Resolved,L1 Support,A. Rangan,Batch Job Monitor,Unknown,24,39,17.2,False,0,False,4,Replaced/reset device; confirmed functioning with end user.
INC101651,2026-01-06 15:02,2026-01-07 03:55,Database,Connection Pool Exhausted,Auth Service,P3 - Medium,Closed,DBA Team,B. Meena,Support Team (Proactive),Infra Failure,24,33,12.89,False,0,False,4,Optimized query / cleared lock and restarted affected session; verified data integrity.
INC101787,2026-01-06 16:43,2026-01-06 18:19,Network,Firewall Block,Auth Service,P2 - High,Closed,Network Team,R. Iyer,Batch Job Monitor,Unknown,8,31,1.6,False,0,True,3,Restarted network service / re-routed traffic; confirmed connectivity restored.
INC101192,2026-01-06 17:05,2026-01-06 20:21,Performance,API Latency,Auth Service,P2 - High,Closed,L3 Engineering,A. Rangan,End User,Unknown,8,26,3.27,False,0,False,4,Tuned query/index or scaled resources; response time back within threshold.
INC101814,2026-01-06 21:16,2026-01-07 07:29,Security,Vulnerability Alert,Inventory System,P3 - Medium,Closed,Network Team,R. Iyer,Support Team (Proactive),Unknown,24,80,10.22,False,0,False,4,"Investigated alert, confirmed false positive / revoked access; updated certificate."
INC101670,2026-01-06 22:20,2026-01-07 11:23,Batch Job Failure,Job Not Triggered,Core Banking App,P3 - Medium,Resolved,L3 Engineering,M. Kumar,Monitoring Alert,Configuration Error,24,85,13.06,False,0,True,5,Re-triggered job after correcting input file; added validation check.
INC100752,2026-01-07 02:00,2026-01-08 01:58,Database,Data Corruption,Inventory System,P2 - High,Resolved,DBA Team,B. Meena,Customer,User Error,8,18,23.97,True,0,False,3,Optimized query / cleared lock and restarted affected session; verified data integrity.
INC100923,2026-01-07 09:52,2026-01-08 09:51,Performance,API Latency,Auth Service,P4 - Low,Resolved,L3 Engineering,T. Divya,Batch Job Monitor,User Error,72,194,23.99,False,0,False,4,Tuned query/index or scaled resources; response time back within threshold.
INC100346,2026-01-07 09:57,2026-01-07 19:52,Integration/API,Webhook Not Firing,Core Banking App,P3 - Medium,Resolved,App Dev Team,P. Arjun,Customer,User Error,24,93,9.93,False,0,False,1,Coordinated with third-party vendor / corrected payload mapping; retested integration.
INC100484,2026-01-07 11:20,2026-01-07 20:17,Integration/API,Payload Mismatch,Payment Gateway,P3 - Medium,Resolved,App Dev Team,L. Chitra,Customer,Infra Failure,24,32,8.96,False,0,False,5,Coordinated with third-party vendor / corrected payload mapping; retested integration.
INC101910,2026-01-07 11:48,2026-01-10 04:23,Database,Connection Pool Exhausted,Billing Engine,P4 - Low,Closed,DBA Team,S. Priya,End User,Capacity/Performance,72,213,64.59,False,0,False,5,Optimized query / cleared lock and restarted affected session; verified data integrity.
INC100610,2026-01-07 13:50,2026-01-08 05:17,Hardware,Workstation Failure,HR Portal,P4 - Low,Resolved,L1 Support,L. Chitra,Monitoring Alert,Capacity/Performance,72,274,15.45,False,0,False,4,Replaced/reset device; confirmed functioning with end user.
INC102006,2026-01-07 15:30,2026-01-10 10:01,Database,Deadlock,CRM Portal,P4 - Low,Closed,DBA Team,M. Kumar,Batch Job Monitor,Data Issue,72,135,66.53,False,0,False,3,Optimized query / cleared lock and restarted affected session; verified data integrity.
INC101714,2026-01-07 16:44,2026-01-08 12:41,Database,Data Corruption,Billing Engine,P3 - Medium,Resolved,DBA Team,T. Divya,Batch Job Monitor,Infra Failure,24,31,19.96,False,0,False,2,Optimized query / cleared lock and restarted affected session; verified data integrity.
INC100963,2026-01-07 17:25,2026-01-07 23:40,Integration/API,Payload Mismatch,Reporting Dashboard,P2 - High,Closed,L3 Engineering,M. Kumar,Monitoring Alert,Infra Failure,8,18,6.25,False,0,False,3,Coordinated with third-party vendor / corrected payload mapping; retested integration.
INC101028,2026-01-07 17:40,2026-01-07 19:50,Performance,Slow Response Time,Customer Support Portal,P1 - Critical,Resolved,L3 Engineering,S. Priya,Customer,Capacity/Performance,4,13,2.18,False,0,True,3,Tuned query/index or scaled resources; response time back within threshold.
INC100907,2026-01-07 17:47,2026-01-08 03:44,Server/Infra,Disk Space Full,HR Portal,P3 - Medium,Resolved,L3 Engineering,P. Arjun,End User,Unknown,24,66,9.95,False,0,False,4,Freed disk space / restarted service; added monitoring alert to prevent recurrence.
INC101631,2026-01-07 18:02,2026-01-08 00:00,Security,Unauthorized Access Attempt,Order Management System,P3 - Medium,Resolved,L3 Engineering,M. Kumar,Batch Job Monitor,Configuration Error,24,51,5.97,False,0,False,5,"Investigated alert, confirmed false positive / revoked access; updated certificate."
INC100237,2026-01-07 18:52,2026-01-10 15:25,Server/Infra,Server Down,Inventory System,P3 - Medium,Resolved,Network Team,V. Prasad,Batch Job Monitor,Code Defect,24,50,68.56,True,0,True,4,Freed disk space / restarted service; added monitoring alert to prevent recurrence.
INC100231,2026-01-07 21:55,2026-01-18 03:42,Integration/API,Webhook Not Firing,Reporting Dashboard,P4 - Low,Closed,App Dev Team,L. Chitra,Monitoring Alert,User Error,72,2,245.79,True,0,True,1,Coordinated with third-party vendor / corrected payload mapping; retested integration.
INC100767,2026-01-08 11:16,2026-01-08 12:50,Performance,Report Load Timeout,Payment Gateway,P2 - High,Resolved,DBA Team,N. Fathima,End User,User Error,8,38,1.58,False,0,False,3,Tuned query/index or scaled resources; response time back within threshold.
INC101635,2026-01-08 12:49,2026-01-08 15:14,Batch Job Failure,Job Timeout,CRM Portal,P1 - Critical,Resolved,App Dev Team,R. Iyer,End User,Configuration Error,4,15,2.43,False,0,False,5,Re-triggered job after correcting input file; added validation check.
INC100777,2026-01-08 19:44,2026-01-09 08:42,Performance,Slow Response Time,Inventory System,P3 - Medium,Resolved,L3 Engineering,P. Arjun,Monitoring Alert,Configuration Error,24,52,12.98,False,0,False,4,Tuned query/index or scaled resources; response time back within threshold.
INC101206,2026-01-08 20:49,2026-01-09 07:58,Access/Authentication,Permission Denied,Inventory System,P4 - Low,Resolved,L1 Support,B. Meena,Monitoring Alert,Configuration Error,72,131,11.16,False,0,True,3,Reset credentials / corrected access role; user confirmed successful login.
INC101150,2026-01-08 21:07,2026-01-11 03:43,Access/Authentication,Permission Denied,Billing Engine,P4 - Low,Resolved,L1 Support,S. Priya,Customer,Unknown,72,137,54.6,False,0,False,4,Reset credentials / corrected access role; user confirmed successful login.
INC100586,2026-01-09 06:38,2026-01-10 19:05,Application Issue,UI Error,CRM Portal,P3 - Medium,Resolved,L2 Support,T. Divya,End User,Data Issue,24,74,36.45,True,0,True,3,Identified faulty code path; deployed hotfix / config change and validated with user.
INC102113,2026-01-09 07:43,2026-01-09 15:09,Security,Vulnerability Alert,Auth Service,P2 - High,Resolved,L3 Engineering,V. Prasad,End User,Data Issue,8,21,7.44,False,0,False,5,"Investigated alert, confirmed false positive / revoked access; updated certificate."
INC100299,2026-01-09 13:12,2026-01-09 15:52,Security,Vulnerability Alert,Core Banking App,P1 - Critical,Resolved,Network Team,V. Prasad,Batch Job Monitor,Third-Party Outage,4,12,2.68,False,0,False,4,"Investigated alert, confirmed false positive / revoked access; updated certificate."
INC102130,2026-01-09 14:47,2026-01-10 11:56,Security,Suspicious Login,HR Portal,P3 - Medium,Resolved,Network Team,K. Suresh,Support Team (Proactive),Configuration Error,24,38,21.15,False,0,False,5,"Investigated alert, confirmed false positive / revoked access; updated certificate."
INC101986,2026-01-09 18:07,2026-01-10 18:40,Network,Firewall Block,Payment Gateway,P4 - Low,Resolved,Network Team,B. Meena,Customer,Data Issue,72,134,24.56,False,0,False,4,Restarted network service / re-routed traffic; confirmed connectivity restored.
INC102120,2026-01-09 18:15,2026-01-10 16:51,Hardware,Printer Issue,Customer Support Portal,P4 - Low,Resolved,L1 Support,R. Iyer,Support Team (Proactive),Configuration Error,72,114,22.6,False,0,True,5,Replaced/reset device; confirmed functioning with end user.
INC101764,2026-01-10 10:11,2026-01-10 17:11,Batch Job Failure,Duplicate Run,Customer Support Portal,P2 - High,Resolved,L3 Engineering,L. Chitra,Batch Job Monitor,Unknown,8,8,7.0,False,0,False,4,Re-triggered job after correcting input file; added validation check.
INC101142,2026-01-10 11:25,2026-01-10 18:31,Performance,Report Load Timeout,Billing Engine,P2 - High,Resolved,DBA Team,V. Prasad,Monitoring Alert,User Error,8,9,7.1,False,0,False,5,Tuned query/index or scaled resources; response time back within threshold.
INC100034,2026-01-10 11:38,2026-01-12 07:36,Security,Suspicious Login,CRM Portal,P4 - Low,Closed,L3 Engineering,S. Priya,Support Team (Proactive),Code Defect,72,95,43.97,False,0,False,4,"Investigated alert, confirmed false positive / revoked access; updated certificate."
INC100740,2026-01-10 19:34,2026-01-11 01:54,Batch Job Failure,Job Timeout,Billing Engine,P3 - Medium,Resolved,App Dev Team,M. Kumar,Monitoring Alert,Infra Failure,24,36,6.34,False,0,False,5,Re-triggered job after correcting input file; added validation check.
INC100254,2026-01-10 20:47,2026-01-11 03:21,Application Issue,UI Error,Auth Service,P3 - Medium,Resolved,L2 Support,L. Chitra,Batch Job Monitor,Capacity/Performance,24,68,6.57,False,0,False,4,Identified faulty code path; deployed hotfix / config change and validated with user.
INC100778,2026-01-10 22:59,2026-01-11 19:33,Performance,API Latency,HR Portal,P3 - Medium,Reopened,DBA Team,S. Priya,End User,Capacity/Performance,24,50,20.57,False,1,False,3,Tuned query/index or scaled resources; response time back within threshold.
INC100641,2026-01-11 00:43,2026-01-11 15:16,Batch Job Failure,Job Timeout,Reporting Dashboard,P3 - Medium,Closed,App Dev Team,S. Priya,Support Team (Proactive),Unknown,24,67,14.55,False,0,True,5,Re-triggered job after correcting input file; added validation check.
INC101846,2026-01-11 09:46,2026-01-12 03:40,Performance,Report Load Timeout,Auth Service,P3 - Medium,Resolved,DBA Team,M. Kumar,Monitoring Alert,User Error,24,54,17.9,False,0,False,3,Tuned query/index or scaled resources; response time back within threshold.
INC100683,2026-01-11 13:05,2026-01-12 03:36,Integration/API,Third-Party Timeout,Reporting Dashboard,P3 - Medium,Reopened,L3 Engineering,P. Arjun,Monitoring Alert,Code Defect,24,90,14.52,False,1,False,3,Coordinated with third-party vendor / corrected payload mapping; retested integration.
INC100914,2026-01-11 17:08,2026-01-11 22:06,Network,VPN Failure,Order Management System,P3 - Medium,Closed,Network Team,K. Suresh,End User,Infra Failure,24,58,4.97,False,0,False,4,Restarted network service / re-routed traffic; confirmed connectivity restored.
INC101657,2026-01-11 18:09,2026-01-11 21:52,Server/Infra,CPU Spike,Payment Gateway,P3 - Medium,Resolved,Network Team,L. Chitra,Support Team (Proactive),Third-Party Outage,24,48,3.73,False,0,False,5,Freed disk space / restarted service; added monitoring alert to prevent recurrence.
INC101593,2026-01-11 18:46,2026-01-11 21:20,Application Issue,Feature Not Working,Inventory System,P2 - High,Resolved,L2 Support,J. Antony,Monitoring Alert,Third-Party Outage,8,43,2.58,False,0,False,4,Identified faulty code path; deployed hotfix / config change and validated with user.
INC100430,2026-01-12 11:11,2026-01-13 10:53,Hardware,Printer Issue,Reporting Dashboard,P4 - Low,Resolved,L1 Support,S. Priya,Support Team (Proactive),Data Issue,72,14,23.71,False,0,False,4,Replaced/reset device; confirmed functioning with end user.
INC101903,2026-01-12 11:27,2026-01-14 14:27,Access/Authentication,Password Reset,Order Management System,P3 - Medium,Resolved,L1 Support,R. Iyer,Batch Job Monitor,Capacity/Performance,24,27,51.01,True,0,False,2,Reset credentials / corrected access role; user confirmed successful login.
INC100692,2026-01-12 13:11,2026-01-13 00:33,Network,Firewall Block,Payment Gateway,P3 - Medium,Closed,L2 Support,S. Priya,Batch Job Monitor,Configuration Error,24,73,11.37,False,0,True,3,Restarted network service / re-routed traffic; confirmed connectivity restored.
INC100921,2026-01-12 13:54,2026-01-12 20:13,Network,Firewall Block,Order Management System,P3 - Medium,Resolved,Network Team,V. Prasad,Monitoring Alert,Configuration Error,24,45,6.32,False,0,False,5,Restarted network service / re-routed traffic; confirmed connectivity restored.
INC100408,2026-01-12 14:10,2026-01-12 15:25,Security,Suspicious Login,Customer Support Portal,P1 - Critical,Reopened,L3 Engineering,N. Fathima,Customer,Configuration Error,4,4,1.25,False,1,False,4,"Investigated alert, confirmed false positive / revoked access; updated certificate."
INC101959,2026-01-12 18:16,2026-01-15 07:55,Server/Infra,Memory Leak,CRM Portal,P4 - Low,Closed,Network Team,A. Rangan,Batch Job Monitor,Capacity/Performance,72,323,61.65,False,0,True,3,Freed disk space / restarted service; added monitoring alert to prevent recurrence.
INC101195,2026-01-12 19:55,2026-01-13 06:14,Security,Suspicious Login,CRM Portal,P3 - Medium,Closed,L3 Engineering,B. Meena,Support Team (Proactive),Unknown,24,64,10.33,False,0,False,3,"Investigated alert, confirmed false positive / revoked access; updated certificate."
INC102017,2026-01-12 20:31,2026-01-13 11:56,Hardware,Device Offline,Core Banking App,P4 - Low,Resolved,L1 Support,P. Arjun,Monitoring Alert,Data Issue,72,119,15.42,False,0,False,5,Replaced/reset device; confirmed functioning with end user.
INC101464,2026-01-12 21:55,2026-01-13 10:38,Database,Deadlock,Core Banking App,P3 - Medium,Closed,DBA Team,S. Priya,Batch Job Monitor,User Error,24,51,12.72,False,0,False,4,Optimized query / cleared lock and restarted affected session; verified data integrity.
INC100537,2026-01-13 07:42,2026-01-16 19:10,Performance,Report Load Timeout,Payment Gateway,P3 - Medium,Reopened,L3 Engineering,K. Suresh,Support Team (Proactive),Infra Failure,24,61,83.47,True,1,False,3,Tuned query/index or scaled resources; response time back within threshold.
INC100257,2026-01-13 10:38,2026-01-14 22:42,Application Issue,Data Mismatch,Auth Service,P4 - Low,Resolved,App Dev Team,L. Chitra,Support Team (Proactive),Code Defect,72,305,36.08,False,0,False,5,Identified faulty code path; deployed hotfix / config change and validated with user.
INC102137,2026-01-13 11:05,2026-01-13 22:44,Batch Job Failure,Duplicate Run,HR Portal,P3 - Medium,Closed,L3 Engineering,M. Kumar,Customer,Data Issue,24,24,11.66,False,0,False,3,Re-triggered job after correcting input file; added validation check.
INC102083,2026-01-13 15:22,2026-01-15 00:17,Access/Authentication,SSO Error,Inventory System,P3 - Medium,Resolved,L2 Support,T. Divya,Monitoring Alert,User Error,24,40,32.93,True,0,False,3,Reset credentials / corrected access role; user confirmed successful login.
INC100006,2026-01-13 15:57,2026-01-13 22:37,Security,Unauthorized Access Attempt,CRM Portal,P3 - Medium,Resolved,L3 Engineering,S. Priya,End User,Configuration Error,24,40,6.67,False,0,False,4,"Investigated alert, confirmed false positive / revoked access; updated certificate."
INC101568,2026-01-13 17:51,2026-01-13 22:03,Batch Job Failure,Duplicate Run,Reporting Dashboard,P3 - Medium,Resolved,App Dev Team,K. Suresh,Monitoring Alert,Capacity/Performance,24,17,4.21,False,0,False,5,Re-triggered job after correcting input file; added validation check.
INC100636,2026-01-13 18:13,2026-01-14 16:06,Application Issue,Feature Not Working,Billing Engine,P3 - Medium,Reopened,App Dev Team,V. Prasad,End User,Configuration Error,24,54,21.89,False,1,False,2,Identified faulty code path; deployed hotfix / config change and validated with user.
INC101768,2026-01-13 19:23,2026-01-14 00:37,Server/Infra,Server Down,HR Portal,P3 - Medium,Resolved,L3 Engineering,V. Prasad,End User,Configuration Error,24,49,5.24,False,0,False,5,Freed disk space / restarted service; added monitoring alert to prevent recurrence.
INC102050,2026-01-13 21:19,2026-01-14 14:50,Security,Vulnerability Alert,Reporting Dashboard,P3 - Medium,Closed,L3 Engineering,L. Chitra,Support Team (Proactive),Configuration Error,24,105,17.52,False,0,False,4,"Investigated alert, confirmed false positive / revoked access; updated certificate."
INC100413,2026-01-13 21:59,2026-01-14 10:02,Access/Authentication,SSO Error,CRM Portal,P3 - Medium,Resolved,L2 Support,L. Chitra,Customer,Infra Failure,24,8,12.05,False,0,False,2,Reset credentials / corrected access role; user confirmed successful login.
INC101734,2026-01-14 09:01,2026-01-14 18:22,Hardware,Peripheral Not Detected,Reporting Dashboard,P3 - Medium,Resolved,L1 Support,S. Priya,Batch Job Monitor,Configuration Error,24,45,9.35,False,0,False,4,Replaced/reset device; confirmed functioning with end user.
INC100345,2026-01-14 10:31,2026-01-14 16:17,Server/Infra,Memory Leak,Inventory System,P2 - High,Resolved,L3 Engineering,M. Kumar,Support Team (Proactive),Capacity/Performance,8,27,5.78,False,0,False,3,Freed disk space / restarted service; added monitoring alert to prevent recurrence.
INC101754,2026-01-14 11:36,2026-01-16 08:47,Access/Authentication,Permission Denied,Payment Gateway,P4 - Low,Reopened,L1 Support,S. Priya,Support Team (Proactive),Data Issue,72,158,45.19,False,1,False,1,Reset credentials / corrected access role; user confirmed successful login.
INC101532,2026-01-14 20:59,2026-01-14 22:58,Network,VPN Failure,Inventory System,P2 - High,Resolved,Network Team,M. Kumar,Support Team (Proactive),Infra Failure,8,19,1.99,False,0,True,3,Restarted network service / re-routed traffic; confirmed connectivity restored.
INC100106,2026-01-14 21:25,2026-01-17 06:02,Batch Job Failure,Job Timeout,Billing Engine,P3 - Medium,Closed,App Dev Team,T. Divya,Support Team (Proactive),User Error,24,33,56.63,True,0,False,2,Re-triggered job after correcting input file; added validation check.
INC101993,2026-01-15 01:50,2026-01-15 23:06,Database,Query Timeout,Inventory System,P3 - Medium,Resolved,L3 Engineering,R. Iyer,Support Team (Proactive),Data Issue,24,33,21.28,False,0,False,5,Optimized query / cleared lock and restarted affected session; verified data integrity.
INC101627,2026-01-15 03:07,2026-01-15 06:10,Network,Firewall Block,Order Management System,P2 - High,Closed,L2 Support,A. Rangan,Monitoring Alert,Code Defect,8,4,3.06,False,0,False,2,Restarted network service / re-routed traffic; confirmed connectivity restored.
INC100969,2026-01-15 04:44,2026-01-17 07:37,Database,Connection Pool Exhausted,Payment Gateway,P4 - Low,Resolved,DBA Team,T. Divya,Monitoring Alert,Unknown,72,114,50.89,False,0,False,4,Optimized query / cleared lock and restarted affected session; verified data integrity.
INC102145,2026-01-15 14:37,2026-01-15 20:41,Application Issue,UI Error,CRM Portal,P2 - High,Resolved,App Dev Team,A. Rangan,Monitoring Alert,Data Issue,8,27,6.07,False,0,False,5,Identified faulty code path; deployed hotfix / config change and validated with user.
INC100680,2026-01-15 16:02,2026-01-16 02:21,Access/Authentication,Password Reset,Auth Service,P3 - Medium,Resolved,L1 Support,P. Arjun,End User,User Error,24,51,10.33,False,0,False,4,Reset credentials / corrected access role; user confirmed successful login.
INC101548,2026-01-15 18:37,2026-01-16 10:58,Network,VPN Failure,CRM Portal,P3 - Medium,Reopened,Network Team,N. Fathima,Customer,Capacity/Performance,24,32,16.35,False,1,False,3,Restarted network service / re-routed traffic; confirmed connectivity restored.
INC101913,2026-01-15 19:30,2026-01-16 12:06,Database,Connection Pool Exhausted,Inventory System,P3 - Medium,Resolved,DBA Team,M. Kumar,Customer,Unknown,24,71,16.61,False,0,False,5,Optimized query / cleared lock and restarted affected session; verified data integrity.
INC101369,2026-01-15 21:33,2026-01-15 23:58,Network,Latency,Customer Support Portal,P1 - Critical,Resolved,Network Team,B. Meena,Batch Job Monitor,Capacity/Performance,4,9,2.43,False,0,False,4,Restarted network service / re-routed traffic; confirmed connectivity restored.
INC101458,2026-01-16 02:08,2026-01-16 15:12,Security,Suspicious Login,Reporting Dashboard,P3 - Medium,Resolved,Network Team,M. Kumar,Monitoring Alert,Data Issue,24,50,13.07,False,0,False,5,"Investigated alert, confirmed false positive / revoked access; updated certificate."
INC100919,2026-01-16 14:23,2026-01-17 01:51,Application Issue,Feature Not Working,CRM Portal,P3 - Medium,Closed,App Dev Team,L. Chitra,End User,Code Defect,24,54,11.48,False,0,False,4,Identified faulty code path; deployed hotfix / config change and validated with user.
INC100563,2026-01-16 18:36,2026-01-16 20:12,Application Issue,Data Mismatch,Reporting Dashboard,P1 - Critical,Resolved,L2 Support,R. Iyer,End User,Third-Party Outage,4,12,1.61,False,0,True,4,Identified faulty code path; deployed hotfix / config change and validated with user.
INC101092,2026-01-16 19:21,2026-01-19 11:47,Server/Infra,Server Down,Auth Service,P4 - Low,Resolved,Network Team,B. Meena,Customer,User Error,72,133,64.44,False,0,False,4,Freed disk space / restarted service; added monitoring alert to prevent recurrence.
INC100629,2026-01-17 10:02,2026-01-17 17:24,Integration/API,Webhook Not Firing,Auth Service,P3 - Medium,Resolved,L3 Engineering,R. Iyer,Monitoring Alert,Code Defect,24,65,7.37,False,0,False,4,Coordinated with third-party vendor / corrected payload mapping; retested integration.
INC101936,2026-01-17 10:40,2026-01-18 06:46,Batch Job Failure,Job Failed - Data Error,Payment Gateway,P3 - Medium,Resolved,L3 Engineering,S. Priya,Support Team (Proactive),Infra Failure,24,75,20.1,False,0,True,4,Re-triggered job after correcting input file; added validation check.
INC101974,2026-01-17 10:52,2026-01-18 02:31,Network,DNS Issue,Billing Engine,P3 - Medium,Resolved,Network Team,J. Antony,Monitoring Alert,Data Issue,24,114,15.65,False,0,False,4,Restarted network service / re-routed traffic; confirmed connectivity restored.
INC101884,2026-01-17 12:56,2026-01-18 02:05,Hardware,Device Offline,Core Banking App,P3 - Medium,Resolved,L1 Support,V. Prasad,Batch Job Monitor,Capacity/Performance,24,86,13.15,False,0,True,5,Replaced/reset device; confirmed functioning with end user.
INC100795,2026-01-17 14:23,2026-01-18 11:37,Hardware,Device Offline,Reporting Dashboard,P3 - Medium,Resolved,L1 Support,T. Divya,Batch Job Monitor,Data Issue,24,41,21.24,False,0,False,5,Replaced/reset device; confirmed functioning with end user.
INC101825,2026-01-17 14:58,2026-01-18 13:36,Access/Authentication,Password Reset,Customer Support Portal,P3 - Medium,Resolved,L1 Support,V. Prasad,Support Team (Proactive),User Error,24,111,22.64,False,0,False,3,Reset credentials / corrected access role; user confirmed successful login.
INC101544,2026-01-17 18:33,2026-01-18 15:27,Server/Infra,Disk Space Full,Order Management System,P3 - Medium,Resolved,L3 Engineering,L. Chitra,Monitoring Alert,Capacity/Performance,24,2,20.91,False,0,False,4,Freed disk space / restarted service; added monitoring alert to prevent recurrence.
INC100214,2026-01-17 20:08,2026-01-18 11:25,Performance,Slow Response Time,Billing Engine,P3 - Medium,Closed,L3 Engineering,R. Iyer,End User,Configuration Error,24,62,15.29,False,0,False,5,Tuned query/index or scaled resources; response time back within threshold.
INC101429,2026-01-18 03:31,2026-01-18 04:34,Network,Latency,Auth Service,P1 - Critical,Resolved,Network Team,K. Suresh,Support Team (Proactive),Configuration Error,4,18,1.05,False,0,False,3,Restarted network service / re-routed traffic; confirmed connectivity restored.
INC101701,2026-01-18 11:48,2026-01-19 00:01,Network,Firewall Block,Inventory System,P3 - Medium,Resolved,L2 Support,A. Rangan,Customer,User Error,24,76,12.23,False,0,False,4,Restarted network service / re-routed traffic; confirmed connectivity restored.
INC102129,2026-01-18 15:51,2026-01-19 13:43,Database,Query Timeout,Auth Service,P3 - Medium,Resolved,L3 Engineering,J. Antony,Batch Job Monitor,Unknown,24,11,21.88,False,0,False,3,Optimized query / cleared lock and restarted affected session; verified data integrity.
INC101705,2026-01-18 17:04,2026-01-20 23:16,Integration/API,API Failure,Order Management System,P4 - Low,Resolved,L3 Engineering,S. Priya,End User,Code Defect,72,249,54.2,False,0,False,5,Coordinated with third-party vendor / corrected payload mapping; retested integration.
INC101970,2026-01-18 20:37,2026-01-19 18:16,Batch Job Failure,Job Timeout,Auth Service,P4 - Low,Closed,L3 Engineering,N. Fathima,End User,Unknown,72,135,21.65,False,0,False,5,Re-triggered job after correcting input file; added validation check.
INC100794,2026-01-18 21:42,2026-01-19 05:07,Integration/API,API Failure,Core Banking App,P3 - Medium,Resolved,App Dev Team,B. Meena,End User,Code Defect,24,73,7.43,False,0,False,4,Coordinated with third-party vendor / corrected payload mapping; retested integration.
INC101321,2026-01-19 09:35,2026-01-20 00:09,Security,Suspicious Login,Inventory System,P4 - Low,Reopened,L3 Engineering,A. Rangan,Customer,Capacity/Performance,72,262,14.58,False,1,False,1,"Investigated alert, confirmed false positive / revoked access; updated certificate."
INC101454,2026-01-19 09:52,2026-01-19 16:08,Performance,API Latency,Auth Service,P2 - High,Resolved,DBA Team,R. Iyer,Monitoring Alert,Capacity/Performance,8,28,6.28,False,0,True,5,Tuned query/index or scaled resources; response time back within threshold.
INC100587,2026-01-19 10:22,2026-01-20 03:44,Hardware,Peripheral Not Detected,Inventory System,P3 - Medium,Reopened,L1 Support,J. Antony,Customer,Data Issue,24,59,17.37,False,1,False,1,Replaced/reset device; confirmed functioning with end user.
INC100543,2026-01-19 11:18,2026-01-21 18:59,Application Issue,UI Error,Order Management System,P4 - Low,Resolved,App Dev Team,N. Fathima,Support Team (Proactive),Configuration Error,72,240,55.69,False,0,False,4,Identified faulty code path; deployed hotfix / config change and validated with user.
INC102045,2026-01-19 13:50,2026-01-19 17:23,Security,Certificate Expiry,Auth Service,P1 - Critical,Resolved,L3 Engineering,A. Rangan,End User,Capacity/Performance,4,18,3.56,False,0,True,4,"Investigated alert, confirmed false positive / revoked access; updated certificate."
INC100572,2026-01-19 13:55,2026-01-20 07:58,Integration/API,Payload Mismatch,HR Portal,P3 - Medium,Resolved,App Dev Team,A. Rangan,End User,Capacity/Performance,24,65,18.06,False,0,False,4,Coordinated with third-party vendor / corrected payload mapping; retested integration.
INC101937,2026-01-19 18:22,2026-01-19 20:04,Database,Connection Pool Exhausted,Reporting Dashboard,P2 - High,Closed,L3 Engineering,P. Arjun,Customer,Capacity/Performance,8,27,1.71,False,0,False,4,Optimized query / cleared lock and restarted affected session; verified data integrity.
INC101018,2026-01-19 18:26,2026-01-20 09:02,Performance,Slow Response Time,Inventory System,P3 - Medium,Resolved,L3 Engineering,J. Antony,Monitoring Alert,User Error,24,60,14.61,False,0,False,2,Tuned query/index or scaled resources; response time back within threshold.
INC101700,2026-01-19 21:57,2026-01-20 09:28,Performance,Page Load Delay,Customer Support Portal,P2 - High,Closed,DBA Team,J. Antony,Monitoring Alert,Configuration Error,8,14,11.52,True,0,False,2,Tuned query/index or scaled resources; response time back within threshold.
INC101920,2026-01-20 00:30,2026-01-20 06:53,Server/Infra,Memory Leak,HR Portal,P2 - High,Resolved,L3 Engineering,T. Divya,End User,Capacity/Performance,8,37,6.39,False,0,False,5,Freed disk space / restarted service; added monitoring alert to prevent recurrence.
INC101085,2026-01-20 15:25,2026-01-21 02:05,Network,Latency,Order Management System,P3 - Medium,Closed,Network Team,V. Prasad,Customer,Code Defect,24,37,10.68,False,0,False,5,Restarted network service / re-routed traffic; confirmed connectivity restored.
INC101231,2026-01-20 20:52,2026-01-21 18:46,Database,Query Timeout,Billing Engine,P2 - High,Resolved,L3 Engineering,K. Suresh,Support Team (Proactive),Configuration Error,8,14,21.9,True,0,False,2,Optimized query / cleared lock and restarted affected session; verified data integrity.
INC100323,2026-01-20 21:28,2026-01-20 23:34,Database,Connection Pool Exhausted,HR Portal,P2 - High,Resolved,DBA Team,A. Rangan,Support Team (Proactive),Configuration Error,8,27,2.11,False,0,False,4,Optimized query / cleared lock and restarted affected session; verified data integrity.
INC100040,2026-01-20 21:33,2026-01-23 01:07,Security,Vulnerability Alert,Order Management System,P4 - Low,Resolved,L3 Engineering,K. Suresh,Batch Job Monitor,Infra Failure,72,118,51.58,False,0,True,2,"Investigated alert, confirmed false positive / revoked access; updated certificate."
INC101542,2026-01-21 01:35,2026-01-21 19:47,Security,Certificate Expiry,Inventory System,P3 - Medium,Resolved,L3 Engineering,P. Arjun,Monitoring Alert,Third-Party Outage,24,39,18.2,False,0,True,4,"Investigated alert, confirmed false positive / revoked access; updated certificate."
INC100232,2026-01-21 11:10,2026-01-21 14:14,Security,Vulnerability Alert,Inventory System,P1 - Critical,Resolved,Network Team,A. Rangan,Monitoring Alert,Third-Party Outage,4,16,3.08,False,0,False,5,"Investigated alert, confirmed false positive / revoked access; updated certificate."
INC100159,2026-01-21 14:29,2026-01-22 09:55,Integration/API,Third-Party Timeout,Payment Gateway,P3 - Medium,Resolved,L3 Engineering,P. Arjun,Batch Job Monitor,Configuration Error,24,66,19.44,False,0,False,4,Coordinated with third-party vendor / corrected payload mapping; retested integration.
INC101785,2026-01-21 16:18,2026-01-21 22:30,Access/Authentication,Permission Denied,Auth Service,P3 - Medium,Resolved,L2 Support,V. Prasad,End User,Configuration Error,24,84,6.21,False,0,False,5,Reset credentials / corrected access role; user confirmed successful login.
INC101486,2026-01-21 17:56,2026-01-22 05:32,Security,Certificate Expiry,Core Banking App,P3 - Medium,Resolved,Network Team,A. Rangan,Batch Job Monitor,Data Issue,24,36,11.61,False,0,False,5,"Investigated alert, confirmed false positive / revoked access; updated certificate."
INC101691,2026-01-21 18:36,2026-01-24 03:23,Performance,API Latency,Auth Service,P4 - Low,Resolved,DBA Team,M. Kumar,Support Team (Proactive),Unknown,72,156,56.79,False,0,False,4,Tuned query/index or scaled resources; response time back within threshold.
INC100599,2026-01-21 19:19,2026-01-21 23:25,Security,Suspicious Login,Payment Gateway,P2 - High,Resolved,Network Team,K. Suresh,End User,Unknown,8,25,4.1,False,0,True,5,"Investigated alert, confirmed false positive / revoked access; updated certificate."
INC100908,2026-01-21 20:22,2026-01-22 03:40,Batch Job Failure,Duplicate Run,CRM Portal,P3 - Medium,Closed,App Dev Team,L. Chitra,End User,Code Defect,24,44,7.3,False,0,True,3,Re-triggered job after correcting input file; added validation check.
INC101259,2026-01-22 12:54,2026-01-23 05:49,Database,Data Corruption,HR Portal,P2 - High,Reopened,L3 Engineering,V. Prasad,Monitoring Alert,Code Defect,8,2,16.92,True,1,False,2,Optimized query / cleared lock and restarted affected session; verified data integrity.
INC101381,2026-01-22 13:23,2026-01-22 19:24,Hardware,Workstation Failure,Payment Gateway,P2 - High,Reopened,L1 Support,S. Priya,Batch Job Monitor,Unknown,8,38,6.02,False,1,False,5,Replaced/reset device; confirmed functioning with end user.
INC101681,2026-01-22 15:42,2026-01-25 01:34,Database,Data Corruption,Customer Support Portal,P4 - Low,Resolved,DBA Team,V. Prasad,Support Team (Proactive),Unknown,72,149,57.88,False,0,False,4,Optimized query / cleared lock and restarted affected session; verified data integrity.
INC101264,2026-01-22 18:58,2026-01-23 02:17,Application Issue,Application Crash,CRM Portal,P2 - High,Resolved,App Dev Team,K. Suresh,Monitoring Alert,Data Issue,8,28,7.33,False,0,False,2,Identified faulty code path; deployed hotfix / config change and validated with user.
INC100741,2026-01-23 03:15,2026-01-23 08:40,Server/Infra,Server Down,HR Portal,P2 - High,Resolved,Network Team,L. Chitra,Customer,User Error,8,25,5.43,False,0,True,5,Freed disk space / restarted service; added monitoring alert to prevent recurrence.
INC101695,2026-01-23 11:00,2026-01-24 11:19,Network,Latency,HR Portal,P4 - Low,Resolved,Network Team,R. Iyer,Support Team (Proactive),Capacity/Performance,72,189,24.32,False,0,False,4,Restarted network service / re-routed traffic; confirmed connectivity restored.
INC100903,2026-01-23 12:48,2026-01-23 22:57,Hardware,Workstation Failure,Customer Support Portal,P3 - Medium,Resolved,L1 Support,M. Kumar,End User,Third-Party Outage,24,64,10.15,False,0,False,3,Replaced/reset device; confirmed functioning with end user.
INC101690,2026-01-23 12:49,2026-01-23 15:23,Application Issue,UI Error,Payment Gateway,P1 - Critical,Resolved,App Dev Team,K. Suresh,Batch Job Monitor,Infra Failure,4,11,2.58,False,0,False,1,Identified faulty code path; deployed hotfix / config change and validated with user.
INC100695,2026-01-23 16:29,2026-01-24 20:10,Batch Job Failure,Job Timeout,Reporting Dashboard,P4 - Low,Resolved,L3 Engineering,V. Prasad,Batch Job Monitor,User Error,72,181,27.69,False,0,False,4,Re-triggered job after correcting input file; added validation check.
INC101877,2026-01-24 10:38,2026-01-24 23:12,Performance,Slow Response Time,Billing Engine,P4 - Low,Resolved,DBA Team,P. Arjun,End User,Capacity/Performance,72,194,12.58,False,0,False,2,Tuned query/index or scaled resources; response time back within threshold.
INC101996,2026-01-24 11:00,2026-01-25 12:12,Network,VPN Failure,Reporting Dashboard,P4 - Low,Resolved,L2 Support,V. Prasad,Support Team (Proactive),Infra Failure,72,343,25.2,False,0,False,4,Restarted network service / re-routed traffic; confirmed connectivity restored.
INC100369,2026-01-24 11:39,2026-01-25 02:02,Network,DNS Issue,CRM Portal,P2 - High,Resolved,Network Team,M. Kumar,Monitoring Alert,Configuration Error,8,33,14.39,True,0,True,3,Restarted network service / re-routed traffic; confirmed connectivity restored.
INC102138,2026-01-24 14:23,2026-01-24 17:17,Database,Connection Pool Exhausted,HR Portal,P2 - High,Resolved,DBA Team,S. Priya,End User,Configuration Error,8,35,2.9,False,0,False,4,Optimized query / cleared lock and restarted affected session; verified data integrity.
INC100881,2026-01-24 15:37,2026-01-25 17:40,Database,Data Corruption,Auth Service,P4 - Low,Closed,L3 Engineering,B. Meena,Support Team (Proactive),Data Issue,72,300,26.05,False,0,False,5,Optimized query / cleared lock and restarted affected session; verified data integrity.
INC101774,2026-01-24 21:46,2026-01-25 20:14,Server/Infra,Memory Leak,Reporting Dashboard,P3 - Medium,Closed,L3 Engineering,K. Suresh,Monitoring Alert,Unknown,24,29,22.48,False,0,False,5,Freed disk space / restarted service; added monitoring alert to prevent recurrence.
INC102135,2026-01-25 13:08,2026-01-28 10:23,Integration/API,Webhook Not Firing,Order Management System,P3 - Medium,Resolved,L3 Engineering,L. Chitra,Customer,Third-Party Outage,24,72,69.26,True,0,False,3,Coordinated with third-party vendor / corrected payload mapping; retested integration.
INC101129,2026-01-25 13:12,2026-01-25 18:18,Application Issue,Feature Not Working,Reporting Dashboard,P2 - High,Resolved,L2 Support,M. Kumar,Monitoring Alert,Third-Party Outage,8,30,5.1,False,0,False,4,Identified faulty code path; deployed hotfix / config change and validated with user.
INC101896,2026-01-25 18:50,2026-01-27 15:54,Security,Unauthorized Access Attempt,Reporting Dashboard,P4 - Low,Resolved,L3 Engineering,R. Iyer,Batch Job Monitor,Data Issue,72,125,45.08,False,0,False,4,"Investigated alert, confirmed false positive / revoked access; updated certificate."
INC101807,2026-01-25 20:11,2026-01-27 14:45,Security,Certificate Expiry,Auth Service,P4 - Low,Resolved,Network Team,R. Iyer,End User,User Error,72,288,42.58,False,0,False,5,"Investigated alert, confirmed false positive / revoked access; updated certificate."
INC100258,2026-01-25 21:38,2026-01-27 17:39,Hardware,Workstation Failure,Core Banking App,P3 - Medium,Resolved,L1 Support,K. Suresh,End User,Infra Failure,24,45,44.03,True,0,False,3,Replaced/reset device; confirmed functioning with end user.
INC101528,2026-01-26 10:19,2026-02-05 14:16,Access/Authentication,Permission Denied,CRM Portal,P4 - Low,Resolved,L2 Support,V. Prasad,Monitoring Alert,Data Issue,72,45,243.96,True,0,False,4,Reset credentials / corrected access role; user confirmed successful login.
INC102037,2026-01-26 12:05,2026-01-27 00:47,Access/Authentication,SSO Error,Reporting Dashboard,P3 - Medium,Resolved,L1 Support,J. Antony,End User,Infra Failure,24,28,12.71,False,0,False,4,Reset credentials / corrected access role; user confirmed successful login.
INC101665,2026-01-26 12:24,2026-01-26 17:37,Network,Latency,Billing Engine,P3 - Medium,Reopened,Network Team,A. Rangan,Monitoring Alert,Capacity/Performance,24,63,5.22,False,1,False,5,Restarted network service / re-routed traffic; confirmed connectivity restored.
INC100857,2026-01-26 15:57,2026-01-27 01:00,Network,Latency,Order Management System,P1 - Critical,Closed,Network Team,S. Priya,End User,User Error,4,13,9.06,True,0,False,4,Restarted network service / re-routed traffic; confirmed connectivity restored.
INC100155,2026-01-26 16:36,2026-01-29 19:13,Integration/API,API Failure,HR Portal,P3 - Medium,Closed,L3 Engineering,J. Antony,End User,Unknown,24,2,74.62,True,0,False,2,Coordinated with third-party vendor / corrected payload mapping; retested integration.
INC100885,2026-01-26 17:44,2026-01-27 01:06,Hardware,Printer Issue,CRM Portal,P2 - High,Resolved,L1 Support,A. Rangan,Monitoring Alert,Configuration Error,8,28,7.38,False,0,True,4,Replaced/reset device; confirmed functioning with end user.
INC101232,2026-01-26 17:51,2026-01-27 14:04,Network,VPN Failure,HR Portal,P3 - Medium,Resolved,L2 Support,J. Antony,End User,Capacity/Performance,24,54,20.23,False,0,False,5,Restarted network service / re-routed traffic; confirmed connectivity restored.
INC100773,2026-01-26 20:03,2026-01-26 21:33,Hardware,Printer Issue,Payment Gateway,P2 - High,Resolved,L1 Support,B. Meena,Support Team (Proactive),Infra Failure,8,14,1.5,False,0,False,3,Replaced/reset device; confirmed functioning with end user.
INC101283,2026-01-26 20:12,2026-01-27 11:24,Integration/API,Webhook Not Firing,Auth Service,P3 - Medium,Resolved,L3 Engineering,N. Fathima,Customer,Code Defect,24,27,15.2,False,0,False,5,Coordinated with third-party vendor / corrected payload mapping; retested integration.
INC100112,2026-01-26 20:45,2026-01-27 07:55,Integration/API,Third-Party Timeout,Customer Support Portal,P3 - Medium,Resolved,L3 Engineering,R. Iyer,End User,Capacity/Performance,24,49,11.18,False,0,False,5,Coordinated with third-party vendor / corrected payload mapping; retested integration.
INC100044,2026-01-26 20:55,2026-01-27 17:57,Integration/API,API Failure,HR Portal,P3 - Medium,Closed,App Dev Team,V. Prasad,End User,Data Issue,24,90,21.04,False,0,False,3,Coordinated with third-party vendor / corrected payload mapping; retested integration.
INC100333,2026-01-26 21:08,2026-01-27 21:33,Network,VPN Failure,Core Banking App,P2 - High,Closed,Network Team,L. Chitra,Customer,Capacity/Performance,8,30,24.43,True,0,False,4,Restarted network service / re-routed traffic; confirmed connectivity restored.
INC101811,2026-01-27 13:35,2026-01-28 00:06,Application Issue,Application Crash,Billing Engine,P3 - Medium,Resolved,L2 Support,J. Antony,Support Team (Proactive),Configuration Error,24,28,10.52,False,0,True,5,Identified faulty code path; deployed hotfix / config change and validated with user.
INC102066,2026-01-27 16:28,2026-01-31 02:38,Security,Certificate Expiry,Inventory System,P3 - Medium,Resolved,L3 Engineering,K. Suresh,Customer,Unknown,24,57,82.18,True,0,False,2,"Investigated alert, confirmed false positive / revoked access; updated certificate."
INC100245,2026-01-27 17:32,2026-01-28 09:47,Database,Data Corruption,Core Banking App,P3 - Medium,Reopened,DBA Team,B. Meena,Monitoring Alert,Infra Failure,24,45,16.26,False,1,False,4,Optimized query / cleared lock and restarted affected session; verified data integrity.
INC100569,2026-01-27 18:25,2026-01-27 23:40,Database,Deadlock,Inventory System,P3 - Medium,Closed,DBA Team,T. Divya,Customer,Unknown,24,27,5.25,False,0,False,5,Optimized query / cleared lock and restarted affected session; verified data integrity.
INC100466,2026-01-27 19:37,2026-01-29 23:49,Batch Job Failure,Job Timeout,Order Management System,P4 - Low,Resolved,App Dev Team,R. Iyer,Monitoring Alert,Data Issue,72,224,52.2,False,0,False,4,Re-triggered job after correcting input file; added validation check.
INC100751,2026-01-28 10:05,2026-01-28 13:03,Security,Vulnerability Alert,Inventory System,P2 - High,Resolved,L3 Engineering,V. Prasad,End User,Configuration Error,8,30,2.97,False,0,False,4,"Investigated alert, confirmed false positive / revoked access; updated certificate."
INC100917,2026-01-28 10:34,2026-01-28 23:10,Network,Firewall Block,Customer Support Portal,P3 - Medium,Resolved,Network Team,M. Kumar,Monitoring Alert,User Error,24,17,12.6,False,0,True,4,Restarted network service / re-routed traffic; confirmed connectivity restored.
INC102063,2026-01-28 11:28,2026-01-30 06:08,Network,Firewall Block,Payment Gateway,P4 - Low,Closed,Network Team,R. Iyer,Monitoring Alert,Code Defect,72,112,42.68,False,0,True,4,Restarted network service / re-routed traffic; confirmed connectivity restored.
INC100041,2026-01-28 11:40,2026-01-31 00:06,Integration/API,API Failure,Billing Engine,P4 - Low,Resolved,L3 Engineering,N. Fathima,Customer,Unknown,72,79,60.44,False,0,False,2,Coordinated with third-party vendor / corrected payload mapping; retested integration.
INC100727,2026-01-28 11:49,2026-01-29 10:04,Database,Connection Pool Exhausted,Reporting Dashboard,P4 - Low,Reopened,L3 Engineering,L. Chitra,Monitoring Alert,Infra Failure,72,157,22.26,False,1,False,2,Optimized query / cleared lock and restarted affected session; verified data integrity.
INC101120,2026-01-28 13:45,2026-01-29 14:31,Access/Authentication,Login Failure,HR Portal,P4 - Low,Resolved,L1 Support,V. Prasad,Support Team (Proactive),Data Issue,72,136,24.77,False,0,False,5,Reset credentials / corrected access role; user confirmed successful login.
INC100176,2026-01-28 14:59,2026-01-29 05:48,Performance,API Latency,HR Portal,P3 - Medium,Resolved,L3 Engineering,S. Priya,Monitoring Alert,Infra Failure,24,58,14.83,False,0,False,3,Tuned query/index or scaled resources; response time back within threshold.
INC100632,2026-01-28 15:30,2026-01-28 18:38,Database,Query Timeout,Customer Support Portal,P2 - High,Resolved,DBA Team,N. Fathima,Batch Job Monitor,Data Issue,8,27,3.14,False,0,False,4,Optimized query / cleared lock and restarted affected session; verified data integrity.
INC101763,2026-01-28 20:26,2026-01-29 03:18,Batch Job Failure,Job Not Triggered,HR Portal,P2 - High,Reopened,L3 Engineering,V. Prasad,End User,Capacity/Performance,8,32,6.87,False,1,False,3,Re-triggered job after correcting input file; added validation check.
INC100432,2026-01-28 21:32,2026-01-29 01:23,Integration/API,API Failure,Reporting Dashboard,P2 - High,Closed,L3 Engineering,M. Kumar,End User,Data Issue,8,22,3.86,False,0,False,3,Coordinated with third-party vendor / corrected payload mapping; retested integration.
INC100344,2026-01-29 10:40,2026-01-30 19:31,Integration/API,Third-Party Timeout,Reporting Dashboard,P4 - Low,Resolved,L3 Engineering,M. Kumar,End User,User Error,72,265,32.85,False,0,False,2,Coordinated with third-party vendor / corrected payload mapping; retested integration.
INC100227,2026-01-29 11:08,2026-01-30 17:49,Performance,API Latency,Customer Support Portal,P4 - Low,Resolved,DBA Team,L. Chitra,Support Team (Proactive),Data Issue,72,210,30.69,False,0,False,5,Tuned query/index or scaled resources; response time back within threshold.
INC100939,2026-01-29 17:56,2026-01-31 13:12,Access/Authentication,Password Reset,Order Management System,P4 - Low,Reopened,L1 Support,M. Kumar,Monitoring Alert,User Error,72,203,43.28,False,1,False,1,Reset credentials / corrected access role; user confirmed successful login.
INC100367,2026-01-29 19:34,2026-01-30 09:08,Network,Firewall Block,Inventory System,P3 - Medium,Resolved,Network Team,R. Iyer,Monitoring Alert,Configuration Error,24,102,13.58,False,0,False,4,Restarted network service / re-routed traffic; confirmed connectivity restored.
INC100924,2026-01-29 20:01,2026-01-30 13:38,Database,Data Corruption,Auth Service,P3 - Medium,Resolved,L3 Engineering,R. Iyer,Support Team (Proactive),Code Defect,24,54,17.63,False,0,False,4,Optimized query / cleared lock and restarted affected session; verified data integrity.
INC101181,2026-01-29 20:32,2026-01-30 15:00,Hardware,Peripheral Not Detected,Billing Engine,P3 - Medium,Resolved,L1 Support,B. Meena,Batch Job Monitor,Unknown,24,85,18.48,False,0,False,4,Replaced/reset device; confirmed functioning with end user.
INC100442,2026-01-29 21:09,2026-01-30 06:59,Network,Firewall Block,HR Portal,P1 - Critical,Resolved,L2 Support,K. Suresh,Monitoring Alert,Unknown,4,14,9.84,True,0,False,1,Restarted network service / re-routed traffic; confirmed connectivity restored.
INC101145,2026-01-30 11:02,2026-01-31 08:41,Performance,Page Load Delay,HR Portal,P2 - High,Closed,L3 Engineering,P. Arjun,Support Team (Proactive),Third-Party Outage,8,30,21.65,True,0,False,1,Tuned query/index or scaled resources; response time back within threshold.
INC100025,2026-01-30 12:26,2026-01-31 04:36,Performance,Report Load Timeout,HR Portal,P3 - Medium,Resolved,DBA Team,J. Antony,End User,User Error,24,54,16.17,False,0,False,4,Tuned query/index or scaled resources; response time back within threshold.
INC101643,2026-01-30 13:43,2026-01-31 07:12,Application Issue,Application Crash,Billing Engine,P3 - Medium,Closed,App Dev Team,P. Arjun,Customer,Third-Party Outage,24,59,17.49,False,0,False,3,Identified faulty code path; deployed hotfix / config change and validated with user.
INC101439,2026-01-30 16:49,2026-01-31 02:12,Integration/API,Webhook Not Firing,Core Banking App,P3 - Medium,Resolved,L3 Engineering,P. Arjun,Monitoring Alert,Data Issue,24,58,9.39,False,0,True,2,Coordinated with third-party vendor / corrected payload mapping; retested integration.
INC101477,2026-01-30 18:46,2026-01-31 02:01,Performance,Report Load Timeout,HR Portal,P2 - High,Reopened,L3 Engineering,A. Rangan,Support Team (Proactive),Third-Party Outage,8,38,7.25,False,1,False,2,Tuned query/index or scaled resources; response time back within threshold.
INC101857,2026-01-30 19:26,2026-01-31 07:23,Server/Infra,Server Down,Billing Engine,P3 - Medium,Resolved,Network Team,A. Rangan,Monitoring Alert,Third-Party Outage,24,43,11.96,False,0,True,4,Freed disk space / restarted service; added monitoring alert to prevent recurrence.
INC101175,2026-01-30 21:54,2026-02-01 15:28,Integration/API,API Failure,HR Portal,P3 - Medium,Resolved,L3 Engineering,K. Suresh,Batch Job Monitor,User Error,24,78,41.57,True,0,False,1,Coordinated with third-party vendor / corrected payload mapping; retested integration.
INC101061,2026-01-31 11:34,2026-01-31 22:09,Application Issue,Feature Not Working,Inventory System,P3 - Medium,Resolved,App Dev Team,R. Iyer,End User,Capacity/Performance,24,38,10.59,False,0,False,3,Identified faulty code path; deployed hotfix / config change and validated with user.
INC101242,2026-01-31 12:04,2026-02-01 07:53,Application Issue,Data Mismatch,Order Management System,P4 - Low,Closed,L2 Support,T. Divya,End User,User Error,72,18,19.82,False,0,False,5,Identified faulty code path; deployed hotfix / config change and validated with user.
INC101776,2026-01-31 15:33,2026-01-31 21:51,Hardware,Printer Issue,Billing Engine,P2 - High,Resolved,L1 Support,J. Antony,End User,Data Issue,8,39,6.3,False,0,False,3,Replaced/reset device; confirmed functioning with end user.
INC101405,2026-01-31 15:50,2026-01-31 23:06,Application Issue,Application Crash,Customer Support Portal,P2 - High,Resolved,App Dev Team,V. Prasad,Monitoring Alert,User Error,8,26,7.28,False,0,False,5,Identified faulty code path; deployed hotfix / config change and validated with user.
INC102049,2026-01-31 19:38,2026-02-03 03:43,Hardware,Peripheral Not Detected,CRM Portal,P4 - Low,Resolved,L1 Support,J. Antony,Support Team (Proactive),Third-Party Outage,72,271,56.09,False,0,False,5,Replaced/reset device; confirmed functioning with end user.
INC101630,2026-01-31 21:25,2026-02-01 14:10,Access/Authentication,Permission Denied,Payment Gateway,P3 - Medium,Resolved,L1 Support,V. Prasad,End User,Third-Party Outage,24,74,16.75,False,0,False,5,Reset credentials / corrected access role; user confirmed successful login.
INC102143,2026-02-01 07:47,2026-02-07 19:51,Integration/API,Payload Mismatch,HR Portal,P4 - Low,Closed,App Dev Team,L. Chitra,End User,Configuration Error,72,269,156.07,True,0,False,2,Coordinated with third-party vendor / corrected payload mapping; retested integration.
INC101589,2026-02-01 08:28,2026-02-01 09:10,Performance,API Latency,Billing Engine,P1 - Critical,Closed,L3 Engineering,R. Iyer,End User,Third-Party Outage,4,2,0.71,False,0,False,4,Tuned query/index or scaled resources; response time back within threshold.
INC101867,2026-02-01 09:13,2026-02-01 11:36,Integration/API,Payload Mismatch,HR Portal,P2 - High,Resolved,L3 Engineering,V. Prasad,Support Team (Proactive),Configuration Error,8,13,2.39,False,0,False,4,Coordinated with third-party vendor / corrected payload mapping; retested integration.
INC100477,2026-02-01 09:36,2026-02-01 12:54,Application Issue,Application Crash,Reporting Dashboard,P2 - High,Reopened,App Dev Team,V. Prasad,Monitoring Alert,Capacity/Performance,8,34,3.3,False,1,False,3,Identified faulty code path; deployed hotfix / config change and validated with user.
INC100657,2026-02-01 09:42,2026-02-03 15:59,Integration/API,Payload Mismatch,Auth Service,P4 - Low,Resolved,L3 Engineering,J. Antony,Customer,User Error,72,208,54.29,False,0,False,5,Coordinated with third-party vendor / corrected payload mapping; retested integration.
INC100398,2026-02-01 13:20,2026-02-02 13:44,Database,Deadlock,HR Portal,P4 - Low,Resolved,L3 Engineering,P. Arjun,Monitoring Alert,User Error,72,133,24.4,False,0,True,3,Optimized query / cleared lock and restarted affected session; verified data integrity.
INC100421,2026-02-01 16:27,2026-02-02 00:54,Access/Authentication,Login Failure,Core Banking App,P3 - Medium,Resolved,L1 Support,J. Antony,Customer,Capacity/Performance,24,89,8.46,False,0,False,3,Reset credentials / corrected access role; user confirmed successful login.
INC101894,2026-02-01 20:52,2026-02-02 02:26,Hardware,Device Offline,CRM Portal,P2 - High,Closed,L1 Support,P. Arjun,Customer,Third-Party Outage,8,31,5.58,False,0,False,5,Replaced/reset device; confirmed functioning with end user.
INC100991,2026-02-02 10:09,2026-02-02 13:26,Access/Authentication,Password Reset,HR Portal,P2 - High,Resolved,L1 Support,J. Antony,Customer,Infra Failure,8,42,3.29,False,0,False,4,Reset credentials / corrected access role; user confirmed successful login.
INC101650,2026-02-02 11:21,2026-02-02 15:45,Application Issue,Data Mismatch,Auth Service,P3 - Medium,Closed,App Dev Team,J. Antony,Customer,Code Defect,24,76,4.41,False,0,False,5,Identified faulty code path; deployed hotfix / config change and validated with user.
INC101944,2026-02-02 11:58,2026-02-02 18:23,Network,Firewall Block,Inventory System,P2 - High,Reopened,L2 Support,T. Divya,Monitoring Alert,Configuration Error,8,11,6.43,False,1,False,3,Restarted network service / re-routed traffic; confirmed connectivity restored.
INC101313,2026-02-02 13:33,2026-02-03 04:39,Network,VPN Failure,HR Portal,P3 - Medium,Resolved,Network Team,S. Priya,Batch Job Monitor,Data Issue,24,28,15.11,False,0,True,3,Restarted network service / re-routed traffic; confirmed connectivity restored.
INC100612,2026-02-02 13:36,2026-02-03 02:52,Integration/API,Webhook Not Firing,Auth Service,P3 - Medium,Resolved,App Dev Team,M. Kumar,Support Team (Proactive),Unknown,24,40,13.27,False,0,False,4,Coordinated with third-party vendor / corrected payload mapping; retested integration.
INC101123,2026-02-02 16:22,2026-02-02 20:47,Server/Infra,Server Down,Auth Service,P3 - Medium,Resolved,Network Team,T. Divya,Customer,Infra Failure,24,67,4.42,False,0,False,4,Freed disk space / restarted service; added monitoring alert to prevent recurrence.
INC100404,2026-02-02 21:15,2026-02-03 23:49,Access/Authentication,Password Reset,CRM Portal,P4 - Low,Resolved,L2 Support,P. Arjun,Batch Job Monitor,Capacity/Performance,72,168,26.58,False,0,False,5,Reset credentials / corrected access role; user confirmed successful login.
INC102074,2026-02-02 23:20,2026-02-04 17:11,Access/Authentication,SSO Error,Auth Service,P4 - Low,Resolved,L2 Support,S. Priya,Support Team (Proactive),Infra Failure,72,177,41.86,False,0,False,2,Reset credentials / corrected access role; user confirmed successful login.
INC100391,2026-02-03 05:31,2026-02-03 18:15,Performance,Report Load Timeout,Auth Service,P3 - Medium,Closed,DBA Team,S. Priya,Support Team (Proactive),Unknown,24,40,12.74,False,0,False,4,Tuned query/index or scaled resources; response time back within threshold.
INC100605,2026-02-03 10:28,2026-02-06 00:36,Integration/API,Third-Party Timeout,HR Portal,P4 - Low,Closed,L3 Engineering,R. Iyer,Batch Job Monitor,Unknown,72,246,62.14,False,0,False,5,Coordinated with third-party vendor / corrected payload mapping; retested integration.
INC100308,2026-02-03 13:29,2026-02-03 19:15,Network,Firewall Block,Core Banking App,P3 - Medium,Closed,Network Team,N. Fathima,Customer,Configuration Error,24,59,5.77,False,0,False,5,Restarted network service / re-routed traffic; confirmed connectivity restored.
INC101843,2026-02-03 15:59,2026-02-04 03:10,Network,Firewall Block,Inventory System,P3 - Medium,Resolved,L2 Support,P. Arjun,Batch Job Monitor,Third-Party Outage,24,39,11.19,False,0,False,3,Restarted network service / re-routed traffic; confirmed connectivity restored.
INC101864,2026-02-03 16:05,2026-02-05 02:06,Security,Certificate Expiry,HR Portal,P4 - Low,Resolved,Network Team,R. Iyer,Batch Job Monitor,Code Defect,72,119,34.03,False,0,True,3,"Investigated alert, confirmed false positive / revoked access; updated certificate."
INC100223,2026-02-03 17:13,2026-02-03 22:41,Integration/API,Third-Party Timeout,Core Banking App,P3 - Medium,Resolved,App Dev Team,N. Fathima,Batch Job Monitor,Unknown,24,55,5.47,False,0,False,1,Coordinated with third-party vendor / corrected payload mapping; retested integration.
INC100304,2026-02-03 19:59,2026-02-05 18:03,Access/Authentication,Password Reset,Payment Gateway,P4 - Low,Resolved,L1 Support,M. Kumar,End User,User Error,72,306,46.07,False,0,True,3,Reset credentials / corrected access role; user confirmed successful login.
INC101710,2026-02-03 20:58,2026-02-04 07:47,Network,DNS Issue,CRM Portal,P3 - Medium,Resolved,Network Team,L. Chitra,Support Team (Proactive),Third-Party Outage,24,51,10.82,False,0,False,5,Restarted network service / re-routed traffic; confirmed connectivity restored.
INC101686,2026-02-03 21:05,2026-02-04 15:38,Hardware,Printer Issue,Inventory System,P4 - Low,Resolved,L1 Support,B. Meena,Monitoring Alert,Code Defect,72,210,18.56,False,0,False,5,Replaced/reset device; confirmed functioning with end user.
INC102197,2026-02-04 10:49,2026-02-04 18:11,Access/Authentication,Permission Denied,Reporting Dashboard,P2 - High,Reopened,L2 Support,L. Chitra,End User,Code Defect,8,46,7.38,False,1,False,3,Reset credentials / corrected access role; user confirmed successful login.
INC100528,2026-02-04 14:54,2026-02-05 05:45,Database,Query Timeout,Order Management System,P2 - High,Reopened,DBA Team,M. Kumar,Support Team (Proactive),Code Defect,8,35,14.86,True,1,True,4,Optimized query / cleared lock and restarted affected session; verified data integrity.
INC100738,2026-02-04 14:58,2026-02-04 16:01,Access/Authentication,SSO Error,Core Banking App,P1 - Critical,Resolved,L2 Support,A. Rangan,Customer,Code Defect,4,3,1.06,False,0,False,4,Reset credentials / corrected access role; user confirmed successful login.
INC101982,2026-02-04 16:28,2026-02-07 02:20,Server/Infra,Server Down,Reporting Dashboard,P4 - Low,Resolved,Network Team,L. Chitra,Support Team (Proactive),Configuration Error,72,157,57.88,False,0,False,4,Freed disk space / restarted service; added monitoring alert to prevent recurrence.
INC101881,2026-02-04 18:42,2026-02-05 03:49,Application Issue,Feature Not Working,Inventory System,P3 - Medium,Resolved,App Dev Team,V. Prasad,Monitoring Alert,Third-Party Outage,24,80,9.12,False,0,True,4,Identified faulty code path; deployed hotfix / config change and validated with user.
INC100603,2026-02-04 22:15,2026-02-05 02:15,Network,DNS Issue,CRM Portal,P3 - Medium,Reopened,Network Team,T. Divya,Customer,Infra Failure,24,94,4.0,False,1,False,4,Restarted network service / re-routed traffic; confirmed connectivity restored.
INC102023,2026-02-05 10:02,2026-02-05 21:52,Performance,API Latency,Core Banking App,P2 - High,Resolved,L3 Engineering,R. Iyer,Customer,Code Defect,8,37,11.84,True,0,False,2,Tuned query/index or scaled resources; response time back within threshold.
INC101025,2026-02-05 12:12,2026-02-05 23:50,Hardware,Printer Issue,Order Management System,P3 - Medium,Resolved,L1 Support,R. Iyer,Customer,Capacity/Performance,24,69,11.64,False,0,False,2,Replaced/reset device; confirmed functioning with end user.
INC100045,2026-02-05 18:58,2026-02-06 00:52,Access/Authentication,Permission Denied,HR Portal,P2 - High,Resolved,L2 Support,R. Iyer,Support Team (Proactive),Unknown,8,12,5.9,False,0,False,2,Reset credentials / corrected access role; user confirmed successful login.
INC100079,2026-02-06 09:03,2026-02-06 12:18,Batch Job Failure,Job Not Triggered,Payment Gateway,P2 - High,Resolved,L3 Engineering,N. Fathima,Support Team (Proactive),Code Defect,8,7,3.26,False,0,True,3,Re-triggered job after correcting input file; added validation check.
INC101661,2026-02-06 09:35,2026-02-06 16:35,Integration/API,Webhook Not Firing,CRM Portal,P3 - Medium,Resolved,L3 Engineering,M. Kumar,Batch Job Monitor,Configuration Error,24,30,7.01,False,0,False,5,Coordinated with third-party vendor / corrected payload mapping; retested integration.
INC101545,2026-02-06 11:18,2026-02-07 07:57,Hardware,Peripheral Not Detected,Core Banking App,P2 - High,Resolved,L1 Support,L. Chitra,Batch Job Monitor,Data Issue,8,31,20.66,True,0,False,2,Replaced/reset device; confirmed functioning with end user.
INC100876,2026-02-06 12:15,2026-02-07 11:01,Integration/API,Webhook Not Firing,Core Banking App,P3 - Medium,Resolved,App Dev Team,A. Rangan,Support Team (Proactive),Configuration Error,24,82,22.77,False,0,False,5,Coordinated with third-party vendor / corrected payload mapping; retested integration.
INC100443,2026-02-06 14:50,2026-02-08 19:33,Performance,Page Load Delay,Billing Engine,P4 - Low,Resolved,L3 Engineering,M. Kumar,Support Team (Proactive),Unknown,72,187,52.72,False,0,False,4,Tuned query/index or scaled resources; response time back within threshold.
INC100399,2026-02-06 17:27,2026-02-07 00:49,Performance,Slow Response Time,HR Portal,P2 - High,Resolved,L3 Engineering,A. Rangan,Batch Job Monitor,User Error,8,21,7.37,False,0,False,1,Tuned query/index or scaled resources; response time back within threshold.
INC101031,2026-02-06 19:35,2026-02-08 09:17,Server/Infra,Server Down,Reporting Dashboard,P4 - Low,Closed,Network Team,A. Rangan,End User,Capacity/Performance,72,177,37.71,False,0,False,5,Freed disk space / restarted service; added monitoring alert to prevent recurrence.
INC100169,2026-02-06 19:47,2026-02-06 20:54,Network,VPN Failure,CRM Portal,P1 - Critical,Resolved,Network Team,M. Kumar,Customer,Third-Party Outage,4,3,1.13,False,0,False,5,Restarted network service / re-routed traffic; confirmed connectivity restored.
INC101757,2026-02-07 06:14,2026-02-07 14:31,Network,Firewall Block,Order Management System,P3 - Medium,Resolved,Network Team,R. Iyer,Customer,Code Defect,24,74,8.29,False,0,False,5,Restarted network service / re-routed traffic; confirmed connectivity restored.
INC101149,2026-02-07 10:38,2026-02-07 11:56,Performance,Report Load Timeout,CRM Portal,P2 - High,Resolved,L3 Engineering,B. Meena,Monitoring Alert,Capacity/Performance,8,27,1.31,False,0,False,2,Tuned query/index or scaled resources; response time back within threshold.
INC101325,2026-02-07 13:01,2026-02-07 18:53,Server/Infra,CPU Spike,Customer Support Portal,P2 - High,Resolved,L3 Engineering,P. Arjun,Monitoring Alert,Capacity/Performance,8,20,5.88,False,0,False,4,Freed disk space / restarted service; added monitoring alert to prevent recurrence.
INC102033,2026-02-07 15:30,2026-02-07 21:09,Database,Data Corruption,HR Portal,P2 - High,Resolved,DBA Team,V. Prasad,Monitoring Alert,User Error,8,17,5.65,False,0,True,4,Optimized query / cleared lock and restarted affected session; verified data integrity.
INC101372,2026-02-07 17:37,2026-02-08 11:16,Application Issue,Data Mismatch,Order Management System,P4 - Low,Resolved,L2 Support,N. Fathima,Monitoring Alert,Data Issue,72,196,17.66,False,0,True,5,Identified faulty code path; deployed hotfix / config change and validated with user.
INC100010,2026-02-07 19:41,2026-02-09 16:22,Batch Job Failure,Duplicate Run,Inventory System,P4 - Low,Resolved,App Dev Team,K. Suresh,Monitoring Alert,Configuration Error,72,325,44.69,False,0,True,3,Re-triggered job after correcting input file; added validation check.
INC101709,2026-02-07 21:37,2026-02-08 09:58,Security,Certificate Expiry,Auth Service,P3 - Medium,Resolved,L3 Engineering,K. Suresh,Customer,Configuration Error,24,91,12.36,False,0,False,4,"Investigated alert, confirmed false positive / revoked access; updated certificate."
INC101021,2026-02-08 01:07,2026-02-08 05:34,Database,Deadlock,CRM Portal,P3 - Medium,Resolved,DBA Team,P. Arjun,Customer,Third-Party Outage,24,61,4.45,False,0,False,4,Optimized query / cleared lock and restarted affected session; verified data integrity.
INC100871,2026-02-08 01:27,2026-02-08 08:35,Performance,Page Load Delay,Inventory System,P2 - High,Resolved,L3 Engineering,T. Divya,Batch Job Monitor,Configuration Error,8,20,7.14,False,0,False,3,Tuned query/index or scaled resources; response time back within threshold.
INC100949,2026-02-08 11:12,2026-02-08 13:03,Batch Job Failure,Duplicate Run,Customer Support Portal,P2 - High,Resolved,App Dev Team,N. Fathima,End User,Data Issue,8,37,1.85,False,0,True,1,Re-triggered job after correcting input file; added validation check.
INC100598,2026-02-08 13:45,2026-02-11 02:32,Integration/API,Webhook Not Firing,Payment Gateway,P4 - Low,Resolved,App Dev Team,K. Suresh,Batch Job Monitor,Capacity/Performance,72,194,60.79,False,0,False,5,Coordinated with third-party vendor / corrected payload mapping; retested integration.
INC100590,2026-02-08 14:44,2026-02-08 19:47,Application Issue,Feature Not Working,Billing Engine,P2 - High,Resolved,App Dev Team,K. Suresh,Support Team (Proactive),Configuration Error,8,32,5.05,False,0,False,3,Identified faulty code path; deployed hotfix / config change and validated with user.
INC100679,2026-02-08 17:17,2026-02-09 09:44,Server/Infra,Disk Space Full,Reporting Dashboard,P3 - Medium,Resolved,L3 Engineering,B. Meena,Batch Job Monitor,Code Defect,24,82,16.46,False,0,False,5,Freed disk space / restarted service; added monitoring alert to prevent recurrence.
INC101530,2026-02-08 18:24,2026-02-14 06:53,Security,Unauthorized Access Attempt,Order Management System,P4 - Low,Resolved,L3 Engineering,J. Antony,Support Team (Proactive),Data Issue,72,172,132.49,True,0,False,3,"Investigated alert, confirmed false positive / revoked access; updated certificate."
INC101804,2026-02-08 19:57,2026-02-09 11:01,Batch Job Failure,Job Failed - Data Error,Core Banking App,P4 - Low,Resolved,L3 Engineering,P. Arjun,Support Team (Proactive),Infra Failure,72,52,15.08,False,0,True,3,Re-triggered job after correcting input file; added validation check.
INC101271,2026-02-09 08:03,2026-02-10 01:28,Server/Infra,CPU Spike,Payment Gateway,P3 - Medium,Resolved,Network Team,L. Chitra,Monitoring Alert,Third-Party Outage,24,47,17.42,False,0,True,4,Freed disk space / restarted service; added monitoring alert to prevent recurrence.
INC100289,2026-02-09 14:54,2026-02-10 22:26,Batch Job Failure,Duplicate Run,Auth Service,P4 - Low,Resolved,L3 Engineering,B. Meena,Monitoring Alert,Data Issue,72,115,31.54,False,0,True,5,Re-triggered job after correcting input file; added validation check.
INC100702,2026-02-09 16:01,2026-02-10 05:02,Network,Latency,Billing Engine,P3 - Medium,Resolved,L2 Support,V. Prasad,End User,User Error,24,37,13.02,False,0,True,5,Restarted network service / re-routed traffic; confirmed connectivity restored.
INC101790,2026-02-09 19:17,2026-02-09 20:42,Performance,API Latency,Customer Support Portal,P2 - High,Resolved,L3 Engineering,L. Chitra,Support Team (Proactive),User Error,8,28,1.43,False,0,False,3,Tuned query/index or scaled resources; response time back within threshold.
INC101132,2026-02-09 20:03,2026-02-10 10:19,Network,DNS Issue,Order Management System,P3 - Medium,Resolved,Network Team,S. Priya,Monitoring Alert,Data Issue,24,93,14.28,False,0,False,4,Restarted network service / re-routed traffic; confirmed connectivity restored.
INC101038,2026-02-09 20:08,2026-02-10 07:23,Integration/API,API Failure,Inventory System,P2 - High,Closed,App Dev Team,R. Iyer,Customer,Data Issue,8,24,11.25,True,0,False,3,Coordinated with third-party vendor / corrected payload mapping; retested integration.
INC100370,2026-02-10 04:23,2026-02-11 01:47,Integration/API,Webhook Not Firing,Payment Gateway,P3 - Medium,Resolved,App Dev Team,V. Prasad,Customer,Infra Failure,24,65,21.41,False,0,False,5,Coordinated with third-party vendor / corrected payload mapping; retested integration.
INC100452,2026-02-10 10:40,2026-02-11 08:59,Access/Authentication,Permission Denied,Reporting Dashboard,P2 - High,Resolved,L2 Support,K. Suresh,Customer,Third-Party Outage,8,7,22.33,True,0,False,1,Reset credentials / corrected access role; user confirmed successful login.
INC100574,2026-02-10 16:59,2026-02-13 10:07,Network,Firewall Block,Payment Gateway,P4 - Low,Closed,L2 Support,R. Iyer,Support Team (Proactive),Code Defect,72,230,65.14,False,0,False,4,Restarted network service / re-routed traffic; confirmed connectivity restored.
INC102198,2026-02-11 16:58,2026-02-12 08:47,Server/Infra,Server Down,HR Portal,P3 - Medium,Resolved,L3 Engineering,V. Prasad,Support Team (Proactive),Data Issue,24,68,15.82,False,0,True,4,Freed disk space / restarted service; added monitoring alert to prevent recurrence.
INC100571,2026-02-11 18:49,2026-02-13 05:58,Performance,Slow Response Time,Reporting Dashboard,P4 - Low,Resolved,DBA Team,N. Fathima,Monitoring Alert,Code Defect,72,183,35.16,False,0,False,3,Tuned query/index or scaled resources; response time back within threshold.
INC100841,2026-02-12 09:12,2026-02-13 00:18,Batch Job Failure,Duplicate Run,Order Management System,P3 - Medium,Resolved,App Dev Team,N. Fathima,Support Team (Proactive),Capacity/Performance,24,35,15.1,False,0,False,5,Re-triggered job after correcting input file; added validation check.
INC101375,2026-02-12 09:35,2026-02-12 17:07,Security,Vulnerability Alert,Billing Engine,P3 - Medium,Resolved,L3 Engineering,M. Kumar,Customer,Data Issue,24,29,7.54,False,0,True,3,"Investigated alert, confirmed false positive / revoked access; updated certificate."
INC100506,2026-02-12 14:55,2026-02-13 12:32,Application Issue,Feature Not Working,Order Management System,P3 - Medium,Reopened,App Dev Team,V. Prasad,Support Team (Proactive),Configuration Error,24,70,21.63,False,1,False,3,Identified faulty code path; deployed hotfix / config change and validated with user.
INC100915,2026-02-12 19:17,2026-02-12 21:55,Batch Job Failure,Job Timeout,Core Banking App,P1 - Critical,Resolved,App Dev Team,P. Arjun,End User,Code Defect,4,14,2.64,False,0,False,5,Re-triggered job after correcting input file; added validation check.
INC101442,2026-02-12 21:08,2026-02-13 04:07,Hardware,Device Offline,HR Portal,P2 - High,Resolved,L1 Support,M. Kumar,Support Team (Proactive),Capacity/Performance,8,13,6.99,False,0,False,4,Replaced/reset device; confirmed functioning with end user.
INC100756,2026-02-12 21:22,2026-02-14 01:47,Network,Firewall Block,Reporting Dashboard,P4 - Low,Closed,L2 Support,B. Meena,Support Team (Proactive),Data Issue,72,237,28.42,False,0,False,3,Restarted network service / re-routed traffic; confirmed connectivity restored.
INC100674,2026-02-13 09:08,2026-02-13 20:17,Hardware,Device Offline,Inventory System,P3 - Medium,Closed,L1 Support,R. Iyer,Support Team (Proactive),Configuration Error,24,2,11.15,False,0,False,5,Replaced/reset device; confirmed functioning with end user.
INC100448,2026-02-13 10:03,2026-02-14 12:21,Server/Infra,CPU Spike,Billing Engine,P4 - Low,Resolved,L3 Engineering,N. Fathima,Support Team (Proactive),Capacity/Performance,72,137,26.31,False,0,True,4,Freed disk space / restarted service; added monitoring alert to prevent recurrence.
INC100457,2026-02-13 15:17,2026-02-13 18:59,Database,Data Corruption,Customer Support Portal,P3 - Medium,Resolved,DBA Team,L. Chitra,Monitoring Alert,Code Defect,24,55,3.7,False,0,False,3,Optimized query / cleared lock and restarted affected session; verified data integrity.
INC101648,2026-02-13 18:19,2026-02-14 14:27,Database,Deadlock,Order Management System,P3 - Medium,Resolved,L3 Engineering,L. Chitra,End User,Code Defect,24,58,20.14,False,0,False,4,Optimized query / cleared lock and restarted affected session; verified data integrity.
INC101668,2026-02-13 19:26,2026-02-14 15:48,Integration/API,Payload Mismatch,Payment Gateway,P4 - Low,Closed,L3 Engineering,K. Suresh,Support Team (Proactive),Code Defect,72,199,20.37,False,0,False,3,Coordinated with third-party vendor / corrected payload mapping; retested integration.
INC100280,2026-02-13 20:02,2026-02-13 22:44,Hardware,Printer Issue,HR Portal,P2 - High,Resolved,L1 Support,T. Divya,End User,Data Issue,8,29,2.71,False,0,False,1,Replaced/reset device; confirmed functioning with end user.
INC100622,2026-02-13 21:51,2026-02-14 15:14,Server/Infra,Disk Space Full,CRM Portal,P4 - Low,Closed,Network Team,V. Prasad,End User,Code Defect,72,187,17.39,False,0,False,3,Freed disk space / restarted service; added monitoring alert to prevent recurrence.
INC100005,2026-02-14 01:14,2026-02-14 13:38,Application Issue,Feature Not Working,Payment Gateway,P3 - Medium,Resolved,L2 Support,B. Meena,Batch Job Monitor,Data Issue,24,46,12.41,False,0,False,3,Identified faulty code path; deployed hotfix / config change and validated with user.
INC101995,2026-02-14 09:54,2026-02-14 20:52,Server/Infra,Server Down,Auth Service,P3 - Medium,Resolved,L3 Engineering,P. Arjun,End User,Capacity/Performance,24,47,10.98,False,0,False,5,Freed disk space / restarted service; added monitoring alert to prevent recurrence.
INC100706,2026-02-14 11:36,2026-02-15 07:42,Integration/API,API Failure,Core Banking App,P4 - Low,Resolved,L3 Engineering,J. Antony,Support Team (Proactive),Data Issue,72,153,20.1,False,0,False,5,Coordinated with third-party vendor / corrected payload mapping; retested integration.
INC100899,2026-02-14 12:42,2026-02-14 20:57,Hardware,Peripheral Not Detected,Order Management System,P3 - Medium,Resolved,L1 Support,K. Suresh,Customer,Third-Party Outage,24,73,8.26,False,0,True,4,Replaced/reset device; confirmed functioning with end user.
INC100111,2026-02-14 15:33,2026-02-16 10:30,Performance,API Latency,Inventory System,P4 - Low,Resolved,DBA Team,J. Antony,Batch Job Monitor,User Error,72,143,42.95,False,0,False,5,Tuned query/index or scaled resources; response time back within threshold.
INC100971,2026-02-14 18:32,2026-02-15 15:17,Performance,Page Load Delay,HR Portal,P3 - Medium,Resolved,DBA Team,M. Kumar,Monitoring Alert,Unknown,24,52,20.75,False,0,False,4,Tuned query/index or scaled resources; response time back within threshold.
INC102182,2026-02-14 20:14,2026-02-15 00:11,Batch Job Failure,Duplicate Run,Customer Support Portal,P2 - High,Closed,App Dev Team,A. Rangan,Monitoring Alert,Code Defect,8,16,3.95,False,0,False,5,Re-triggered job after correcting input file; added validation check.
INC100726,2026-02-14 23:26,2026-02-15 14:02,Network,Latency,Billing Engine,P3 - Medium,Closed,Network Team,J. Antony,End User,Unknown,24,45,14.6,False,0,False,4,Restarted network service / re-routed traffic; confirmed connectivity restored.
INC100928,2026-02-15 03:29,2026-02-17 23:43,Hardware,Device Offline,Customer Support Portal,P4 - Low,Resolved,L1 Support,A. Rangan,Monitoring Alert,Data Issue,72,88,68.24,False,0,False,3,Replaced/reset device; confirmed functioning with end user.
INC101692,2026-02-15 09:00,2026-02-15 13:12,Network,Latency,CRM Portal,P2 - High,Closed,Network Team,R. Iyer,End User,Third-Party Outage,8,16,4.2,False,0,True,5,Restarted network service / re-routed traffic; confirmed connectivity restored.
INC101223,2026-02-15 09:18,2026-02-19 13:49,Performance,Slow Response Time,Core Banking App,P4 - Low,Resolved,DBA Team,B. Meena,Monitoring Alert,Data Issue,72,251,100.52,True,0,False,3,Tuned query/index or scaled resources; response time back within threshold.
INC100407,2026-02-15 12:05,2026-02-15 17:46,Performance,API Latency,Auth Service,P2 - High,Resolved,L3 Engineering,A. Rangan,End User,Data Issue,8,47,5.69,False,0,False,4,Tuned query/index or scaled resources; response time back within threshold.
INC101126,2026-02-15 12:05,2026-02-16 09:51,Database,Deadlock,Customer Support Portal,P4 - Low,Resolved,L3 Engineering,A. Rangan,Monitoring Alert,User Error,72,133,21.77,False,0,False,5,Optimized query / cleared lock and restarted affected session; verified data integrity.
INC101934,2026-02-15 13:08,2026-02-15 19:09,Server/Infra,Disk Space Full,Customer Support Portal,P3 - Medium,Closed,L3 Engineering,L. Chitra,End User,Capacity/Performance,24,57,6.03,False,0,False,4,Freed disk space / restarted service; added monitoring alert to prevent recurrence.
INC100654,2026-02-15 14:17,2026-02-16 04:36,Integration/API,API Failure,Reporting Dashboard,P3 - Medium,Closed,App Dev Team,V. Prasad,End User,Third-Party Outage,24,58,14.32,False,0,False,4,Coordinated with third-party vendor / corrected payload mapping; retested integration.
INC102060,2026-02-15 19:33,2026-02-15 20:50,Integration/API,Third-Party Timeout,Reporting Dashboard,P2 - High,Reopened,L3 Engineering,B. Meena,End User,Data Issue,8,16,1.29,False,1,True,3,Coordinated with third-party vendor / corrected payload mapping; retested integration.
INC100368,2026-02-15 19:44,2026-02-16 06:28,Hardware,Device Offline,Billing Engine,P3 - Medium,Resolved,L1 Support,R. Iyer,Monitoring Alert,User Error,24,65,10.74,False,0,False,5,Replaced/reset device; confirmed functioning with end user.
INC101337,2026-02-16 10:07,2026-02-16 20:03,Hardware,Printer Issue,Payment Gateway,P3 - Medium,Reopened,L1 Support,T. Divya,Batch Job Monitor,Data Issue,24,50,9.94,False,1,False,2,Replaced/reset device; confirmed functioning with end user.
INC101196,2026-02-16 16:08,2026-02-17 10:17,Integration/API,API Failure,Order Management System,P3 - Medium,Closed,App Dev Team,P. Arjun,Customer,Configuration Error,24,11,18.15,False,0,False,5,Coordinated with third-party vendor / corrected payload mapping; retested integration.
INC100719,2026-02-16 17:18,2026-02-17 14:35,Access/Authentication,SSO Error,Order Management System,P4 - Low,Resolved,L2 Support,R. Iyer,Support Team (Proactive),User Error,72,155,21.29,False,0,False,5,Reset credentials / corrected access role; user confirmed successful login.
INC102187,2026-02-16 18:18,2026-02-18 05:46,Hardware,Printer Issue,CRM Portal,P3 - Medium,Resolved,L1 Support,J. Antony,Support Team (Proactive),Infra Failure,24,104,35.47,True,0,False,3,Replaced/reset device; confirmed functioning with end user.
INC101748,2026-02-16 20:45,2026-02-17 14:52,Security,Suspicious Login,Billing Engine,P3 - Medium,Reopened,L3 Engineering,T. Divya,Support Team (Proactive),Third-Party Outage,24,44,18.12,False,1,False,3,"Investigated alert, confirmed false positive / revoked access; updated certificate."
INC101559,2026-02-17 03:19,2026-02-17 12:41,Application Issue,Application Crash,Order Management System,P3 - Medium,Reopened,App Dev Team,L. Chitra,Customer,Capacity/Performance,24,58,9.38,False,1,False,1,Identified faulty code path; deployed hotfix / config change and validated with user.
INC100807,2026-02-17 11:20,2026-02-17 22:18,Security,Certificate Expiry,Billing Engine,P3 - Medium,Resolved,Network Team,K. Suresh,Customer,Unknown,24,76,10.98,False,0,False,4,"Investigated alert, confirmed false positive / revoked access; updated certificate."
INC102155,2026-02-17 11:21,2026-02-18 02:15,Hardware,Peripheral Not Detected,Billing Engine,P3 - Medium,Resolved,L1 Support,S. Priya,Customer,Third-Party Outage,24,66,14.91,False,0,False,3,Replaced/reset device; confirmed functioning with end user.
INC101407,2026-02-18 10:17,2026-02-19 12:26,Integration/API,Payload Mismatch,Reporting Dashboard,P4 - Low,Closed,App Dev Team,P. Arjun,Support Team (Proactive),Code Defect,72,125,26.16,False,0,False,4,Coordinated with third-party vendor / corrected payload mapping; retested integration.
INC101581,2026-02-18 11:23,2026-02-20 04:52,Server/Infra,Disk Space Full,Reporting Dashboard,P4 - Low,Resolved,L3 Engineering,A. Rangan,Monitoring Alert,Code Defect,72,201,41.49,False,0,True,3,Freed disk space / restarted service; added monitoring alert to prevent recurrence.
INC102103,2026-02-18 14:31,2026-02-20 09:56,Server/Infra,Server Down,Payment Gateway,P4 - Low,Closed,Network Team,S. Priya,Customer,Capacity/Performance,72,115,43.42,False,0,False,4,Freed disk space / restarted service; added monitoring alert to prevent recurrence.
INC100877,2026-02-18 18:15,2026-02-19 04:28,Integration/API,Payload Mismatch,Customer Support Portal,P3 - Medium,Resolved,L3 Engineering,L. Chitra,Monitoring Alert,Unknown,24,47,10.23,False,0,False,5,Coordinated with third-party vendor / corrected payload mapping; retested integration.
INC100513,2026-02-18 20:13,2026-02-21 16:06,Server/Infra,Disk Space Full,CRM Portal,P4 - Low,Resolved,Network Team,L. Chitra,Customer,User Error,72,285,67.89,False,0,False,4,Freed disk space / restarted service; added monitoring alert to prevent recurrence.
INC101275,2026-02-18 21:50,2026-02-26 00:20,Batch Job Failure,Job Failed - Data Error,Customer Support Portal,P4 - Low,Resolved,App Dev Team,T. Divya,Customer,Unknown,72,263,170.51,True,0,False,1,Re-triggered job after correcting input file; added validation check.
INC101780,2026-02-19 09:34,2026-02-21 21:32,Network,Firewall Block,Customer Support Portal,P4 - Low,Closed,Network Team,L. Chitra,Support Team (Proactive),Infra Failure,72,117,59.98,False,0,False,4,Restarted network service / re-routed traffic; confirmed connectivity restored.
INC101115,2026-02-19 10:09,2026-02-19 15:27,Application Issue,Application Crash,Payment Gateway,P2 - High,Closed,App Dev Team,A. Rangan,Batch Job Monitor,Unknown,8,27,5.3,False,0,True,4,Identified faulty code path; deployed hotfix / config change and validated with user.
INC100879,2026-02-19 11:15,2026-02-20 19:32,Hardware,Device Offline,Order Management System,P4 - Low,Resolved,L1 Support,V. Prasad,End User,Code Defect,72,103,32.29,False,0,False,4,Replaced/reset device; confirmed functioning with end user.
INC101597,2026-02-19 12:22,2026-02-21 06:07,Server/Infra,Disk Space Full,Reporting Dashboard,P4 - Low,Resolved,Network Team,P. Arjun,Batch Job Monitor,Infra Failure,72,279,41.76,False,0,False,4,Freed disk space / restarted service; added monitoring alert to prevent recurrence.
INC101026,2026-02-19 14:14,2026-02-19 21:18,Application Issue,UI Error,Auth Service,P3 - Medium,Closed,L2 Support,M. Kumar,End User,Infra Failure,24,13,7.08,False,0,False,4,Identified faulty code path; deployed hotfix / config change and validated with user.
INC100865,2026-02-19 16:22,2026-02-20 09:57,Security,Vulnerability Alert,Core Banking App,P3 - Medium,Resolved,Network Team,N. Fathima,Customer,Capacity/Performance,24,60,17.59,False,0,False,2,"Investigated alert, confirmed false positive / revoked access; updated certificate."
INC102131,2026-02-19 16:50,2026-02-21 06:05,Performance,Page Load Delay,Payment Gateway,P3 - Medium,Resolved,DBA Team,M. Kumar,Batch Job Monitor,Capacity/Performance,24,59,37.26,True,0,False,3,Tuned query/index or scaled resources; response time back within threshold.
INC101452,2026-02-20 12:36,2026-02-22 13:20,Hardware,Workstation Failure,Payment Gateway,P4 - Low,Resolved,L1 Support,M. Kumar,Batch Job Monitor,Capacity/Performance,72,249,48.74,False,0,False,4,Replaced/reset device; confirmed functioning with end user.
INC101820,2026-02-20 14:20,2026-02-20 21:06,Database,Deadlock,Payment Gateway,P3 - Medium,Closed,L3 Engineering,A. Rangan,Monitoring Alert,User Error,24,96,6.77,False,0,False,4,Optimized query / cleared lock and restarted affected session; verified data integrity.
INC101649,2026-02-20 16:49,2026-02-21 17:10,Batch Job Failure,Job Failed - Data Error,Billing Engine,P2 - High,Resolved,App Dev Team,R. Iyer,Monitoring Alert,Third-Party Outage,8,19,24.36,True,0,False,5,Re-triggered job after correcting input file; added validation check.
INC102094,2026-02-20 17:59,2026-02-23 23:59,Database,Connection Pool Exhausted,Payment Gateway,P3 - Medium,Resolved,DBA Team,V. Prasad,Customer,Capacity/Performance,24,68,78.0,True,0,False,2,Optimized query / cleared lock and restarted affected session; verified data integrity.
INC101065,2026-02-20 20:59,2026-02-22 12:08,Network,DNS Issue,Billing Engine,P4 - Low,Closed,L2 Support,N. Fathima,Support Team (Proactive),Third-Party Outage,72,237,39.16,False,0,False,5,Restarted network service / re-routed traffic; confirmed connectivity restored.
INC101361,2026-02-20 21:26,2026-02-21 18:09,Hardware,Workstation Failure,Core Banking App,P3 - Medium,Closed,L1 Support,S. Priya,Customer,Capacity/Performance,24,47,20.72,False,0,False,4,Replaced/reset device; confirmed functioning with end user.
INC101130,2026-02-20 21:59,2026-02-21 10:03,Network,Latency,Customer Support Portal,P2 - High,Resolved,Network Team,B. Meena,Monitoring Alert,Code Defect,8,23,12.07,True,0,False,5,Restarted network service / re-routed traffic; confirmed connectivity restored.
INC100350,2026-02-21 21:46,2026-02-22 00:27,Application Issue,Data Mismatch,Customer Support Portal,P2 - High,Resolved,App Dev Team,P. Arjun,Support Team (Proactive),Infra Failure,8,11,2.69,False,0,False,5,Identified faulty code path; deployed hotfix / config change and validated with user.
INC100433,2026-02-22 11:05,2026-02-22 17:20,Access/Authentication,SSO Error,Auth Service,P3 - Medium,Resolved,L2 Support,P. Arjun,Monitoring Alert,Infra Failure,24,60,6.25,False,0,False,5,Reset credentials / corrected access role; user confirmed successful login.
INC102062,2026-02-22 14:00,2026-02-23 11:03,Security,Vulnerability Alert,Payment Gateway,P3 - Medium,Resolved,L3 Engineering,T. Divya,End User,User Error,24,68,21.05,False,0,False,3,"Investigated alert, confirmed false positive / revoked access; updated certificate."
INC100348,2026-02-22 16:48,2026-02-22 23:44,Access/Authentication,Password Reset,Core Banking App,P2 - High,Resolved,L2 Support,P. Arjun,Monitoring Alert,User Error,8,32,6.94,False,0,True,4,Reset credentials / corrected access role; user confirmed successful login.
INC100139,2026-02-22 18:38,2026-02-22 21:06,Performance,API Latency,HR Portal,P1 - Critical,Resolved,DBA Team,N. Fathima,Monitoring Alert,Third-Party Outage,4,7,2.47,False,0,False,5,Tuned query/index or scaled resources; response time back within threshold.
INC100890,2026-02-22 21:02,2026-02-23 13:23,Batch Job Failure,Job Failed - Data Error,Auth Service,P3 - Medium,Reopened,L3 Engineering,A. Rangan,End User,Code Defect,24,33,16.36,False,1,False,3,Re-triggered job after correcting input file; added validation check.
INC100503,2026-02-23 12:30,2026-02-23 22:51,Integration/API,API Failure,HR Portal,P1 - Critical,Reopened,App Dev Team,P. Arjun,Support Team (Proactive),Code Defect,4,16,10.35,True,1,False,4,Coordinated with third-party vendor / corrected payload mapping; retested integration.
INC100149,2026-02-23 12:33,2026-02-25 12:17,Integration/API,Third-Party Timeout,Inventory System,P3 - Medium,Resolved,L3 Engineering,T. Divya,End User,User Error,24,96,47.74,True,0,False,4,Coordinated with third-party vendor / corrected payload mapping; retested integration.
INC101030,2026-02-23 14:44,2026-02-25 14:08,Security,Unauthorized Access Attempt,Customer Support Portal,P4 - Low,Resolved,Network Team,N. Fathima,Support Team (Proactive),Third-Party Outage,72,207,47.41,False,0,False,4,"Investigated alert, confirmed false positive / revoked access; updated certificate."
INC101301,2026-02-23 16:37,2026-02-23 21:06,Application Issue,UI Error,HR Portal,P3 - Medium,Resolved,L2 Support,P. Arjun,Support Team (Proactive),Configuration Error,24,52,4.49,False,0,False,5,Identified faulty code path; deployed hotfix / config change and validated with user.
INC100965,2026-02-23 18:10,2026-02-24 11:05,Performance,Report Load Timeout,Order Management System,P4 - Low,Resolved,DBA Team,J. Antony,Support Team (Proactive),Third-Party Outage,72,294,16.92,False,0,True,4,Tuned query/index or scaled resources; response time back within threshold.
INC101222,2026-02-24 00:00,2026-02-24 05:35,Access/Authentication,Login Failure,Payment Gateway,P2 - High,Reopened,L1 Support,J. Antony,Batch Job Monitor,Configuration Error,8,28,5.59,False,1,False,3,Reset credentials / corrected access role; user confirmed successful login.
INC101513,2026-02-24 02:42,2026-02-24 05:48,Access/Authentication,Password Reset,Reporting Dashboard,P1 - Critical,Resolved,L1 Support,V. Prasad,Batch Job Monitor,Third-Party Outage,4,18,3.11,False,0,True,3,Reset credentials / corrected access role; user confirmed successful login.
INC100464,2026-02-24 12:40,2026-02-25 00:18,Server/Infra,Disk Space Full,Inventory System,P3 - Medium,Resolved,Network Team,B. Meena,Batch Job Monitor,Third-Party Outage,24,56,11.64,False,0,False,4,Freed disk space / restarted service; added monitoring alert to prevent recurrence.
INC101102,2026-02-24 14:39,2026-02-25 12:24,Batch Job Failure,Job Failed - Data Error,CRM Portal,P4 - Low,Resolved,App Dev Team,M. Kumar,Customer,Data Issue,72,282,21.75,False,0,True,4,Re-triggered job after correcting input file; added validation check.
INC101169,2026-02-24 15:55,2026-02-25 07:43,Integration/API,Webhook Not Firing,Auth Service,P3 - Medium,Resolved,App Dev Team,M. Kumar,Monitoring Alert,Configuration Error,24,43,15.8,False,0,True,4,Coordinated with third-party vendor / corrected payload mapping; retested integration.
INC100248,2026-02-24 16:56,2026-02-25 01:55,Security,Suspicious Login,CRM Portal,P3 - Medium,Resolved,L3 Engineering,M. Kumar,Monitoring Alert,Configuration Error,24,33,8.99,False,0,False,3,"Investigated alert, confirmed false positive / revoked access; updated certificate."
INC100800,2026-02-24 17:00,2026-02-25 07:16,Access/Authentication,SSO Error,Payment Gateway,P4 - Low,Closed,L1 Support,S. Priya,Customer,Third-Party Outage,72,267,14.28,False,0,False,4,Reset credentials / corrected access role; user confirmed successful login.
INC100331,2026-02-24 18:00,2026-02-25 11:07,Security,Unauthorized Access Attempt,HR Portal,P4 - Low,Resolved,Network Team,T. Divya,Support Team (Proactive),Code Defect,72,272,17.12,False,0,False,2,"Investigated alert, confirmed false positive / revoked access; updated certificate."
INC101613,2026-02-24 18:19,2026-02-25 20:14,Integration/API,Third-Party Timeout,Payment Gateway,P4 - Low,Resolved,L3 Engineering,V. Prasad,End User,Infra Failure,72,216,25.92,False,0,False,5,Coordinated with third-party vendor / corrected payload mapping; retested integration.
INC101925,2026-02-24 21:41,2026-02-25 03:15,Network,Firewall Block,Inventory System,P1 - Critical,Closed,Network Team,L. Chitra,Customer,Unknown,4,7,5.58,True,0,False,3,Restarted network service / re-routed traffic; confirmed connectivity restored.
INC101603,2026-02-25 13:26,2026-02-25 20:58,Application Issue,Feature Not Working,CRM Portal,P2 - High,Resolved,App Dev Team,A. Rangan,Support Team (Proactive),Capacity/Performance,8,17,7.54,False,0,True,3,Identified faulty code path; deployed hotfix / config change and validated with user.
INC102194,2026-02-25 14:31,2026-02-26 02:46,Access/Authentication,Password Reset,Inventory System,P3 - Medium,Resolved,L2 Support,A. Rangan,Batch Job Monitor,User Error,24,58,12.25,False,0,False,3,Reset credentials / corrected access role; user confirmed successful login.
INC100301,2026-02-25 14:40,2026-03-05 00:58,Access/Authentication,Password Reset,Customer Support Portal,P4 - Low,Resolved,L2 Support,A. Rangan,Batch Job Monitor,Capacity/Performance,72,282,178.3,True,0,False,2,Reset credentials / corrected access role; user confirmed successful login.
INC102084,2026-02-25 17:13,2026-02-26 09:08,Batch Job Failure,Job Timeout,Billing Engine,P4 - Low,Resolved,App Dev Team,P. Arjun,Support Team (Proactive),Unknown,72,253,15.93,False,0,False,4,Re-triggered job after correcting input file; added validation check.
INC101610,2026-02-25 18:29,2026-02-28 06:45,Integration/API,API Failure,Core Banking App,P4 - Low,Closed,App Dev Team,S. Priya,Batch Job Monitor,User Error,72,38,60.27,False,0,False,4,Coordinated with third-party vendor / corrected payload mapping; retested integration.
INC100293,2026-02-26 13:26,2026-02-26 19:54,Database,Deadlock,Billing Engine,P3 - Medium,Resolved,DBA Team,P. Arjun,Customer,Code Defect,24,57,6.47,False,0,True,3,Optimized query / cleared lock and restarted affected session; verified data integrity.
INC100047,2026-02-26 14:42,2026-02-27 12:55,Database,Deadlock,Inventory System,P3 - Medium,Resolved,L3 Engineering,P. Arjun,Customer,Code Defect,24,39,22.23,False,0,False,4,Optimized query / cleared lock and restarted affected session; verified data integrity.
INC100514,2026-02-26 15:04,2026-02-27 05:48,Hardware,Peripheral Not Detected,Order Management System,P3 - Medium,Closed,L1 Support,S. Priya,Monitoring Alert,Third-Party Outage,24,56,14.74,False,0,False,5,Replaced/reset device; confirmed functioning with end user.
INC100077,2026-02-26 19:52,2026-02-27 02:01,Network,Latency,HR Portal,P2 - High,Resolved,Network Team,M. Kumar,Support Team (Proactive),Infra Failure,8,25,6.15,False,0,False,5,Restarted network service / re-routed traffic; confirmed connectivity restored.
INC100451,2026-02-27 06:37,2026-02-27 10:25,Hardware,Peripheral Not Detected,Customer Support Portal,P1 - Critical,Closed,L1 Support,R. Iyer,End User,Capacity/Performance,4,9,3.8,False,0,False,3,Replaced/reset device; confirmed functioning with end user.
INC100539,2026-02-27 12:20,2026-02-27 13:44,Application Issue,Application Crash,Core Banking App,P1 - Critical,Resolved,App Dev Team,K. Suresh,Batch Job Monitor,Unknown,4,10,1.41,False,0,True,4,Identified faulty code path; deployed hotfix / config change and validated with user.
INC100157,2026-02-27 18:34,2026-02-28 08:46,Network,DNS Issue,HR Portal,P4 - Low,Resolved,L2 Support,B. Meena,Batch Job Monitor,Configuration Error,72,258,14.21,False,0,False,5,Restarted network service / re-routed traffic; confirmed connectivity restored.
INC101260,2026-02-27 18:52,2026-02-28 17:21,Hardware,Peripheral Not Detected,Billing Engine,P2 - High,Reopened,L1 Support,L. Chitra,Support Team (Proactive),Data Issue,8,18,22.49,True,1,False,3,Replaced/reset device; confirmed functioning with end user.
INC101682,2026-02-27 19:37,2026-02-28 07:06,Performance,API Latency,Customer Support Portal,P4 - Low,Reopened,L3 Engineering,V. Prasad,Customer,Infra Failure,72,66,11.49,False,1,False,4,Tuned query/index or scaled resources; response time back within threshold.
INC101859,2026-02-27 19:50,2026-02-28 10:55,Integration/API,Webhook Not Firing,CRM Portal,P3 - Medium,Resolved,App Dev Team,L. Chitra,Monitoring Alert,User Error,24,82,15.09,False,0,True,5,Coordinated with third-party vendor / corrected payload mapping; retested integration.
INC100022,2026-02-27 21:55,2026-02-27 23:24,Server/Infra,CPU Spike,Order Management System,P1 - Critical,Resolved,Network Team,T. Divya,Batch Job Monitor,Configuration Error,4,18,1.49,False,0,False,4,Freed disk space / restarted service; added monitoring alert to prevent recurrence.
INC102090,2026-02-28 11:18,2026-02-28 15:10,Server/Infra,CPU Spike,Reporting Dashboard,P3 - Medium,Resolved,L3 Engineering,P. Arjun,Support Team (Proactive),Configuration Error,24,65,3.88,False,0,False,4,Freed disk space / restarted service; added monitoring alert to prevent recurrence.
INC100864,2026-02-28 13:59,2026-02-28 23:28,Hardware,Workstation Failure,Payment Gateway,P1 - Critical,Resolved,L1 Support,L. Chitra,Support Team (Proactive),User Error,4,9,9.49,True,0,False,2,Replaced/reset device; confirmed functioning with end user.
INC100070,2026-02-28 17:13,2026-02-28 22:05,Network,Firewall Block,Payment Gateway,P2 - High,Closed,L2 Support,J. Antony,Batch Job Monitor,Configuration Error,8,36,4.87,False,0,False,5,Restarted network service / re-routed traffic; confirmed connectivity restored.
INC101808,2026-03-01 14:37,2026-03-02 11:42,Security,Suspicious Login,HR Portal,P3 - Medium,Resolved,L3 Engineering,B. Meena,Batch Job Monitor,Configuration Error,24,83,21.09,False,0,False,3,"Investigated alert, confirmed false positive / revoked access; updated certificate."
INC100733,2026-03-01 16:07,2026-03-02 11:21,Performance,Slow Response Time,Order Management System,P3 - Medium,Resolved,DBA Team,A. Rangan,Customer,Unknown,24,46,19.24,False,0,False,3,Tuned query/index or scaled resources; response time back within threshold.
INC100178,2026-03-02 09:43,2026-03-03 02:23,Access/Authentication,SSO Error,CRM Portal,P4 - Low,Closed,L1 Support,V. Prasad,Customer,Data Issue,72,81,16.67,False,0,True,3,Reset credentials / corrected access role; user confirmed successful login.
INC101394,2026-03-02 19:24,2026-03-03 04:02,Security,Vulnerability Alert,CRM Portal,P3 - Medium,Resolved,Network Team,N. Fathima,Customer,Capacity/Performance,24,49,8.64,False,0,True,4,"Investigated alert, confirmed false positive / revoked access; updated certificate."
INC101009,2026-03-02 20:59,2026-03-04 07:54,Server/Infra,Memory Leak,Reporting Dashboard,P4 - Low,Resolved,Network Team,A. Rangan,Support Team (Proactive),Infra Failure,72,195,34.92,False,0,False,5,Freed disk space / restarted service; added monitoring alert to prevent recurrence.
INC101605,2026-03-02 23:56,2026-03-04 01:42,Server/Infra,CPU Spike,Inventory System,P4 - Low,Reopened,Network Team,T. Divya,Batch Job Monitor,Infra Failure,72,215,25.77,False,1,False,2,Freed disk space / restarted service; added monitoring alert to prevent recurrence.
INC101143,2026-03-03 09:26,2026-03-03 15:56,Database,Data Corruption,Payment Gateway,P3 - Medium,Resolved,DBA Team,B. Meena,Monitoring Alert,Code Defect,24,42,6.5,False,0,False,3,Optimized query / cleared lock and restarted affected session; verified data integrity.
INC101248,2026-03-03 10:01,2026-03-03 16:02,Integration/API,Webhook Not Firing,Customer Support Portal,P2 - High,Resolved,L3 Engineering,S. Priya,Batch Job Monitor,Capacity/Performance,8,31,6.03,False,0,False,5,Coordinated with third-party vendor / corrected payload mapping; retested integration.
INC100055,2026-03-03 11:15,2026-03-03 17:36,Hardware,Device Offline,CRM Portal,P3 - Medium,Resolved,L1 Support,M. Kumar,End User,Capacity/Performance,24,46,6.35,False,0,False,4,Replaced/reset device; confirmed functioning with end user.
INC100183,2026-03-03 12:10,2026-03-03 19:08,Database,Deadlock,HR Portal,P3 - Medium,Resolved,DBA Team,K. Suresh,Support Team (Proactive),Capacity/Performance,24,31,6.98,False,0,False,5,Optimized query / cleared lock and restarted affected session; verified data integrity.
INC100215,2026-03-03 13:10,2026-03-05 14:30,Application Issue,Data Mismatch,Inventory System,P4 - Low,Resolved,App Dev Team,K. Suresh,End User,Code Defect,72,105,49.34,False,0,False,3,Identified faulty code path; deployed hotfix / config change and validated with user.
INC100583,2026-03-03 19:57,2026-03-04 23:40,Server/Infra,Server Down,Order Management System,P2 - High,Closed,Network Team,R. Iyer,End User,User Error,8,29,27.72,True,0,False,1,Freed disk space / restarted service; added monitoring alert to prevent recurrence.
INC100182,2026-03-03 21:31,2026-03-06 23:04,Batch Job Failure,Job Not Triggered,CRM Portal,P3 - Medium,Resolved,App Dev Team,T. Divya,Support Team (Proactive),Data Issue,24,26,73.55,True,0,False,4,Re-triggered job after correcting input file; added validation check.
INC100246,2026-03-03 21:31,2026-03-04 04:35,Server/Infra,Disk Space Full,Order Management System,P2 - High,Closed,L3 Engineering,P. Arjun,Monitoring Alert,Third-Party Outage,8,27,7.07,False,0,False,2,Freed disk space / restarted service; added monitoring alert to prevent recurrence.
INC101578,2026-03-04 03:24,2026-03-05 08:07,Integration/API,Third-Party Timeout,CRM Portal,P4 - Low,Closed,App Dev Team,J. Antony,Monitoring Alert,Configuration Error,72,75,28.72,False,0,False,4,Coordinated with third-party vendor / corrected payload mapping; retested integration.
INC101829,2026-03-04 10:04,2026-03-06 00:09,Server/Infra,Memory Leak,HR Portal,P4 - Low,Resolved,L3 Engineering,K. Suresh,Batch Job Monitor,User Error,72,136,38.09,False,0,False,1,Freed disk space / restarted service; added monitoring alert to prevent recurrence.
INC101895,2026-03-04 10:23,2026-03-05 11:03,Network,Firewall Block,Core Banking App,P2 - High,Resolved,L2 Support,R. Iyer,End User,User Error,8,26,24.67,True,0,False,2,Restarted network service / re-routed traffic; confirmed connectivity restored.
INC102168,2026-03-04 12:29,2026-03-04 19:23,Integration/API,API Failure,Customer Support Portal,P2 - High,Resolved,App Dev Team,J. Antony,Batch Job Monitor,Configuration Error,8,5,6.9,False,0,False,5,Coordinated with third-party vendor / corrected payload mapping; retested integration.
INC101693,2026-03-04 14:33,2026-03-11 22:45,Security,Suspicious Login,Payment Gateway,P4 - Low,Resolved,Network Team,J. Antony,End User,Third-Party Outage,72,246,176.2,True,0,False,2,"Investigated alert, confirmed false positive / revoked access; updated certificate."
INC101036,2026-03-04 15:03,2026-03-06 23:01,Hardware,Workstation Failure,Reporting Dashboard,P4 - Low,Resolved,L1 Support,N. Fathima,Support Team (Proactive),Data Issue,72,177,55.97,False,0,False,4,Replaced/reset device; confirmed functioning with end user.
INC100962,2026-03-04 15:24,2026-03-05 05:24,Security,Vulnerability Alert,Billing Engine,P3 - Medium,Closed,Network Team,A. Rangan,End User,Infra Failure,24,69,14.0,False,0,False,4,"Investigated alert, confirmed false positive / revoked access; updated certificate."
INC101081,2026-03-04 20:12,2026-03-05 16:10,Application Issue,Application Crash,Core Banking App,P3 - Medium,Resolved,L2 Support,A. Rangan,Monitoring Alert,Code Defect,24,53,19.97,False,0,False,4,Identified faulty code path; deployed hotfix / config change and validated with user.
INC100557,2026-03-05 09:23,2026-03-08 04:09,Hardware,Device Offline,Payment Gateway,P4 - Low,Closed,L1 Support,T. Divya,Batch Job Monitor,Infra Failure,72,168,66.78,False,0,False,3,Replaced/reset device; confirmed functioning with end user.
INC101174,2026-03-05 10:16,2026-03-05 19:34,Integration/API,Payload Mismatch,Inventory System,P3 - Medium,Closed,App Dev Team,T. Divya,Monitoring Alert,Third-Party Outage,24,62,9.31,False,0,False,5,Coordinated with third-party vendor / corrected payload mapping; retested integration.
INC100892,2026-03-05 13:49,2026-03-11 07:47,Batch Job Failure,Job Not Triggered,CRM Portal,P4 - Low,Closed,App Dev Team,B. Meena,End User,Data Issue,72,172,137.98,True,0,False,4,Re-triggered job after correcting input file; added validation check.
INC100645,2026-03-05 14:47,2026-03-06 03:00,Database,Deadlock,Auth Service,P3 - Medium,Resolved,L3 Engineering,S. Priya,Batch Job Monitor,Configuration Error,24,90,12.22,False,0,False,4,Optimized query / cleared lock and restarted affected session; verified data integrity.
INC101247,2026-03-05 15:54,2026-03-05 22:02,Application Issue,Data Mismatch,Auth Service,P2 - High,Resolved,L2 Support,M. Kumar,Batch Job Monitor,User Error,8,9,6.14,False,0,False,4,Identified faulty code path; deployed hotfix / config change and validated with user.
INC101229,2026-03-05 15:59,2026-03-05 20:36,Database,Connection Pool Exhausted,Inventory System,P3 - Medium,Closed,L3 Engineering,M. Kumar,Monitoring Alert,Data Issue,24,52,4.63,False,0,False,5,Optimized query / cleared lock and restarted affected session; verified data integrity.
INC101514,2026-03-05 16:24,2026-03-06 10:22,Integration/API,Webhook Not Firing,Payment Gateway,P3 - Medium,Resolved,App Dev Team,L. Chitra,Batch Job Monitor,User Error,24,70,17.97,False,0,True,3,Coordinated with third-party vendor / corrected payload mapping; retested integration.
INC101110,2026-03-05 18:04,2026-03-06 02:53,Network,VPN Failure,Auth Service,P3 - Medium,Resolved,L2 Support,S. Priya,End User,Third-Party Outage,24,43,8.82,False,0,False,5,Restarted network service / re-routed traffic; confirmed connectivity restored.
INC100310,2026-03-05 20:24,2026-03-06 02:46,Hardware,Workstation Failure,Auth Service,P3 - Medium,Closed,L1 Support,M. Kumar,Batch Job Monitor,Infra Failure,24,11,6.38,False,0,False,2,Replaced/reset device; confirmed functioning with end user.
INC101219,2026-03-05 21:15,2026-03-06 08:36,Access/Authentication,Permission Denied,Inventory System,P3 - Medium,Resolved,L2 Support,V. Prasad,Support Team (Proactive),User Error,24,49,11.36,False,0,True,5,Reset credentials / corrected access role; user confirmed successful login.
INC101718,2026-03-05 23:26,2026-03-06 01:09,Database,Deadlock,Payment Gateway,P2 - High,Closed,DBA Team,M. Kumar,End User,Capacity/Performance,8,22,1.72,False,0,False,4,Optimized query / cleared lock and restarted affected session; verified data integrity.
INC101263,2026-03-06 09:10,2026-03-07 04:37,Application Issue,UI Error,Payment Gateway,P3 - Medium,Resolved,L2 Support,B. Meena,End User,Infra Failure,24,63,19.45,False,0,False,5,Identified faulty code path; deployed hotfix / config change and validated with user.
INC100567,2026-03-06 10:11,2026-03-07 13:29,Integration/API,Third-Party Timeout,HR Portal,P4 - Low,Resolved,L3 Engineering,P. Arjun,Monitoring Alert,Configuration Error,72,262,27.31,False,0,False,4,Coordinated with third-party vendor / corrected payload mapping; retested integration.
INC101712,2026-03-06 10:30,2026-03-06 14:34,Server/Infra,Server Down,CRM Portal,P3 - Medium,Resolved,L3 Engineering,L. Chitra,End User,Capacity/Performance,24,10,4.07,False,0,False,4,Freed disk space / restarted service; added monitoring alert to prevent recurrence.
INC101740,2026-03-06 11:02,2026-03-08 02:14,Batch Job Failure,Job Not Triggered,Inventory System,P3 - Medium,Resolved,L3 Engineering,N. Fathima,Customer,Configuration Error,24,27,39.2,True,0,False,3,Re-triggered job after correcting input file; added validation check.
INC100694,2026-03-06 11:27,2026-03-08 21:04,Hardware,Device Offline,Payment Gateway,P4 - Low,Closed,L1 Support,A. Rangan,Batch Job Monitor,User Error,72,101,57.62,False,0,True,4,Replaced/reset device; confirmed functioning with end user.
INC101103,2026-03-06 22:44,2026-03-07 09:14,Server/Infra,Server Down,Order Management System,P2 - High,Reopened,Network Team,V. Prasad,End User,Third-Party Outage,8,36,10.5,True,1,False,1,Freed disk space / restarted service; added monitoring alert to prevent recurrence.
INC100676,2026-03-07 21:22,2026-03-08 07:53,Performance,Report Load Timeout,Order Management System,P3 - Medium,Resolved,DBA Team,T. Divya,Monitoring Alert,Code Defect,24,62,10.53,False,0,False,4,Tuned query/index or scaled resources; response time back within threshold.
INC101049,2026-03-08 02:50,2026-03-08 15:48,Integration/API,Third-Party Timeout,Reporting Dashboard,P3 - Medium,Resolved,App Dev Team,N. Fathima,Customer,Unknown,24,57,12.97,False,0,True,3,Coordinated with third-party vendor / corrected payload mapping; retested integration.
INC100861,2026-03-08 03:38,2026-03-08 21:38,Performance,Page Load Delay,Reporting Dashboard,P3 - Medium,Resolved,L3 Engineering,T. Divya,Customer,Data Issue,24,60,18.01,False,0,False,4,Tuned query/index or scaled resources; response time back within threshold.
INC100489,2026-03-08 12:26,2026-03-11 07:14,Access/Authentication,Permission Denied,Payment Gateway,P4 - Low,Resolved,L1 Support,R. Iyer,End User,Third-Party Outage,72,290,66.81,False,0,False,4,Reset credentials / corrected access role; user confirmed successful login.
INC101973,2026-03-08 12:29,2026-03-11 04:59,Application Issue,UI Error,Customer Support Portal,P3 - Medium,Resolved,App Dev Team,S. Priya,Customer,User Error,24,65,64.5,True,0,False,3,Identified faulty code path; deployed hotfix / config change and validated with user.
INC101803,2026-03-08 14:20,2026-03-08 16:00,Server/Infra,Memory Leak,Payment Gateway,P2 - High,Resolved,Network Team,S. Priya,Batch Job Monitor,Third-Party Outage,8,42,1.68,False,0,False,4,Freed disk space / restarted service; added monitoring alert to prevent recurrence.
INC100618,2026-03-08 15:24,2026-03-09 02:28,Database,Data Corruption,Auth Service,P3 - Medium,Resolved,DBA Team,A. Rangan,Batch Job Monitor,Unknown,24,57,11.08,False,0,False,2,Optimized query / cleared lock and restarted affected session; verified data integrity.
INC100672,2026-03-08 15:59,2026-03-08 20:47,Access/Authentication,Password Reset,CRM Portal,P2 - High,Resolved,L1 Support,L. Chitra,Monitoring Alert,User Error,8,26,4.81,False,0,False,4,Reset credentials / corrected access role; user confirmed successful login.
INC100548,2026-03-08 16:05,2026-03-08 20:05,Integration/API,Webhook Not Firing,CRM Portal,P3 - Medium,Resolved,App Dev Team,B. Meena,Customer,Infra Failure,24,91,4.0,False,0,False,3,Coordinated with third-party vendor / corrected payload mapping; retested integration.
INC100677,2026-03-08 16:58,2026-03-08 17:40,Application Issue,Feature Not Working,HR Portal,P1 - Critical,Resolved,App Dev Team,V. Prasad,End User,User Error,4,11,0.7,False,0,False,4,Identified faulty code path; deployed hotfix / config change and validated with user.
INC101595,2026-03-08 19:34,2026-03-12 01:56,Network,Latency,CRM Portal,P3 - Medium,Resolved,Network Team,S. Priya,Support Team (Proactive),Data Issue,24,73,78.38,True,0,False,3,Restarted network service / re-routed traffic; confirmed connectivity restored.
INC101634,2026-03-08 21:32,2026-03-09 18:08,Access/Authentication,Password Reset,Billing Engine,P3 - Medium,Resolved,L1 Support,A. Rangan,Customer,Third-Party Outage,24,74,20.6,False,0,False,3,Reset credentials / corrected access role; user confirmed successful login.
INC100554,2026-03-08 22:51,2026-03-11 07:33,Database,Query Timeout,CRM Portal,P4 - Low,Reopened,DBA Team,T. Divya,Monitoring Alert,Capacity/Performance,72,111,56.7,False,1,True,4,Optimized query / cleared lock and restarted affected session; verified data integrity.
INC100193,2026-03-09 11:11,2026-03-10 09:04,Integration/API,API Failure,Inventory System,P2 - High,Closed,L3 Engineering,K. Suresh,Batch Job Monitor,Code Defect,8,33,21.89,True,0,False,3,Coordinated with third-party vendor / corrected payload mapping; retested integration.
INC100792,2026-03-09 11:39,2026-03-12 05:06,Access/Authentication,Permission Denied,Payment Gateway,P4 - Low,Resolved,L1 Support,P. Arjun,Batch Job Monitor,User Error,72,184,65.45,False,0,False,4,Reset credentials / corrected access role; user confirmed successful login.
INC102170,2026-03-09 11:56,2026-03-10 01:10,Hardware,Device Offline,Reporting Dashboard,P3 - Medium,Resolved,L1 Support,R. Iyer,Customer,Code Defect,24,59,13.24,False,0,False,4,Replaced/reset device; confirmed functioning with end user.
INC101713,2026-03-09 15:19,2026-03-11 06:06,Performance,Report Load Timeout,Customer Support Portal,P4 - Low,Closed,DBA Team,A. Rangan,End User,User Error,72,127,38.79,False,0,False,3,Tuned query/index or scaled resources; response time back within threshold.
INC101386,2026-03-10 14:40,2026-03-11 01:38,Access/Authentication,Password Reset,Auth Service,P3 - Medium,Resolved,L1 Support,N. Fathima,Monitoring Alert,User Error,24,43,10.98,False,0,False,4,Reset credentials / corrected access role; user confirmed successful login.
INC100821,2026-03-10 15:41,2026-03-11 14:16,Application Issue,Feature Not Working,Payment Gateway,P4 - Low,Closed,App Dev Team,M. Kumar,Batch Job Monitor,Unknown,72,316,22.59,False,0,False,5,Identified faulty code path; deployed hotfix / config change and validated with user.
INC100594,2026-03-11 03:01,2026-03-12 00:49,Server/Infra,Disk Space Full,CRM Portal,P4 - Low,Closed,L3 Engineering,T. Divya,Customer,Data Issue,72,180,21.81,False,0,False,4,Freed disk space / restarted service; added monitoring alert to prevent recurrence.
INC101398,2026-03-11 09:06,2026-03-14 01:57,Hardware,Device Offline,Payment Gateway,P4 - Low,Resolved,L1 Support,K. Suresh,Support Team (Proactive),Configuration Error,72,255,64.85,False,0,False,4,Replaced/reset device; confirmed functioning with end user.
INC101265,2026-03-11 10:22,2026-03-12 00:36,Application Issue,UI Error,Order Management System,P3 - Medium,Resolved,App Dev Team,R. Iyer,Batch Job Monitor,Code Defect,24,63,14.24,False,0,False,5,Identified faulty code path; deployed hotfix / config change and validated with user.
INC100531,2026-03-11 10:58,2026-03-11 20:25,Server/Infra,Disk Space Full,Inventory System,P3 - Medium,Reopened,Network Team,R. Iyer,Monitoring Alert,Code Defect,24,57,9.45,False,1,False,3,Freed disk space / restarted service; added monitoring alert to prevent recurrence.
INC100497,2026-03-11 15:25,2026-03-12 03:23,Batch Job Failure,Duplicate Run,Billing Engine,P3 - Medium,Resolved,App Dev Team,V. Prasad,End User,Configuration Error,24,36,11.98,False,0,False,5,Re-triggered job after correcting input file; added validation check.
INC100204,2026-03-11 18:38,2026-03-12 03:14,Access/Authentication,SSO Error,Inventory System,P3 - Medium,Resolved,L1 Support,T. Divya,Batch Job Monitor,Third-Party Outage,24,87,8.61,False,0,False,5,Reset credentials / corrected access role; user confirmed successful login.
INC101186,2026-03-11 19:20,2026-03-13 04:51,Hardware,Printer Issue,Inventory System,P4 - Low,Closed,L1 Support,P. Arjun,Batch Job Monitor,Data Issue,72,147,33.53,False,0,False,3,Replaced/reset device; confirmed functioning with end user.
INC102121,2026-03-11 22:13,2026-03-12 14:24,Network,DNS Issue,Customer Support Portal,P3 - Medium,Resolved,Network Team,M. Kumar,Batch Job Monitor,Infra Failure,24,54,16.19,False,0,False,3,Restarted network service / re-routed traffic; confirmed connectivity restored.
INC100190,2026-03-12 10:35,2026-03-12 17:21,Database,Connection Pool Exhausted,Billing Engine,P3 - Medium,Closed,L3 Engineering,L. Chitra,End User,Capacity/Performance,24,72,6.77,False,0,True,3,Optimized query / cleared lock and restarted affected session; verified data integrity.
INC101111,2026-03-12 12:37,2026-03-13 10:58,Batch Job Failure,Duplicate Run,Reporting Dashboard,P3 - Medium,Resolved,App Dev Team,A. Rangan,Customer,Code Defect,24,61,22.35,False,0,False,3,Re-triggered job after correcting input file; added validation check.
INC101789,2026-03-12 15:20,2026-03-13 07:39,Access/Authentication,Login Failure,Core Banking App,P3 - Medium,Resolved,L1 Support,P. Arjun,Support Team (Proactive),Infra Failure,24,54,16.33,False,0,False,4,Reset credentials / corrected access role; user confirmed successful login.
INC100753,2026-03-12 19:24,2026-03-13 14:39,Application Issue,UI Error,Payment Gateway,P3 - Medium,Resolved,L2 Support,S. Priya,Monitoring Alert,Third-Party Outage,24,26,19.25,False,0,False,2,Identified faulty code path; deployed hotfix / config change and validated with user.
INC100812,2026-03-12 19:27,2026-03-13 00:17,Batch Job Failure,Duplicate Run,Billing Engine,P2 - High,Closed,App Dev Team,P. Arjun,Batch Job Monitor,Third-Party Outage,8,26,4.84,False,0,False,2,Re-triggered job after correcting input file; added validation check.
INC101289,2026-03-12 21:28,2026-03-13 03:40,Batch Job Failure,Duplicate Run,Auth Service,P2 - High,Resolved,L3 Engineering,M. Kumar,Customer,Data Issue,8,6,6.21,False,0,False,4,Re-triggered job after correcting input file; added validation check.
INC102035,2026-03-12 21:33,2026-03-13 16:33,Security,Unauthorized Access Attempt,HR Portal,P3 - Medium,Resolved,Network Team,K. Suresh,End User,User Error,24,65,19.01,False,0,False,4,"Investigated alert, confirmed false positive / revoked access; updated certificate."
INC100525,2026-03-13 03:11,2026-03-13 10:03,Hardware,Peripheral Not Detected,Inventory System,P3 - Medium,Reopened,L1 Support,J. Antony,Batch Job Monitor,User Error,24,28,6.88,False,1,False,2,Replaced/reset device; confirmed functioning with end user.
INC101404,2026-03-13 03:50,2026-03-13 06:25,Server/Infra,CPU Spike,Billing Engine,P2 - High,Resolved,Network Team,T. Divya,Customer,User Error,8,33,2.59,False,0,False,4,Freed disk space / restarted service; added monitoring alert to prevent recurrence.
INC102065,2026-03-13 09:28,2026-03-14 04:38,Hardware,Device Offline,Reporting Dashboard,P3 - Medium,Resolved,L1 Support,N. Fathima,Batch Job Monitor,Configuration Error,24,69,19.17,False,0,False,4,Replaced/reset device; confirmed functioning with end user.
INC101251,2026-03-13 11:30,2026-03-14 23:08,Database,Deadlock,Order Management System,P4 - Low,Resolved,L3 Engineering,N. Fathima,Customer,Infra Failure,72,156,35.64,False,0,True,4,Optimized query / cleared lock and restarted affected session; verified data integrity.
INC100663,2026-03-13 11:52,2026-03-13 18:23,Access/Authentication,Login Failure,Customer Support Portal,P2 - High,Closed,L2 Support,A. Rangan,End User,Infra Failure,8,35,6.52,False,0,False,5,Reset credentials / corrected access role; user confirmed successful login.
INC100439,2026-03-13 12:06,2026-03-23 05:38,Batch Job Failure,Job Failed - Data Error,Reporting Dashboard,P4 - Low,Resolved,L3 Engineering,S. Priya,Monitoring Alert,Capacity/Performance,72,194,233.54,True,0,False,3,Re-triggered job after correcting input file; added validation check.
INC101428,2026-03-13 15:55,2026-03-13 19:39,Network,DNS Issue,Customer Support Portal,P1 - Critical,Resolved,L2 Support,S. Priya,End User,Code Defect,4,10,3.74,False,0,True,4,Restarted network service / re-routed traffic; confirmed connectivity restored.
INC101366,2026-03-13 16:19,2026-03-14 07:08,Hardware,Printer Issue,Inventory System,P3 - Medium,Resolved,L1 Support,B. Meena,Batch Job Monitor,Code Defect,24,72,14.82,False,0,False,4,Replaced/reset device; confirmed functioning with end user.
INC102144,2026-03-13 19:40,2026-03-14 12:42,Performance,Report Load Timeout,HR Portal,P3 - Medium,Resolved,L3 Engineering,M. Kumar,End User,Unknown,24,43,17.04,False,0,False,4,Tuned query/index or scaled resources; response time back within threshold.
INC100866,2026-03-13 20:28,2026-03-13 21:56,Access/Authentication,Password Reset,Order Management System,P2 - High,Resolved,L1 Support,B. Meena,Customer,User Error,8,22,1.47,False,0,False,5,Reset credentials / corrected access role; user confirmed successful login.
INC102110,2026-03-13 21:54,2026-03-16 15:09,Network,Latency,CRM Portal,P4 - Low,Resolved,L2 Support,N. Fathima,Monitoring Alert,Unknown,72,168,65.26,False,0,False,5,Restarted network service / re-routed traffic; confirmed connectivity restored.
INC101211,2026-03-14 00:32,2026-03-16 12:29,Hardware,Peripheral Not Detected,HR Portal,P3 - Medium,Resolved,L1 Support,J. Antony,Monitoring Alert,Unknown,24,73,59.96,True,0,False,3,Replaced/reset device; confirmed functioning with end user.
INC101721,2026-03-14 07:29,2026-03-14 16:02,Security,Vulnerability Alert,Billing Engine,P3 - Medium,Resolved,L3 Engineering,M. Kumar,Monitoring Alert,Third-Party Outage,24,73,8.56,False,0,False,4,"Investigated alert, confirmed false positive / revoked access; updated certificate."
INC101039,2026-03-15 11:17,2026-03-16 04:34,Network,Latency,Order Management System,P4 - Low,Resolved,L2 Support,M. Kumar,Support Team (Proactive),Data Issue,72,189,17.29,False,0,True,4,Restarted network service / re-routed traffic; confirmed connectivity restored.
INC100057,2026-03-15 18:18,2026-03-18 09:06,Access/Authentication,Login Failure,Auth Service,P4 - Low,Closed,L2 Support,A. Rangan,Support Team (Proactive),Code Defect,72,280,62.81,False,0,False,3,Reset credentials / corrected access role; user confirmed successful login.
INC100328,2026-03-16 12:52,2026-03-17 04:09,Security,Unauthorized Access Attempt,Auth Service,P4 - Low,Reopened,L3 Engineering,J. Antony,Monitoring Alert,Infra Failure,72,94,15.29,False,1,False,3,"Investigated alert, confirmed false positive / revoked access; updated certificate."
INC101323,2026-03-16 13:02,2026-03-17 08:40,Security,Suspicious Login,Reporting Dashboard,P3 - Medium,Resolved,Network Team,T. Divya,Batch Job Monitor,Configuration Error,24,54,19.64,False,0,False,5,"Investigated alert, confirmed false positive / revoked access; updated certificate."
INC100635,2026-03-16 15:24,2026-03-16 22:36,Integration/API,API Failure,Auth Service,P2 - High,Closed,App Dev Team,P. Arjun,Customer,Code Defect,8,23,7.2,False,0,False,5,Coordinated with third-party vendor / corrected payload mapping; retested integration.
INC101948,2026-03-16 19:43,2026-03-16 23:47,Server/Infra,Disk Space Full,Auth Service,P3 - Medium,Resolved,L3 Engineering,J. Antony,Support Team (Proactive),Third-Party Outage,24,45,4.07,False,0,False,4,Freed disk space / restarted service; added monitoring alert to prevent recurrence.
INC100673,2026-03-16 21:54,2026-03-19 06:58,Security,Vulnerability Alert,Billing Engine,P4 - Low,Resolved,L3 Engineering,K. Suresh,Monitoring Alert,Code Defect,72,225,57.07,False,0,False,3,"Investigated alert, confirmed false positive / revoked access; updated certificate."
INC100087,2026-03-17 11:14,2026-03-19 17:44,Application Issue,Feature Not Working,Reporting Dashboard,P4 - Low,Resolved,L2 Support,M. Kumar,End User,User Error,72,250,54.51,False,0,False,4,Identified faulty code path; deployed hotfix / config change and validated with user.
INC100093,2026-03-17 11:31,2026-03-18 15:14,Integration/API,Third-Party Timeout,Customer Support Portal,P4 - Low,Resolved,L3 Engineering,S. Priya,Customer,Configuration Error,72,2,27.72,False,0,False,4,Coordinated with third-party vendor / corrected payload mapping; retested integration.
INC101498,2026-03-17 15:08,2026-03-18 07:59,Access/Authentication,Permission Denied,Inventory System,P3 - Medium,Closed,L2 Support,A. Rangan,Batch Job Monitor,Unknown,24,65,16.86,False,0,False,5,Reset credentials / corrected access role; user confirmed successful login.
INC101413,2026-03-17 18:13,2026-03-19 18:01,Database,Deadlock,HR Portal,P4 - Low,Closed,L3 Engineering,K. Suresh,Support Team (Proactive),User Error,72,196,47.8,False,0,False,5,Optimized query / cleared lock and restarted affected session; verified data integrity.
INC100552,2026-03-17 19:18,2026-03-21 04:51,Server/Infra,Memory Leak,Payment Gateway,P3 - Medium,Resolved,Network Team,M. Kumar,End User,Data Issue,24,56,81.56,True,0,True,3,Freed disk space / restarted service; added monitoring alert to prevent recurrence.
INC100235,2026-03-17 20:18,2026-03-18 18:06,Application Issue,Feature Not Working,Customer Support Portal,P3 - Medium,Resolved,App Dev Team,N. Fathima,End User,User Error,24,72,21.81,False,0,False,5,Identified faulty code path; deployed hotfix / config change and validated with user.
INC100759,2026-03-17 20:52,2026-03-18 16:28,Access/Authentication,Login Failure,Order Management System,P3 - Medium,Reopened,L2 Support,A. Rangan,Monitoring Alert,Infra Failure,24,50,19.6,False,1,False,2,Reset credentials / corrected access role; user confirmed successful login.
INC100742,2026-03-17 21:12,2026-03-18 15:39,Network,VPN Failure,Core Banking App,P2 - High,Closed,Network Team,M. Kumar,Customer,Third-Party Outage,8,19,18.45,True,0,False,2,Restarted network service / re-routed traffic; confirmed connectivity restored.
INC100648,2026-03-18 11:08,2026-03-18 15:36,Performance,Report Load Timeout,Payment Gateway,P3 - Medium,Closed,DBA Team,T. Divya,Support Team (Proactive),Configuration Error,24,26,4.47,False,0,False,4,Tuned query/index or scaled resources; response time back within threshold.
INC100831,2026-03-18 13:27,2026-03-19 02:08,Security,Unauthorized Access Attempt,Billing Engine,P3 - Medium,Closed,Network Team,P. Arjun,Customer,Code Defect,24,37,12.69,False,0,False,5,"Investigated alert, confirmed false positive / revoked access; updated certificate."
INC100444,2026-03-18 15:21,2026-03-20 11:06,Hardware,Printer Issue,Inventory System,P4 - Low,Closed,L1 Support,P. Arjun,End User,Infra Failure,72,73,43.75,False,0,False,5,Replaced/reset device; confirmed functioning with end user.
INC101462,2026-03-18 17:13,2026-03-19 10:05,Server/Infra,CPU Spike,Inventory System,P3 - Medium,Resolved,Network Team,A. Rangan,Support Team (Proactive),Infra Failure,24,18,16.87,False,0,False,4,Freed disk space / restarted service; added monitoring alert to prevent recurrence.
INC100896,2026-03-18 17:18,2026-03-19 13:20,Batch Job Failure,Job Failed - Data Error,Billing Engine,P3 - Medium,Resolved,L3 Engineering,B. Meena,Batch Job Monitor,User Error,24,42,20.04,False,0,False,4,Re-triggered job after correcting input file; added validation check.
INC101063,2026-03-18 19:01,2026-03-21 10:46,Network,DNS Issue,Inventory System,P4 - Low,Resolved,L2 Support,A. Rangan,Monitoring Alert,Infra Failure,72,130,63.76,False,0,False,5,Restarted network service / re-routed traffic; confirmed connectivity restored.
INC100761,2026-03-18 20:50,2026-03-19 16:19,Batch Job Failure,Job Not Triggered,Reporting Dashboard,P3 - Medium,Resolved,App Dev Team,T. Divya,Support Team (Proactive),Third-Party Outage,24,92,19.49,False,0,False,5,Re-triggered job after correcting input file; added validation check.
INC101715,2026-03-19 00:03,2026-03-19 14:26,Database,Query Timeout,Core Banking App,P3 - Medium,Closed,DBA Team,T. Divya,Customer,Configuration Error,24,19,14.39,False,0,False,5,Optimized query / cleared lock and restarted affected session; verified data integrity.
INC102069,2026-03-19 05:04,2026-03-19 07:55,Network,Latency,Customer Support Portal,P1 - Critical,Resolved,L2 Support,N. Fathima,Support Team (Proactive),Third-Party Outage,4,12,2.86,False,0,False,5,Restarted network service / re-routed traffic; confirmed connectivity restored.
INC100945,2026-03-19 09:07,2026-03-19 10:49,Performance,Report Load Timeout,Order Management System,P2 - High,Resolved,DBA Team,A. Rangan,End User,Configuration Error,8,22,1.71,False,0,False,3,Tuned query/index or scaled resources; response time back within threshold.
INC101828,2026-03-19 12:34,2026-03-21 20:20,Batch Job Failure,Job Timeout,Reporting Dashboard,P4 - Low,Resolved,L3 Engineering,A. Rangan,Support Team (Proactive),Data Issue,72,78,55.78,False,0,False,3,Re-triggered job after correcting input file; added validation check.
INC101724,2026-03-19 14:10,2026-03-20 05:43,Database,Data Corruption,Auth Service,P2 - High,Resolved,L3 Engineering,L. Chitra,End User,Data Issue,8,23,15.56,True,0,True,3,Optimized query / cleared lock and restarted affected session; verified data integrity.
INC100878,2026-03-19 16:29,2026-03-22 16:30,Performance,API Latency,Reporting Dashboard,P3 - Medium,Reopened,DBA Team,P. Arjun,Batch Job Monitor,Infra Failure,24,41,72.03,True,1,False,3,Tuned query/index or scaled resources; response time back within threshold.
INC102184,2026-03-20 18:19,2026-03-21 01:37,Integration/API,Webhook Not Firing,Order Management System,P3 - Medium,Reopened,App Dev Team,V. Prasad,Batch Job Monitor,User Error,24,68,7.3,False,1,True,3,Coordinated with third-party vendor / corrected payload mapping; retested integration.
INC100482,2026-03-21 09:15,2026-03-22 19:44,Network,DNS Issue,Customer Support Portal,P4 - Low,Closed,L2 Support,P. Arjun,End User,Data Issue,72,334,34.49,False,0,False,3,Restarted network service / re-routed traffic; confirmed connectivity restored.
INC100982,2026-03-21 09:36,2026-03-23 07:10,Batch Job Failure,Job Not Triggered,Billing Engine,P4 - Low,Closed,L3 Engineering,B. Meena,End User,Infra Failure,72,216,45.57,False,0,True,4,Re-triggered job after correcting input file; added validation check.
INC101163,2026-03-21 10:10,2026-03-22 11:13,Database,Query Timeout,CRM Portal,P2 - High,Resolved,L3 Engineering,A. Rangan,Customer,Capacity/Performance,8,21,25.05,True,0,False,3,Optimized query / cleared lock and restarted affected session; verified data integrity.
INC100614,2026-03-21 19:00,2026-03-24 05:08,Integration/API,Payload Mismatch,Payment Gateway,P4 - Low,Resolved,App Dev Team,R. Iyer,End User,Third-Party Outage,72,87,58.14,False,0,False,5,Coordinated with third-party vendor / corrected payload mapping; retested integration.
INC100294,2026-03-21 19:36,2026-03-22 15:42,Hardware,Printer Issue,HR Portal,P2 - High,Resolved,L1 Support,M. Kumar,Monitoring Alert,Third-Party Outage,8,27,20.11,True,0,True,2,Replaced/reset device; confirmed functioning with end user.
INC100602,2026-03-21 20:52,2026-03-21 22:40,Access/Authentication,Permission Denied,Order Management System,P2 - High,Resolved,L2 Support,P. Arjun,Batch Job Monitor,User Error,8,21,1.8,False,0,False,5,Reset credentials / corrected access role; user confirmed successful login.
INC100488,2026-03-22 03:14,2026-03-22 15:38,Server/Infra,Disk Space Full,CRM Portal,P3 - Medium,Resolved,L3 Engineering,V. Prasad,Batch Job Monitor,Code Defect,24,67,12.41,False,0,False,5,Freed disk space / restarted service; added monitoring alert to prevent recurrence.
INC100198,2026-03-22 10:44,2026-03-23 06:30,Server/Infra,Disk Space Full,HR Portal,P3 - Medium,Closed,Network Team,A. Rangan,Batch Job Monitor,User Error,24,48,19.78,False,0,False,5,Freed disk space / restarted service; added monitoring alert to prevent recurrence.
INC100898,2026-03-22 12:17,2026-03-22 18:39,Database,Query Timeout,Payment Gateway,P3 - Medium,Closed,DBA Team,V. Prasad,End User,Third-Party Outage,24,56,6.37,False,0,False,5,Optimized query / cleared lock and restarted affected session; verified data integrity.
INC101704,2026-03-22 13:01,2026-03-22 23:53,Application Issue,Feature Not Working,Customer Support Portal,P3 - Medium,Resolved,App Dev Team,N. Fathima,Support Team (Proactive),User Error,24,64,10.87,False,0,False,4,Identified faulty code path; deployed hotfix / config change and validated with user.
INC101733,2026-03-22 15:53,2026-03-23 17:14,Performance,Page Load Delay,Inventory System,P4 - Low,Reopened,DBA Team,A. Rangan,Monitoring Alert,Data Issue,72,214,25.36,False,1,False,2,Tuned query/index or scaled resources; response time back within threshold.
INC100387,2026-03-22 18:06,2026-03-23 03:03,Network,VPN Failure,Order Management System,P3 - Medium,Resolved,L2 Support,K. Suresh,Support Team (Proactive),Capacity/Performance,24,92,8.95,False,0,False,4,Restarted network service / re-routed traffic; confirmed connectivity restored.
INC101461,2026-03-22 19:14,2026-03-23 01:02,Network,Firewall Block,Payment Gateway,P2 - High,Resolved,Network Team,M. Kumar,Monitoring Alert,Code Defect,8,33,5.81,False,0,False,4,Restarted network service / re-routed traffic; confirmed connectivity restored.
INC101775,2026-03-22 21:50,2026-03-23 10:13,Security,Unauthorized Access Attempt,Payment Gateway,P3 - Medium,Resolved,L3 Engineering,A. Rangan,Support Team (Proactive),Third-Party Outage,24,37,12.39,False,0,False,2,"Investigated alert, confirmed false positive / revoked access; updated certificate."
INC101767,2026-03-23 09:50,2026-03-23 17:06,Server/Infra,Disk Space Full,Auth Service,P3 - Medium,Resolved,Network Team,R. Iyer,Customer,Third-Party Outage,24,51,7.27,False,0,False,3,Freed disk space / restarted service; added monitoring alert to prevent recurrence.
INC101179,2026-03-23 10:19,2026-03-25 06:14,Server/Infra,CPU Spike,CRM Portal,P4 - Low,Closed,Network Team,V. Prasad,Customer,User Error,72,244,43.93,False,0,True,5,Freed disk space / restarted service; added monitoring alert to prevent recurrence.
INC100201,2026-03-23 10:43,2026-03-24 06:16,Application Issue,Application Crash,Billing Engine,P3 - Medium,Resolved,App Dev Team,M. Kumar,Customer,Third-Party Outage,24,34,19.55,False,0,True,2,Identified faulty code path; deployed hotfix / config change and validated with user.
INC101845,2026-03-23 12:03,2026-04-02 09:13,Server/Infra,CPU Spike,Auth Service,P4 - Low,Closed,Network Team,T. Divya,Monitoring Alert,Third-Party Outage,72,228,237.18,True,0,False,5,Freed disk space / restarted service; added monitoring alert to prevent recurrence.
INC100096,2026-03-23 13:15,2026-03-24 06:22,Database,Query Timeout,Inventory System,P3 - Medium,Resolved,L3 Engineering,J. Antony,End User,User Error,24,37,17.12,False,0,False,4,Optimized query / cleared lock and restarted affected session; verified data integrity.
INC100099,2026-03-23 23:30,2026-03-26 12:52,Hardware,Device Offline,Billing Engine,P4 - Low,Closed,L1 Support,M. Kumar,Batch Job Monitor,Configuration Error,72,76,61.37,False,0,False,4,Replaced/reset device; confirmed functioning with end user.
INC101270,2026-03-24 10:57,2026-04-01 03:34,Network,VPN Failure,Auth Service,P4 - Low,Resolved,Network Team,N. Fathima,Monitoring Alert,Code Defect,72,234,184.62,True,0,False,4,Restarted network service / re-routed traffic; confirmed connectivity restored.
INC101813,2026-03-24 13:59,2026-03-24 15:54,Database,Data Corruption,Order Management System,P2 - High,Closed,DBA Team,B. Meena,End User,Unknown,8,22,1.92,False,0,True,5,Optimized query / cleared lock and restarted affected session; verified data integrity.
INC100340,2026-03-24 16:47,2026-03-28 00:45,Hardware,Workstation Failure,Auth Service,P3 - Medium,Resolved,L1 Support,R. Iyer,Monitoring Alert,Capacity/Performance,24,97,79.98,True,0,False,3,Replaced/reset device; confirmed functioning with end user.
INC101684,2026-03-24 17:48,2026-03-25 00:42,Security,Vulnerability Alert,HR Portal,P2 - High,Resolved,L3 Engineering,R. Iyer,Support Team (Proactive),Data Issue,8,35,6.91,False,0,False,4,"Investigated alert, confirmed false positive / revoked access; updated certificate."
INC101848,2026-03-24 21:33,2026-03-25 02:27,Server/Infra,Memory Leak,Order Management System,P2 - High,Resolved,Network Team,P. Arjun,Monitoring Alert,Infra Failure,8,35,4.91,False,0,False,3,Freed disk space / restarted service; added monitoring alert to prevent recurrence.
INC100406,2026-03-25 13:20,2026-03-25 20:07,Security,Suspicious Login,Order Management System,P2 - High,Resolved,Network Team,B. Meena,Customer,Third-Party Outage,8,25,6.79,False,0,False,3,"Investigated alert, confirmed false positive / revoked access; updated certificate."
INC101268,2026-03-25 16:29,2026-03-25 21:18,Access/Authentication,SSO Error,Payment Gateway,P2 - High,Closed,L1 Support,V. Prasad,Monitoring Alert,User Error,8,43,4.82,False,0,False,4,Reset credentials / corrected access role; user confirmed successful login.
INC100749,2026-03-25 20:37,2026-03-26 04:40,Network,Latency,HR Portal,P3 - Medium,Resolved,L2 Support,A. Rangan,End User,User Error,24,19,8.06,False,0,False,5,Restarted network service / re-routed traffic; confirmed connectivity restored.
INC102042,2026-03-25 20:41,2026-03-25 23:03,Security,Vulnerability Alert,Payment Gateway,P2 - High,Resolved,L3 Engineering,B. Meena,Support Team (Proactive),User Error,8,17,2.37,False,0,False,3,"Investigated alert, confirmed false positive / revoked access; updated certificate."
INC100788,2026-03-25 21:12,2026-03-26 15:54,Network,Firewall Block,Order Management System,P3 - Medium,Resolved,Network Team,N. Fathima,Batch Job Monitor,Code Defect,24,37,18.71,False,0,False,1,Restarted network service / re-routed traffic; confirmed connectivity restored.
INC101419,2026-03-26 01:47,2026-03-26 03:21,Database,Query Timeout,CRM Portal,P2 - High,Resolved,DBA Team,K. Suresh,Batch Job Monitor,Third-Party Outage,8,22,1.58,False,0,True,3,Optimized query / cleared lock and restarted affected session; verified data integrity.
INC101002,2026-03-26 10:19,2026-03-27 04:16,Batch Job Failure,Job Timeout,Payment Gateway,P4 - Low,Resolved,App Dev Team,N. Fathima,Support Team (Proactive),Unknown,72,135,17.96,False,0,False,1,Re-triggered job after correcting input file; added validation check.
INC100212,2026-03-26 12:46,2026-03-27 04:39,Network,Latency,Billing Engine,P3 - Medium,Closed,Network Team,S. Priya,Batch Job Monitor,Code Defect,24,74,15.89,False,0,False,4,Restarted network service / re-routed traffic; confirmed connectivity restored.
INC100853,2026-03-26 14:22,2026-03-26 19:41,Performance,API Latency,HR Portal,P2 - High,Resolved,L3 Engineering,V. Prasad,Support Team (Proactive),Unknown,8,39,5.33,False,0,True,5,Tuned query/index or scaled resources; response time back within threshold.
INC101467,2026-03-26 14:24,2026-03-26 16:15,Access/Authentication,Permission Denied,Inventory System,P2 - High,Closed,L2 Support,A. Rangan,End User,Code Defect,8,31,1.86,False,0,False,4,Reset credentials / corrected access role; user confirmed successful login.
INC101155,2026-03-26 16:06,2026-03-27 00:01,Server/Infra,Memory Leak,Payment Gateway,P3 - Medium,Resolved,L3 Engineering,S. Priya,Monitoring Alert,Infra Failure,24,38,7.93,False,0,False,3,Freed disk space / restarted service; added monitoring alert to prevent recurrence.
INC100270,2026-03-27 02:05,2026-03-27 06:08,Network,DNS Issue,Reporting Dashboard,P2 - High,Closed,L2 Support,L. Chitra,Batch Job Monitor,Capacity/Performance,8,30,4.05,False,0,False,4,Restarted network service / re-routed traffic; confirmed connectivity restored.
INC101840,2026-03-27 09:09,2026-03-29 06:55,Hardware,Device Offline,Order Management System,P3 - Medium,Closed,L1 Support,B. Meena,Batch Job Monitor,Unknown,24,55,45.77,True,0,True,3,Replaced/reset device; confirmed functioning with end user.
INC101388,2026-03-27 10:41,2026-03-27 12:15,Access/Authentication,Login Failure,HR Portal,P2 - High,Resolved,L2 Support,P. Arjun,Customer,Capacity/Performance,8,29,1.57,False,0,False,5,Reset credentials / corrected access role; user confirmed successful login.
INC101655,2026-03-27 16:20,2026-03-27 20:59,Application Issue,UI Error,Auth Service,P3 - Medium,Resolved,App Dev Team,R. Iyer,Batch Job Monitor,Infra Failure,24,67,4.66,False,0,False,5,Identified faulty code path; deployed hotfix / config change and validated with user.
INC101535,2026-03-28 03:26,2026-03-29 00:00,Server/Infra,Disk Space Full,Inventory System,P2 - High,Resolved,Network Team,T. Divya,Customer,Infra Failure,8,24,20.58,True,0,False,2,Freed disk space / restarted service; added monitoring alert to prevent recurrence.
INC100943,2026-03-28 12:00,2026-03-29 13:18,Hardware,Device Offline,Payment Gateway,P4 - Low,Resolved,L1 Support,K. Suresh,Support Team (Proactive),Third-Party Outage,72,2,25.31,False,0,False,4,Replaced/reset device; confirmed functioning with end user.
INC101332,2026-03-28 14:44,2026-04-04 21:39,Security,Unauthorized Access Attempt,Reporting Dashboard,P4 - Low,Resolved,Network Team,A. Rangan,Monitoring Alert,Capacity/Performance,72,86,174.93,True,0,False,2,"Investigated alert, confirmed false positive / revoked access; updated certificate."
INC100177,2026-03-28 14:49,2026-03-31 17:45,Server/Infra,Memory Leak,HR Portal,P3 - Medium,Resolved,L3 Engineering,S. Priya,Monitoring Alert,User Error,24,77,74.94,True,0,False,1,Freed disk space / restarted service; added monitoring alert to prevent recurrence.
INC100826,2026-03-28 15:05,2026-03-31 03:31,Security,Vulnerability Alert,Reporting Dashboard,P4 - Low,Resolved,L3 Engineering,P. Arjun,Customer,Unknown,72,328,60.44,False,0,False,2,"Investigated alert, confirmed false positive / revoked access; updated certificate."
INC101582,2026-03-28 17:19,2026-03-29 02:44,Batch Job Failure,Job Not Triggered,Auth Service,P3 - Medium,Closed,App Dev Team,L. Chitra,Batch Job Monitor,Third-Party Outage,24,41,9.43,False,0,False,5,Re-triggered job after correcting input file; added validation check.
INC102190,2026-03-29 02:46,2026-03-29 17:46,Server/Infra,Memory Leak,Reporting Dashboard,P3 - Medium,Closed,L3 Engineering,L. Chitra,End User,Configuration Error,24,103,15.01,False,0,False,5,Freed disk space / restarted service; added monitoring alert to prevent recurrence.
INC101043,2026-03-29 18:20,2026-03-29 21:59,Database,Query Timeout,Core Banking App,P1 - Critical,Resolved,L3 Engineering,V. Prasad,Monitoring Alert,Code Defect,4,5,3.65,False,0,True,4,Optimized query / cleared lock and restarted affected session; verified data integrity.
INC101502,2026-03-29 18:35,2026-04-01 15:21,Server/Infra,Server Down,Auth Service,P3 - Medium,Resolved,Network Team,J. Antony,End User,Third-Party Outage,24,80,68.77,True,0,False,4,Freed disk space / restarted service; added monitoring alert to prevent recurrence.
INC101558,2026-03-29 18:50,2026-03-30 06:46,Server/Infra,Memory Leak,Core Banking App,P3 - Medium,Resolved,L3 Engineering,L. Chitra,Batch Job Monitor,Infra Failure,24,67,11.94,False,0,False,5,Freed disk space / restarted service; added monitoring alert to prevent recurrence.
INC101698,2026-03-29 19:49,2026-03-30 19:19,Server/Infra,Server Down,Core Banking App,P2 - High,Resolved,L3 Engineering,R. Iyer,End User,User Error,8,5,23.5,True,0,False,1,Freed disk space / restarted service; added monitoring alert to prevent recurrence.
INC101907,2026-03-29 20:25,2026-03-30 02:40,Batch Job Failure,Duplicate Run,Auth Service,P2 - High,Resolved,L3 Engineering,V. Prasad,Support Team (Proactive),Unknown,8,15,6.25,False,0,False,3,Re-triggered job after correcting input file; added validation check.
INC100649,2026-03-29 20:53,2026-03-31 22:30,Performance,API Latency,CRM Portal,P4 - Low,Resolved,L3 Engineering,L. Chitra,Support Team (Proactive),Configuration Error,72,185,49.62,False,0,False,4,Tuned query/index or scaled resources; response time back within threshold.
INC100659,2026-03-29 21:20,2026-03-30 16:39,Access/Authentication,SSO Error,Inventory System,P3 - Medium,Resolved,L2 Support,V. Prasad,Batch Job Monitor,Code Defect,24,55,19.32,False,0,False,4,Reset credentials / corrected access role; user confirmed successful login.
INC101005,2026-03-30 03:09,2026-03-30 15:08,Server/Infra,Memory Leak,Core Banking App,P3 - Medium,Resolved,Network Team,N. Fathima,Support Team (Proactive),User Error,24,60,11.99,False,0,False,5,Freed disk space / restarted service; added monitoring alert to prevent recurrence.
INC101678,2026-03-30 10:42,2026-03-30 21:32,Hardware,Peripheral Not Detected,Auth Service,P4 - Low,Resolved,L1 Support,T. Divya,Monitoring Alert,Code Defect,72,153,10.84,False,0,True,3,Replaced/reset device; confirmed functioning with end user.
INC101144,2026-03-30 11:37,2026-04-01 15:53,Batch Job Failure,Job Not Triggered,Billing Engine,P4 - Low,Resolved,L3 Engineering,K. Suresh,Customer,Data Issue,72,102,52.28,False,0,False,4,Re-triggered job after correcting input file; added validation check.
INC100748,2026-03-30 16:52,2026-03-31 03:11,Network,Latency,CRM Portal,P3 - Medium,Resolved,L2 Support,V. Prasad,Support Team (Proactive),Data Issue,24,77,10.33,False,0,False,5,Restarted network service / re-routed traffic; confirmed connectivity restored.
INC100164,2026-03-30 16:55,2026-03-31 21:50,Server/Infra,Disk Space Full,CRM Portal,P4 - Low,Resolved,L3 Engineering,B. Meena,Customer,Third-Party Outage,72,218,28.92,False,0,True,4,Freed disk space / restarted service; added monitoring alert to prevent recurrence.
INC100251,2026-03-30 21:37,2026-03-31 10:56,Network,DNS Issue,Reporting Dashboard,P2 - High,Closed,L2 Support,B. Meena,Support Team (Proactive),Configuration Error,8,26,13.32,True,0,False,3,Restarted network service / re-routed traffic; confirmed connectivity restored.
INC101134,2026-03-31 08:42,2026-03-31 20:15,Hardware,Device Offline,Payment Gateway,P3 - Medium,Resolved,L1 Support,P. Arjun,Customer,Third-Party Outage,24,64,11.55,False,0,False,5,Replaced/reset device; confirmed functioning with end user.
INC101952,2026-03-31 09:16,2026-04-02 06:16,Integration/API,Webhook Not Firing,CRM Portal,P4 - Low,Resolved,L3 Engineering,B. Meena,Customer,Capacity/Performance,72,177,45.01,False,0,False,4,Coordinated with third-party vendor / corrected payload mapping; retested integration.
INC101302,2026-03-31 09:28,2026-03-31 15:38,Application Issue,Application Crash,Customer Support Portal,P1 - Critical,Resolved,L2 Support,J. Antony,End User,Unknown,4,14,6.18,True,0,False,5,Identified faulty code path; deployed hotfix / config change and validated with user.
INC100405,2026-03-31 10:45,2026-04-08 11:24,Performance,Slow Response Time,HR Portal,P4 - Low,Resolved,L3 Engineering,T. Divya,Customer,Third-Party Outage,72,163,192.65,True,0,True,4,Tuned query/index or scaled resources; response time back within threshold.
INC101827,2026-03-31 11:09,2026-04-02 15:48,Integration/API,Webhook Not Firing,Customer Support Portal,P4 - Low,Closed,L3 Engineering,B. Meena,Customer,User Error,72,137,52.66,False,0,False,5,Coordinated with third-party vendor / corrected payload mapping; retested integration.
INC100995,2026-03-31 11:55,2026-04-01 19:57,Access/Authentication,Login Failure,HR Portal,P3 - Medium,Resolved,L1 Support,P. Arjun,End User,Data Issue,24,45,32.04,True,0,False,2,Reset credentials / corrected access role; user confirmed successful login.
INC101951,2026-03-31 15:25,2026-04-02 21:00,Server/Infra,Server Down,CRM Portal,P4 - Low,Resolved,L3 Engineering,J. Antony,Monitoring Alert,User Error,72,148,53.59,False,0,False,4,Freed disk space / restarted service; added monitoring alert to prevent recurrence.
INC100596,2026-03-31 19:07,2026-04-03 18:12,Hardware,Workstation Failure,Inventory System,P3 - Medium,Resolved,L1 Support,T. Divya,Customer,Data Issue,24,74,71.09,True,0,False,2,Replaced/reset device; confirmed functioning with end user.
INC101322,2026-03-31 21:48,2026-04-01 18:11,Security,Suspicious Login,Core Banking App,P4 - Low,Resolved,L3 Engineering,S. Priya,Customer,Data Issue,72,87,20.39,False,0,False,4,"Investigated alert, confirmed false positive / revoked access; updated certificate."
INC102081,2026-04-01 05:38,2026-04-02 16:20,Hardware,Device Offline,Order Management System,P4 - Low,Reopened,L1 Support,P. Arjun,Batch Job Monitor,Code Defect,72,299,34.7,False,1,True,2,Replaced/reset device; confirmed functioning with end user.
INC101238,2026-04-01 09:35,2026-04-03 00:38,Hardware,Printer Issue,Inventory System,P4 - Low,Resolved,L1 Support,M. Kumar,Monitoring Alert,Capacity/Performance,72,179,39.05,False,0,False,3,Replaced/reset device; confirmed functioning with end user.
INC102186,2026-04-01 10:37,2026-04-02 23:41,Batch Job Failure,Job Timeout,Order Management System,P4 - Low,Resolved,App Dev Team,T. Divya,Customer,Unknown,72,144,37.07,False,0,False,5,Re-triggered job after correcting input file; added validation check.
INC100030,2026-04-01 15:24,2026-04-03 00:39,Security,Suspicious Login,Billing Engine,P4 - Low,Closed,L3 Engineering,N. Fathima,End User,Third-Party Outage,72,219,33.26,False,0,False,5,"Investigated alert, confirmed false positive / revoked access; updated certificate."
INC101810,2026-04-01 16:15,2026-04-01 21:58,Access/Authentication,Password Reset,Payment Gateway,P2 - High,Resolved,L1 Support,A. Rangan,Monitoring Alert,Configuration Error,8,27,5.73,False,0,True,5,Reset credentials / corrected access role; user confirmed successful login.
INC100287,2026-04-01 22:03,2026-04-02 05:21,Security,Vulnerability Alert,Payment Gateway,P3 - Medium,Resolved,L3 Engineering,S. Priya,Monitoring Alert,Configuration Error,24,73,7.31,False,0,False,4,"Investigated alert, confirmed false positive / revoked access; updated certificate."
INC101501,2026-04-02 06:27,2026-04-03 03:21,Performance,API Latency,Order Management System,P3 - Medium,Resolved,L3 Engineering,A. Rangan,Customer,Unknown,24,42,20.9,False,0,False,3,Tuned query/index or scaled resources; response time back within threshold.
INC101761,2026-04-02 09:57,2026-04-03 14:55,Hardware,Workstation Failure,Customer Support Portal,P4 - Low,Resolved,L1 Support,P. Arjun,Customer,Unknown,72,179,28.98,False,0,False,4,Replaced/reset device; confirmed functioning with end user.
INC100722,2026-04-02 13:14,2026-04-04 23:47,Access/Authentication,Permission Denied,HR Portal,P4 - Low,Resolved,L2 Support,M. Kumar,Batch Job Monitor,Third-Party Outage,72,42,58.56,False,0,False,4,Reset credentials / corrected access role; user confirmed successful login.
INC101837,2026-04-02 13:59,2026-04-02 17:07,Performance,API Latency,Payment Gateway,P2 - High,Closed,L3 Engineering,B. Meena,Support Team (Proactive),Data Issue,8,37,3.14,False,0,False,4,Tuned query/index or scaled resources; response time back within threshold.
INC100723,2026-04-02 15:03,2026-04-03 01:49,Performance,API Latency,CRM Portal,P3 - Medium,Resolved,DBA Team,R. Iyer,End User,Data Issue,24,69,10.77,False,0,False,5,Tuned query/index or scaled resources; response time back within threshold.
INC100109,2026-04-02 21:57,2026-04-03 04:31,Application Issue,Data Mismatch,Billing Engine,P2 - High,Resolved,L2 Support,L. Chitra,End User,Unknown,8,31,6.58,False,0,True,5,Identified faulty code path; deployed hotfix / config change and validated with user.
INC100172,2026-04-03 12:26,2026-04-05 21:33,Batch Job Failure,Job Not Triggered,Billing Engine,P4 - Low,Reopened,L3 Engineering,S. Priya,Support Team (Proactive),Code Defect,72,207,57.13,False,1,True,5,Re-triggered job after correcting input file; added validation check.
INC100585,2026-04-03 14:40,2026-04-03 22:14,Integration/API,Webhook Not Firing,Core Banking App,P2 - High,Resolved,App Dev Team,P. Arjun,Support Team (Proactive),Code Defect,8,31,7.57,False,0,False,1,Coordinated with third-party vendor / corrected payload mapping; retested integration.
INC101158,2026-04-03 17:41,2026-04-04 04:31,Server/Infra,Server Down,Inventory System,P3 - Medium,Resolved,L3 Engineering,L. Chitra,End User,Infra Failure,24,65,10.84,False,0,False,5,Freed disk space / restarted service; added monitoring alert to prevent recurrence.
INC101445,2026-04-03 18:03,2026-04-05 02:03,Database,Deadlock,Order Management System,P3 - Medium,Resolved,L3 Engineering,B. Meena,Monitoring Alert,Unknown,24,51,32.01,True,0,False,4,Optimized query / cleared lock and restarted affected session; verified data integrity.
INC100153,2026-04-03 18:24,2026-04-04 09:53,Performance,Report Load Timeout,Customer Support Portal,P3 - Medium,Closed,L3 Engineering,J. Antony,Monitoring Alert,Unknown,24,56,15.49,False,0,False,5,Tuned query/index or scaled resources; response time back within threshold.
INC100016,2026-04-03 18:33,2026-04-03 21:40,Batch Job Failure,Job Not Triggered,Reporting Dashboard,P2 - High,Resolved,App Dev Team,R. Iyer,Customer,Infra Failure,8,18,3.12,False,0,True,5,Re-triggered job after correcting input file; added validation check.
INC101628,2026-04-04 16:27,2026-04-11 04:34,Database,Deadlock,Auth Service,P4 - Low,Resolved,DBA Team,L. Chitra,Support Team (Proactive),Third-Party Outage,72,172,156.13,True,0,False,4,Optimized query / cleared lock and restarted affected session; verified data integrity.
INC101392,2026-04-04 18:47,2026-04-05 06:08,Application Issue,UI Error,Inventory System,P3 - Medium,Resolved,L2 Support,T. Divya,Monitoring Alert,User Error,24,40,11.35,False,0,False,2,Identified faulty code path; deployed hotfix / config change and validated with user.
INC100218,2026-04-04 21:10,2026-04-05 13:47,Database,Deadlock,Core Banking App,P3 - Medium,Resolved,DBA Team,S. Priya,Customer,Unknown,24,46,16.63,False,0,False,4,Optimized query / cleared lock and restarted affected session; verified data integrity.
INC100837,2026-04-05 10:16,2026-04-06 02:32,Batch Job Failure,Duplicate Run,Order Management System,P3 - Medium,Resolved,App Dev Team,S. Priya,End User,Infra Failure,24,73,16.27,False,0,False,4,Re-triggered job after correcting input file; added validation check.
INC100365,2026-04-05 10:23,2026-04-06 03:17,Batch Job Failure,Duplicate Run,Customer Support Portal,P3 - Medium,Reopened,App Dev Team,N. Fathima,Support Team (Proactive),User Error,24,38,16.91,False,1,False,4,Re-triggered job after correcting input file; added validation check.
INC100146,2026-04-05 10:28,2026-04-06 05:40,Security,Unauthorized Access Attempt,Customer Support Portal,P3 - Medium,Resolved,L3 Engineering,J. Antony,End User,Third-Party Outage,24,21,19.2,False,0,True,5,"Investigated alert, confirmed false positive / revoked access; updated certificate."
INC100972,2026-04-05 10:50,2026-04-05 14:46,Security,Vulnerability Alert,CRM Portal,P2 - High,Resolved,L3 Engineering,B. Meena,End User,Configuration Error,8,13,3.94,False,0,False,3,"Investigated alert, confirmed false positive / revoked access; updated certificate."
INC101962,2026-04-05 12:11,2026-04-09 09:18,Integration/API,API Failure,CRM Portal,P4 - Low,Reopened,App Dev Team,K. Suresh,Support Team (Proactive),Configuration Error,72,26,93.12,True,1,False,4,Coordinated with third-party vendor / corrected payload mapping; retested integration.
INC101553,2026-04-05 12:20,2026-04-05 23:23,Security,Suspicious Login,Inventory System,P4 - Low,Closed,L3 Engineering,T. Divya,End User,User Error,72,54,11.06,False,0,False,5,"Investigated alert, confirmed false positive / revoked access; updated certificate."
INC100500,2026-04-05 15:16,2026-04-06 00:02,Access/Authentication,Permission Denied,Auth Service,P3 - Medium,Resolved,L1 Support,S. Priya,Support Team (Proactive),Third-Party Outage,24,17,8.77,False,0,False,5,Reset credentials / corrected access role; user confirmed successful login.
INC100394,2026-04-05 15:17,2026-04-06 10:24,Application Issue,Data Mismatch,Reporting Dashboard,P3 - Medium,Resolved,App Dev Team,B. Meena,Customer,Third-Party Outage,24,55,19.12,False,0,False,5,Identified faulty code path; deployed hotfix / config change and validated with user.
INC100950,2026-04-05 17:42,2026-04-05 22:43,Batch Job Failure,Job Failed - Data Error,Customer Support Portal,P3 - Medium,Resolved,L3 Engineering,V. Prasad,End User,Data Issue,24,18,5.03,False,0,False,4,Re-triggered job after correcting input file; added validation check.
INC100255,2026-04-05 18:17,2026-04-06 11:26,Performance,Report Load Timeout,Customer Support Portal,P3 - Medium,Closed,DBA Team,M. Kumar,Batch Job Monitor,Unknown,24,59,17.15,False,0,False,5,Tuned query/index or scaled resources; response time back within threshold.
INC100832,2026-04-05 18:56,2026-04-06 11:02,Batch Job Failure,Duplicate Run,Auth Service,P4 - Low,Resolved,App Dev Team,N. Fathima,End User,Unknown,72,180,16.1,False,0,False,5,Re-triggered job after correcting input file; added validation check.
INC101470,2026-04-05 20:09,2026-04-05 23:49,Hardware,Peripheral Not Detected,Order Management System,P2 - High,Resolved,L1 Support,B. Meena,Support Team (Proactive),Infra Failure,8,49,3.68,False,0,False,3,Replaced/reset device; confirmed functioning with end user.
INC101295,2026-04-05 21:04,2026-04-08 19:59,Hardware,Device Offline,Inventory System,P3 - Medium,Resolved,L1 Support,V. Prasad,Customer,Data Issue,24,63,70.92,True,0,False,5,Replaced/reset device; confirmed functioning with end user.
INC101510,2026-04-05 21:55,2026-04-06 02:23,Network,Firewall Block,Payment Gateway,P2 - High,Closed,Network Team,V. Prasad,End User,User Error,8,28,4.47,False,0,False,4,Restarted network service / re-routed traffic; confirmed connectivity restored.
INC102085,2026-04-06 13:56,2026-04-09 05:55,Server/Infra,CPU Spike,Customer Support Portal,P4 - Low,Resolved,Network Team,L. Chitra,Support Team (Proactive),Capacity/Performance,72,166,63.99,False,0,False,5,Freed disk space / restarted service; added monitoring alert to prevent recurrence.
INC101753,2026-04-06 14:56,2026-04-08 02:00,Application Issue,Application Crash,Reporting Dashboard,P3 - Medium,Resolved,App Dev Team,T. Divya,Customer,Code Defect,24,71,35.07,True,0,False,2,Identified faulty code path; deployed hotfix / config change and validated with user.
INC100334,2026-04-06 16:32,2026-04-07 12:23,Performance,Page Load Delay,Order Management System,P3 - Medium,Resolved,L3 Engineering,V. Prasad,Support Team (Proactive),Code Defect,24,57,19.86,False,0,False,4,Tuned query/index or scaled resources; response time back within threshold.
INC100361,2026-04-06 16:51,2026-04-06 22:11,Database,Data Corruption,Payment Gateway,P3 - Medium,Resolved,DBA Team,L. Chitra,Customer,Data Issue,24,73,5.34,False,0,False,4,Optimized query / cleared lock and restarted affected session; verified data integrity.
INC100935,2026-04-06 19:57,2026-04-14 01:45,Network,Latency,HR Portal,P4 - Low,Resolved,L2 Support,L. Chitra,End User,Configuration Error,72,187,173.81,True,0,False,2,Restarted network service / re-routed traffic; confirmed connectivity restored.
INC100529,2026-04-06 20:08,2026-04-07 13:13,Integration/API,Payload Mismatch,Customer Support Portal,P3 - Medium,Closed,App Dev Team,V. Prasad,End User,Data Issue,24,93,17.09,False,0,False,3,Coordinated with third-party vendor / corrected payload mapping; retested integration.
INC101946,2026-04-06 21:13,2026-04-09 05:04,Server/Infra,Server Down,Inventory System,P4 - Low,Resolved,Network Team,V. Prasad,Support Team (Proactive),Code Defect,72,260,55.86,False,0,False,1,Freed disk space / restarted service; added monitoring alert to prevent recurrence.
INC100904,2026-04-06 21:17,2026-04-07 17:58,Security,Certificate Expiry,Billing Engine,P3 - Medium,Resolved,L3 Engineering,S. Priya,Customer,Unknown,24,19,20.69,False,0,False,5,"Investigated alert, confirmed false positive / revoked access; updated certificate."
INC100642,2026-04-07 04:01,2026-04-07 08:28,Batch Job Failure,Job Not Triggered,Auth Service,P3 - Medium,Reopened,L3 Engineering,N. Fathima,Batch Job Monitor,Code Defect,24,66,4.46,False,1,True,5,Re-triggered job after correcting input file; added validation check.
INC100555,2026-04-07 08:09,2026-04-09 16:39,Database,Connection Pool Exhausted,CRM Portal,P4 - Low,Resolved,L3 Engineering,T. Divya,Batch Job Monitor,Unknown,72,81,56.51,False,0,False,5,Optimized query / cleared lock and restarted affected session; verified data integrity.
INC102117,2026-04-07 09:53,2026-04-08 02:52,Database,Deadlock,Billing Engine,P3 - Medium,Resolved,DBA Team,K. Suresh,End User,Unknown,24,38,16.99,False,0,False,5,Optimized query / cleared lock and restarted affected session; verified data integrity.
INC100118,2026-04-07 10:25,2026-04-08 22:56,Database,Deadlock,Inventory System,P4 - Low,Resolved,L3 Engineering,K. Suresh,End User,User Error,72,53,36.53,False,0,False,4,Optimized query / cleared lock and restarted affected session; verified data integrity.
INC100363,2026-04-07 20:39,2026-04-09 19:06,Hardware,Workstation Failure,Payment Gateway,P4 - Low,Resolved,L1 Support,L. Chitra,End User,Third-Party Outage,72,206,46.46,False,0,False,3,Replaced/reset device; confirmed functioning with end user.
INC100210,2026-04-08 12:00,2026-04-09 03:37,Application Issue,Application Crash,Core Banking App,P3 - Medium,Resolved,App Dev Team,J. Antony,Monitoring Alert,Code Defect,24,53,15.63,False,0,False,5,Identified faulty code path; deployed hotfix / config change and validated with user.
INC101449,2026-04-08 14:11,2026-04-08 20:29,Integration/API,Payload Mismatch,Core Banking App,P2 - High,Resolved,App Dev Team,J. Antony,End User,Third-Party Outage,8,21,6.3,False,0,False,3,Coordinated with third-party vendor / corrected payload mapping; retested integration.
INC100393,2026-04-08 14:26,2026-04-09 00:30,Batch Job Failure,Job Timeout,Order Management System,P3 - Medium,Resolved,App Dev Team,P. Arjun,Batch Job Monitor,Configuration Error,24,67,10.08,False,0,False,4,Re-triggered job after correcting input file; added validation check.
INC101284,2026-04-08 15:20,2026-04-09 08:19,Batch Job Failure,Job Timeout,Inventory System,P3 - Medium,Resolved,App Dev Team,S. Priya,Customer,Data Issue,24,77,16.99,False,0,False,3,Re-triggered job after correcting input file; added validation check.
INC101564,2026-04-08 15:56,2026-04-08 22:54,Network,Firewall Block,Auth Service,P2 - High,Resolved,L2 Support,J. Antony,Batch Job Monitor,Code Defect,8,27,6.97,False,0,False,5,Restarted network service / re-routed traffic; confirmed connectivity restored.
INC100043,2026-04-08 18:03,2026-04-10 04:22,Security,Suspicious Login,Order Management System,P4 - Low,Resolved,Network Team,R. Iyer,End User,Infra Failure,72,185,34.33,False,0,True,4,"Investigated alert, confirmed false positive / revoked access; updated certificate."
INC101060,2026-04-08 18:35,2026-04-09 18:30,Server/Infra,Server Down,Customer Support Portal,P4 - Low,Reopened,L3 Engineering,J. Antony,Batch Job Monitor,Infra Failure,72,317,23.92,False,1,False,4,Freed disk space / restarted service; added monitoring alert to prevent recurrence.
INC101370,2026-04-08 19:23,2026-04-09 08:53,Hardware,Device Offline,HR Portal,P3 - Medium,Resolved,L1 Support,N. Fathima,Customer,Unknown,24,18,13.51,False,0,False,5,Replaced/reset device; confirmed functioning with end user.
INC100162,2026-04-08 20:06,2026-04-10 19:52,Application Issue,Application Crash,CRM Portal,P3 - Medium,Resolved,L2 Support,J. Antony,Customer,Code Defect,24,77,47.77,True,0,False,4,Identified faulty code path; deployed hotfix / config change and validated with user.
INC101590,2026-04-09 07:32,2026-04-10 05:59,Hardware,Device Offline,Customer Support Portal,P3 - Medium,Reopened,L1 Support,L. Chitra,Customer,Third-Party Outage,24,84,22.46,False,1,False,3,Replaced/reset device; confirmed functioning with end user.
INC101024,2026-04-09 09:20,2026-04-09 12:42,Performance,API Latency,HR Portal,P2 - High,Closed,DBA Team,V. Prasad,Batch Job Monitor,Unknown,8,7,3.38,False,0,False,4,Tuned query/index or scaled resources; response time back within threshold.
INC100533,2026-04-09 10:33,2026-04-10 07:16,Hardware,Workstation Failure,Inventory System,P3 - Medium,Resolved,L1 Support,M. Kumar,Batch Job Monitor,Data Issue,24,37,20.73,False,0,False,4,Replaced/reset device; confirmed functioning with end user.
INC101446,2026-04-09 11:11,2026-04-10 02:17,Batch Job Failure,Duplicate Run,HR Portal,P3 - Medium,Resolved,L3 Engineering,S. Priya,Support Team (Proactive),Third-Party Outage,24,53,15.11,False,0,False,4,Re-triggered job after correcting input file; added validation check.
INC102067,2026-04-09 14:43,2026-04-17 13:09,Security,Certificate Expiry,HR Portal,P4 - Low,Resolved,Network Team,N. Fathima,Support Team (Proactive),Code Defect,72,179,190.44,True,0,False,2,"Investigated alert, confirmed false positive / revoked access; updated certificate."
INC100253,2026-04-09 14:55,2026-04-09 21:56,Application Issue,Data Mismatch,Inventory System,P2 - High,Resolved,App Dev Team,T. Divya,Support Team (Proactive),Configuration Error,8,18,7.02,False,0,False,4,Identified faulty code path; deployed hotfix / config change and validated with user.
INC100600,2026-04-09 15:32,2026-04-09 17:29,Performance,API Latency,HR Portal,P1 - Critical,Resolved,DBA Team,S. Priya,End User,Capacity/Performance,4,13,1.95,False,0,False,4,Tuned query/index or scaled resources; response time back within threshold.
INC101336,2026-04-09 16:22,2026-04-11 12:56,Integration/API,Third-Party Timeout,HR Portal,P3 - Medium,Resolved,L3 Engineering,P. Arjun,Support Team (Proactive),Infra Failure,24,71,44.58,True,0,False,3,Coordinated with third-party vendor / corrected payload mapping; retested integration.
INC101190,2026-04-09 19:18,2026-04-09 22:47,Integration/API,Webhook Not Firing,Reporting Dashboard,P2 - High,Closed,L3 Engineering,V. Prasad,Monitoring Alert,Unknown,8,39,3.49,False,0,False,3,Coordinated with third-party vendor / corrected payload mapping; retested integration.
INC101905,2026-04-10 11:16,2026-04-10 14:08,Network,VPN Failure,Auth Service,P1 - Critical,Reopened,Network Team,N. Fathima,Support Team (Proactive),Configuration Error,4,4,2.87,False,1,False,4,Restarted network service / re-routed traffic; confirmed connectivity restored.
INC101922,2026-04-10 12:13,2026-04-10 18:25,Network,Firewall Block,Billing Engine,P2 - High,Resolved,L2 Support,R. Iyer,End User,Third-Party Outage,8,19,6.21,False,0,False,5,Restarted network service / re-routed traffic; confirmed connectivity restored.
INC100570,2026-04-10 14:04,2026-04-11 03:04,Batch Job Failure,Job Not Triggered,Inventory System,P4 - Low,Resolved,App Dev Team,L. Chitra,Customer,Configuration Error,72,59,13.01,False,0,False,4,Re-triggered job after correcting input file; added validation check.
INC102123,2026-04-10 14:50,2026-04-11 08:54,Hardware,Device Offline,Billing Engine,P3 - Medium,Resolved,L1 Support,M. Kumar,Batch Job Monitor,Configuration Error,24,45,18.08,False,0,True,3,Replaced/reset device; confirmed functioning with end user.
INC101671,2026-04-10 14:51,2026-04-11 08:39,Access/Authentication,Password Reset,HR Portal,P3 - Medium,Resolved,L1 Support,P. Arjun,Support Team (Proactive),Capacity/Performance,24,43,17.8,False,0,False,5,Reset credentials / corrected access role; user confirmed successful login.
INC101609,2026-04-10 19:31,2026-04-17 04:58,Database,Connection Pool Exhausted,Billing Engine,P4 - Low,Reopened,DBA Team,M. Kumar,End User,User Error,72,195,153.45,True,1,False,2,Optimized query / cleared lock and restarted affected session; verified data integrity.
INC101367,2026-04-10 20:39,2026-04-10 21:57,Access/Authentication,SSO Error,Core Banking App,P2 - High,Resolved,L1 Support,S. Priya,Batch Job Monitor,Infra Failure,8,20,1.31,False,0,True,4,Reset credentials / corrected access role; user confirmed successful login.
INC101401,2026-04-10 20:44,2026-04-11 09:33,Batch Job Failure,Job Timeout,CRM Portal,P3 - Medium,Resolved,App Dev Team,R. Iyer,End User,Configuration Error,24,56,12.82,False,0,False,3,Re-triggered job after correcting input file; added validation check.
INC100036,2026-04-10 20:57,2026-04-11 16:24,Integration/API,Webhook Not Firing,Customer Support Portal,P3 - Medium,Resolved,L3 Engineering,B. Meena,Support Team (Proactive),Unknown,24,52,19.45,False,0,False,4,Coordinated with third-party vendor / corrected payload mapping; retested integration.
INC101685,2026-04-11 17:46,2026-04-14 11:29,Performance,Page Load Delay,Customer Support Portal,P3 - Medium,Closed,DBA Team,N. Fathima,End User,Configuration Error,24,39,65.72,True,0,False,4,Tuned query/index or scaled resources; response time back within threshold.
INC100851,2026-04-11 18:54,2026-04-12 00:54,Performance,Page Load Delay,Payment Gateway,P2 - High,Resolved,L3 Engineering,V. Prasad,Customer,Unknown,8,37,6.0,False,0,False,5,Tuned query/index or scaled resources; response time back within threshold.
INC102061,2026-04-11 19:18,2026-04-12 08:22,Database,Data Corruption,CRM Portal,P3 - Medium,Resolved,L3 Engineering,S. Priya,Monitoring Alert,Code Defect,24,87,13.08,False,0,False,5,Optimized query / cleared lock and restarted affected session; verified data integrity.
INC101891,2026-04-11 21:21,2026-04-12 11:11,Batch Job Failure,Duplicate Run,HR Portal,P3 - Medium,Resolved,L3 Engineering,M. Kumar,Customer,Data Issue,24,62,13.84,False,0,False,5,Re-triggered job after correcting input file; added validation check.
INC100510,2026-04-12 07:16,2026-04-12 09:12,Database,Connection Pool Exhausted,Payment Gateway,P2 - High,Resolved,L3 Engineering,L. Chitra,Support Team (Proactive),Data Issue,8,17,1.94,False,0,False,5,Optimized query / cleared lock and restarted affected session; verified data integrity.
INC101213,2026-04-12 09:32,2026-04-12 20:20,Network,VPN Failure,Customer Support Portal,P2 - High,Resolved,L2 Support,T. Divya,Batch Job Monitor,Capacity/Performance,8,31,10.81,True,0,False,4,Restarted network service / re-routed traffic; confirmed connectivity restored.
INC100763,2026-04-12 11:01,2026-04-13 01:33,Hardware,Device Offline,Core Banking App,P3 - Medium,Reopened,L1 Support,N. Fathima,Monitoring Alert,Configuration Error,24,56,14.54,False,1,False,4,Replaced/reset device; confirmed functioning with end user.
INC100856,2026-04-12 11:14,2026-04-12 17:26,Performance,API Latency,Payment Gateway,P2 - High,Closed,L3 Engineering,S. Priya,Support Team (Proactive),Code Defect,8,33,6.21,False,0,False,5,Tuned query/index or scaled resources; response time back within threshold.
INC100358,2026-04-12 18:29,2026-04-13 00:31,Network,Firewall Block,Inventory System,P3 - Medium,Resolved,Network Team,P. Arjun,Batch Job Monitor,User Error,24,82,6.04,False,0,True,2,Restarted network service / re-routed traffic; confirmed connectivity restored.
INC100283,2026-04-13 17:44,2026-04-14 00:24,Integration/API,Webhook Not Firing,Customer Support Portal,P3 - Medium,Resolved,L3 Engineering,T. Divya,Customer,User Error,24,81,6.68,False,0,False,4,Coordinated with third-party vendor / corrected payload mapping; retested integration.
INC101526,2026-04-13 19:51,2026-04-16 01:24,Database,Data Corruption,Auth Service,P4 - Low,Closed,DBA Team,B. Meena,Batch Job Monitor,Capacity/Performance,72,135,53.55,False,0,False,4,Optimized query / cleared lock and restarted affected session; verified data integrity.
INC101292,2026-04-14 09:52,2026-04-15 05:56,Performance,Page Load Delay,Payment Gateway,P3 - Medium,Closed,L3 Engineering,M. Kumar,Monitoring Alert,Capacity/Performance,24,34,20.07,False,0,False,4,Tuned query/index or scaled resources; response time back within threshold.
INC100297,2026-04-14 12:12,2026-04-16 22:14,Batch Job Failure,Job Failed - Data Error,Payment Gateway,P4 - Low,Resolved,App Dev Team,L. Chitra,End User,Data Issue,72,336,58.04,False,0,True,5,Re-triggered job after correcting input file; added validation check.
INC101087,2026-04-14 12:12,2026-04-14 18:17,Access/Authentication,Password Reset,Billing Engine,P3 - Medium,Resolved,L2 Support,T. Divya,End User,User Error,24,45,6.09,False,0,False,3,Reset credentials / corrected access role; user confirmed successful login.
INC102007,2026-04-14 16:30,2026-04-15 03:41,Performance,Slow Response Time,CRM Portal,P3 - Medium,Resolved,L3 Engineering,P. Arjun,Support Team (Proactive),Unknown,24,26,11.19,False,0,False,2,Tuned query/index or scaled resources; response time back within threshold.
INC100568,2026-04-14 18:20,2026-04-15 02:38,Batch Job Failure,Job Timeout,Customer Support Portal,P3 - Medium,Closed,L3 Engineering,R. Iyer,End User,Code Defect,24,55,8.3,False,0,False,1,Re-triggered job after correcting input file; added validation check.
INC100754,2026-04-14 18:55,2026-04-24 21:58,Hardware,Printer Issue,Auth Service,P4 - Low,Resolved,L1 Support,K. Suresh,Support Team (Proactive),Infra Failure,72,125,243.05,True,0,False,5,Replaced/reset device; confirmed functioning with end user.
INC101341,2026-04-15 09:45,2026-04-16 00:21,Performance,API Latency,Reporting Dashboard,P3 - Medium,Closed,L3 Engineering,S. Priya,Batch Job Monitor,Unknown,24,41,14.6,False,0,False,5,Tuned query/index or scaled resources; response time back within threshold.
INC101917,2026-04-15 14:22,2026-04-17 05:41,Server/Infra,Server Down,HR Portal,P4 - Low,Resolved,Network Team,P. Arjun,End User,Infra Failure,72,177,39.32,False,0,False,1,Freed disk space / restarted service; added monitoring alert to prevent recurrence.
INC101518,2026-04-15 14:54,2026-04-18 16:21,Security,Suspicious Login,Order Management System,P3 - Medium,Resolved,Network Team,R. Iyer,Batch Job Monitor,Third-Party Outage,24,70,73.45,True,0,False,1,"Investigated alert, confirmed false positive / revoked access; updated certificate."
INC100947,2026-04-15 15:10,2026-04-18 04:13,Application Issue,Data Mismatch,Auth Service,P4 - Low,Closed,App Dev Team,P. Arjun,Monitoring Alert,Infra Failure,72,128,61.05,False,0,False,5,Identified faulty code path; deployed hotfix / config change and validated with user.
INC101997,2026-04-16 13:14,2026-04-19 13:43,Access/Authentication,Permission Denied,Core Banking App,P3 - Medium,Reopened,L2 Support,R. Iyer,Customer,Code Defect,24,58,72.49,True,1,False,3,Reset credentials / corrected access role; user confirmed successful login.
INC100386,2026-04-16 15:18,2026-04-18 00:55,Performance,Report Load Timeout,Inventory System,P4 - Low,Resolved,DBA Team,M. Kumar,End User,Unknown,72,172,33.63,False,0,True,5,Tuned query/index or scaled resources; response time back within threshold.
INC101608,2026-04-16 15:49,2026-04-17 09:01,Batch Job Failure,Job Timeout,Reporting Dashboard,P3 - Medium,Resolved,L3 Engineering,R. Iyer,Support Team (Proactive),User Error,24,55,17.2,False,0,False,4,Re-triggered job after correcting input file; added validation check.
INC100374,2026-04-16 15:51,2026-04-17 07:01,Integration/API,Third-Party Timeout,Auth Service,P2 - High,Reopened,L3 Engineering,M. Kumar,Support Team (Proactive),Configuration Error,8,26,15.18,True,1,False,3,Coordinated with third-party vendor / corrected payload mapping; retested integration.
INC101448,2026-04-16 20:07,2026-04-18 21:31,Security,Vulnerability Alert,Reporting Dashboard,P4 - Low,Reopened,Network Team,P. Arjun,Support Team (Proactive),Configuration Error,72,135,49.4,False,1,False,3,"Investigated alert, confirmed false positive / revoked access; updated certificate."
INC100701,2026-04-16 20:31,2026-04-17 04:05,Server/Infra,CPU Spike,HR Portal,P3 - Medium,Reopened,Network Team,A. Rangan,Support Team (Proactive),Configuration Error,24,39,7.58,False,1,False,2,Freed disk space / restarted service; added monitoring alert to prevent recurrence.
INC101285,2026-04-16 21:17,2026-04-17 02:08,Database,Data Corruption,HR Portal,P2 - High,Reopened,L3 Engineering,V. Prasad,Batch Job Monitor,Data Issue,8,15,4.85,False,1,False,2,Optimized query / cleared lock and restarted affected session; verified data integrity.
INC100311,2026-04-17 11:07,2026-04-17 12:28,Network,Latency,HR Portal,P1 - Critical,Resolved,Network Team,N. Fathima,Customer,Unknown,4,11,1.36,False,0,False,4,Restarted network service / re-routed traffic; confirmed connectivity restored.
INC101832,2026-04-17 13:29,2026-04-18 06:44,Security,Vulnerability Alert,Reporting Dashboard,P3 - Medium,Resolved,Network Team,K. Suresh,Batch Job Monitor,Configuration Error,24,100,17.26,False,0,False,5,"Investigated alert, confirmed false positive / revoked access; updated certificate."
INC100094,2026-04-17 15:10,2026-04-18 02:34,Integration/API,Third-Party Timeout,Reporting Dashboard,P3 - Medium,Resolved,L3 Engineering,R. Iyer,End User,Configuration Error,24,93,11.4,False,0,False,5,Coordinated with third-party vendor / corrected payload mapping; retested integration.
INC101738,2026-04-17 17:34,2026-04-17 18:13,Network,Firewall Block,Payment Gateway,P1 - Critical,Closed,L2 Support,R. Iyer,Support Team (Proactive),Code Defect,4,14,0.66,False,0,False,4,Restarted network service / re-routed traffic; confirmed connectivity restored.
INC100801,2026-04-17 20:43,2026-04-18 09:54,Database,Connection Pool Exhausted,Reporting Dashboard,P3 - Medium,Closed,DBA Team,B. Meena,Batch Job Monitor,Third-Party Outage,24,22,13.19,False,0,False,4,Optimized query / cleared lock and restarted affected session; verified data integrity.
INC102068,2026-04-17 21:37,2026-04-18 20:25,Network,Firewall Block,Billing Engine,P4 - Low,Resolved,Network Team,A. Rangan,Monitoring Alert,Infra Failure,72,185,22.8,False,0,False,4,Restarted network service / re-routed traffic; confirmed connectivity restored.
INC101556,2026-04-18 15:30,2026-04-19 04:48,Batch Job Failure,Duplicate Run,Reporting Dashboard,P3 - Medium,Reopened,App Dev Team,P. Arjun,Batch Job Monitor,Configuration Error,24,90,13.3,False,1,False,3,Re-triggered job after correcting input file; added validation check.
INC101333,2026-04-18 15:33,2026-04-19 22:46,Performance,Slow Response Time,Core Banking App,P3 - Medium,Closed,DBA Team,K. Suresh,End User,Capacity/Performance,24,39,31.23,True,0,True,4,Tuned query/index or scaled resources; response time back within threshold.
INC100222,2026-04-18 16:28,2026-04-19 03:16,Batch Job Failure,Job Timeout,Core Banking App,P4 - Low,Resolved,App Dev Team,V. Prasad,Customer,Code Defect,72,195,10.81,False,0,False,4,Re-triggered job after correcting input file; added validation check.
INC101861,2026-04-18 17:56,2026-04-19 12:38,Security,Certificate Expiry,Customer Support Portal,P3 - Medium,Resolved,L3 Engineering,B. Meena,Batch Job Monitor,User Error,24,122,18.71,False,0,False,2,"Investigated alert, confirmed false positive / revoked access; updated certificate."
INC100078,2026-04-18 18:41,2026-04-19 22:55,Security,Vulnerability Alert,Reporting Dashboard,P4 - Low,Resolved,Network Team,N. Fathima,End User,Unknown,72,75,28.24,False,0,False,2,"Investigated alert, confirmed false positive / revoked access; updated certificate."
INC100156,2026-04-19 10:28,2026-04-19 12:33,Database,Deadlock,Billing Engine,P2 - High,Resolved,L3 Engineering,L. Chitra,Support Team (Proactive),Capacity/Performance,8,16,2.09,False,0,True,3,Optimized query / cleared lock and restarted affected session; verified data integrity.
INC101703,2026-04-19 10:44,2026-04-19 20:42,Hardware,Printer Issue,Auth Service,P3 - Medium,Resolved,L1 Support,S. Priya,End User,Configuration Error,24,89,9.98,False,0,False,3,Replaced/reset device; confirmed functioning with end user.
INC100271,2026-04-19 11:54,2026-04-20 02:01,Application Issue,Application Crash,HR Portal,P3 - Medium,Resolved,L2 Support,K. Suresh,Monitoring Alert,Capacity/Performance,24,66,14.13,False,0,False,4,Identified faulty code path; deployed hotfix / config change and validated with user.
INC100298,2026-04-19 14:13,2026-04-19 19:41,Hardware,Workstation Failure,Customer Support Portal,P2 - High,Resolved,L1 Support,J. Antony,Customer,Infra Failure,8,17,5.48,False,0,False,5,Replaced/reset device; confirmed functioning with end user.
INC102031,2026-04-19 17:45,2026-04-22 17:35,Security,Unauthorized Access Attempt,Customer Support Portal,P3 - Medium,Resolved,Network Team,P. Arjun,Monitoring Alert,Configuration Error,24,60,71.84,True,0,False,1,"Investigated alert, confirmed false positive / revoked access; updated certificate."
INC101121,2026-04-19 18:56,2026-04-20 17:50,Access/Authentication,Permission Denied,Customer Support Portal,P2 - High,Closed,L1 Support,M. Kumar,Monitoring Alert,Code Defect,8,15,22.9,True,0,False,2,Reset credentials / corrected access role; user confirmed successful login.
INC101902,2026-04-19 20:08,2026-04-20 00:33,Network,Latency,CRM Portal,P2 - High,Closed,Network Team,S. Priya,Support Team (Proactive),Data Issue,8,34,4.42,False,0,False,4,Restarted network service / re-routed traffic; confirmed connectivity restored.
INC101051,2026-04-19 20:56,2026-04-20 14:32,Access/Authentication,SSO Error,CRM Portal,P2 - High,Resolved,L1 Support,J. Antony,Batch Job Monitor,User Error,8,11,17.61,True,0,False,1,Reset credentials / corrected access role; user confirmed successful login.
INC101726,2026-04-20 10:04,2026-04-20 20:29,Database,Data Corruption,Auth Service,P3 - Medium,Reopened,L3 Engineering,A. Rangan,Monitoring Alert,Capacity/Performance,24,53,10.42,False,1,False,3,Optimized query / cleared lock and restarted affected session; verified data integrity.
INC100745,2026-04-20 10:55,2026-04-21 05:29,Hardware,Workstation Failure,Customer Support Portal,P3 - Medium,Resolved,L1 Support,M. Kumar,Monitoring Alert,Code Defect,24,72,18.57,False,0,True,4,Replaced/reset device; confirmed functioning with end user.
INC101054,2026-04-20 11:26,2026-04-26 12:02,Database,Data Corruption,Customer Support Portal,P4 - Low,Resolved,L3 Engineering,A. Rangan,Customer,Configuration Error,72,209,144.6,True,0,False,3,Optimized query / cleared lock and restarted affected session; verified data integrity.
INC100068,2026-04-20 13:21,2026-04-20 19:52,Integration/API,Payload Mismatch,Payment Gateway,P3 - Medium,Reopened,L3 Engineering,V. Prasad,Batch Job Monitor,User Error,24,81,6.53,False,1,False,1,Coordinated with third-party vendor / corrected payload mapping; retested integration.
INC101941,2026-04-20 16:17,2026-04-21 11:27,Batch Job Failure,Job Failed - Data Error,Payment Gateway,P3 - Medium,Resolved,App Dev Team,K. Suresh,Support Team (Proactive),Unknown,24,71,19.18,False,0,True,4,Re-triggered job after correcting input file; added validation check.
INC101637,2026-04-20 18:19,2026-04-20 23:33,Database,Deadlock,Auth Service,P2 - High,Resolved,DBA Team,T. Divya,End User,Capacity/Performance,8,24,5.24,False,0,False,3,Optimized query / cleared lock and restarted affected session; verified data integrity.
INC101215,2026-04-21 10:39,2026-04-22 06:40,Application Issue,UI Error,Billing Engine,P3 - Medium,Resolved,L2 Support,S. Priya,Batch Job Monitor,Configuration Error,24,58,20.03,False,0,False,4,Identified faulty code path; deployed hotfix / config change and validated with user.
INC100993,2026-04-21 13:12,2026-04-22 09:51,Performance,API Latency,Customer Support Portal,P3 - Medium,Closed,DBA Team,V. Prasad,Batch Job Monitor,Infra Failure,24,61,20.65,False,0,False,2,Tuned query/index or scaled resources; response time back within threshold.
INC100968,2026-04-21 14:12,2026-04-22 01:58,Database,Deadlock,Reporting Dashboard,P3 - Medium,Closed,DBA Team,V. Prasad,Customer,Configuration Error,24,50,11.78,False,0,False,2,Optimized query / cleared lock and restarted affected session; verified data integrity.
INC100678,2026-04-21 16:47,2026-04-22 05:15,Hardware,Printer Issue,Core Banking App,P1 - Critical,Resolved,L1 Support,L. Chitra,Monitoring Alert,Infra Failure,4,13,12.47,True,0,False,3,Replaced/reset device; confirmed functioning with end user.
INC100397,2026-04-21 17:11,2026-04-23 09:03,Application Issue,Application Crash,Order Management System,P3 - Medium,Resolved,App Dev Team,R. Iyer,Support Team (Proactive),Capacity/Performance,24,95,39.88,True,0,False,2,Identified faulty code path; deployed hotfix / config change and validated with user.
INC100120,2026-04-21 18:23,2026-04-23 11:36,Performance,Page Load Delay,Order Management System,P4 - Low,Resolved,L3 Engineering,P. Arjun,Support Team (Proactive),Configuration Error,72,84,41.22,False,0,True,5,Tuned query/index or scaled resources; response time back within threshold.
INC102167,2026-04-21 18:29,2026-04-21 23:57,Server/Infra,Disk Space Full,HR Portal,P2 - High,Resolved,L3 Engineering,V. Prasad,Support Team (Proactive),Third-Party Outage,8,35,5.47,False,0,False,5,Freed disk space / restarted service; added monitoring alert to prevent recurrence.
INC101639,2026-04-21 19:53,2026-04-22 15:23,Server/Infra,Disk Space Full,Inventory System,P3 - Medium,Closed,L3 Engineering,A. Rangan,Monitoring Alert,Data Issue,24,73,19.51,False,0,False,4,Freed disk space / restarted service; added monitoring alert to prevent recurrence.
INC100755,2026-04-22 08:22,2026-04-24 16:52,Batch Job Failure,Job Not Triggered,Order Management System,P4 - Low,Resolved,L3 Engineering,N. Fathima,End User,Third-Party Outage,72,2,56.51,False,0,False,5,Re-triggered job after correcting input file; added validation check.
INC101255,2026-04-22 11:03,2026-04-24 02:04,Network,Latency,CRM Portal,P4 - Low,Resolved,L2 Support,S. Priya,End User,Configuration Error,72,249,39.03,False,0,True,5,Restarted network service / re-routed traffic; confirmed connectivity restored.
INC101524,2026-04-22 12:17,2026-04-24 05:33,Hardware,Peripheral Not Detected,Core Banking App,P4 - Low,Resolved,L1 Support,S. Priya,Monitoring Alert,Data Issue,72,185,41.28,False,0,False,3,Replaced/reset device; confirmed functioning with end user.
INC100505,2026-04-22 12:46,2026-04-23 02:15,Network,VPN Failure,Customer Support Portal,P3 - Medium,Resolved,L2 Support,L. Chitra,Monitoring Alert,Third-Party Outage,24,25,13.49,False,0,False,1,Restarted network service / re-routed traffic; confirmed connectivity restored.
INC102163,2026-04-22 14:22,2026-04-22 21:50,Access/Authentication,SSO Error,Core Banking App,P3 - Medium,Closed,L1 Support,R. Iyer,Support Team (Proactive),Configuration Error,24,27,7.48,False,0,True,5,Reset credentials / corrected access role; user confirmed successful login.
INC100735,2026-04-22 15:51,2026-04-25 12:13,Performance,Page Load Delay,Payment Gateway,P4 - Low,Resolved,DBA Team,T. Divya,Batch Job Monitor,Configuration Error,72,52,68.38,False,0,False,4,Tuned query/index or scaled resources; response time back within threshold.
INC101074,2026-04-22 18:35,2026-04-23 05:46,Hardware,Device Offline,Billing Engine,P3 - Medium,Resolved,L1 Support,S. Priya,Monitoring Alert,Capacity/Performance,24,74,11.19,False,0,False,5,Replaced/reset device; confirmed functioning with end user.
INC100225,2026-04-23 06:45,2026-04-25 01:25,Batch Job Failure,Job Timeout,Core Banking App,P4 - Low,Resolved,App Dev Team,N. Fathima,Customer,Infra Failure,72,186,42.67,False,0,False,4,Re-triggered job after correcting input file; added validation check.
INC101307,2026-04-23 09:11,2026-04-24 03:15,Hardware,Peripheral Not Detected,Auth Service,P3 - Medium,Resolved,L1 Support,K. Suresh,Support Team (Proactive),Capacity/Performance,24,44,18.08,False,0,False,4,Replaced/reset device; confirmed functioning with end user.
INC102004,2026-04-23 10:38,2026-04-24 00:59,Database,Data Corruption,HR Portal,P3 - Medium,Resolved,DBA Team,T. Divya,Monitoring Alert,Infra Failure,24,50,14.35,False,0,False,3,Optimized query / cleared lock and restarted affected session; verified data integrity.
INC101782,2026-04-23 14:34,2026-04-24 03:50,Application Issue,Feature Not Working,CRM Portal,P3 - Medium,Resolved,L2 Support,V. Prasad,Customer,Capacity/Performance,24,7,13.27,False,0,False,4,Identified faulty code path; deployed hotfix / config change and validated with user.
INC100366,2026-04-23 15:57,2026-04-25 07:20,Network,DNS Issue,Payment Gateway,P4 - Low,Closed,Network Team,M. Kumar,Batch Job Monitor,Configuration Error,72,200,39.39,False,0,False,4,Restarted network service / re-routed traffic; confirmed connectivity restored.
INC100017,2026-04-23 18:06,2026-04-24 03:30,Database,Deadlock,CRM Portal,P3 - Medium,Reopened,L3 Engineering,S. Priya,Monitoring Alert,Third-Party Outage,24,54,9.41,False,1,False,4,Optimized query / cleared lock and restarted affected session; verified data integrity.
INC100515,2026-04-23 18:08,2026-04-26 18:17,Integration/API,Payload Mismatch,CRM Portal,P3 - Medium,Closed,App Dev Team,K. Suresh,Monitoring Alert,Code Defect,24,29,72.16,True,0,False,2,Coordinated with third-party vendor / corrected payload mapping; retested integration.
INC101162,2026-04-23 19:21,2026-04-24 05:01,Server/Infra,Memory Leak,Customer Support Portal,P3 - Medium,Closed,L3 Engineering,V. Prasad,Batch Job Monitor,Code Defect,24,55,9.67,False,0,False,3,Freed disk space / restarted service; added monitoring alert to prevent recurrence.
INC100261,2026-04-24 00:30,2026-04-24 03:17,Database,Connection Pool Exhausted,Order Management System,P2 - High,Resolved,DBA Team,T. Divya,Customer,Third-Party Outage,8,23,2.79,False,0,False,5,Optimized query / cleared lock and restarted affected session; verified data integrity.
INC101086,2026-04-24 01:24,2026-04-25 04:43,Server/Infra,Memory Leak,Payment Gateway,P4 - Low,Closed,Network Team,T. Divya,Batch Job Monitor,Code Defect,72,179,27.33,False,0,False,4,Freed disk space / restarted service; added monitoring alert to prevent recurrence.
INC101507,2026-04-24 04:35,2026-04-26 06:22,Performance,Page Load Delay,Reporting Dashboard,P4 - Low,Resolved,L3 Engineering,L. Chitra,End User,Third-Party Outage,72,91,49.79,False,0,True,4,Tuned query/index or scaled resources; response time back within threshold.
INC101491,2026-04-24 05:37,2026-04-24 16:50,Network,Latency,Auth Service,P3 - Medium,Reopened,L2 Support,J. Antony,Support Team (Proactive),Code Defect,24,26,11.22,False,1,False,5,Restarted network service / re-routed traffic; confirmed connectivity restored.
INC100265,2026-04-24 09:00,2026-04-25 00:22,Server/Infra,Memory Leak,Reporting Dashboard,P3 - Medium,Resolved,Network Team,B. Meena,Batch Job Monitor,Infra Failure,24,43,15.37,False,0,False,4,Freed disk space / restarted service; added monitoring alert to prevent recurrence.
INC101911,2026-04-24 09:19,2026-04-25 01:42,Security,Suspicious Login,Inventory System,P3 - Medium,Resolved,Network Team,J. Antony,End User,Capacity/Performance,24,5,16.39,False,0,True,3,"Investigated alert, confirmed false positive / revoked access; updated certificate."
INC101422,2026-04-24 09:20,2026-04-25 13:06,Network,Firewall Block,Payment Gateway,P4 - Low,Resolved,Network Team,V. Prasad,Customer,Third-Party Outage,72,322,27.77,False,0,False,4,Restarted network service / re-routed traffic; confirmed connectivity restored.
INC101343,2026-04-24 09:23,2026-04-26 04:39,Integration/API,API Failure,Order Management System,P4 - Low,Resolved,L3 Engineering,N. Fathima,End User,User Error,72,180,43.27,False,0,False,4,Coordinated with third-party vendor / corrected payload mapping; retested integration.
INC101802,2026-04-24 14:59,2026-04-25 04:05,Performance,API Latency,Billing Engine,P3 - Medium,Resolved,DBA Team,N. Fathima,Support Team (Proactive),User Error,24,46,13.1,False,0,False,4,Tuned query/index or scaled resources; response time back within threshold.
INC101966,2026-04-24 16:15,2026-04-24 23:18,Network,VPN Failure,Payment Gateway,P3 - Medium,Resolved,Network Team,N. Fathima,Batch Job Monitor,Data Issue,24,19,7.05,False,0,False,4,Restarted network service / re-routed traffic; confirmed connectivity restored.
INC102038,2026-04-24 20:53,2026-04-26 01:50,Network,DNS Issue,Inventory System,P4 - Low,Closed,L2 Support,A. Rangan,Batch Job Monitor,Data Issue,72,201,28.96,False,0,False,5,Restarted network service / re-routed traffic; confirmed connectivity restored.
INC100989,2026-04-24 21:42,2026-04-25 18:39,Network,VPN Failure,Payment Gateway,P2 - High,Resolved,Network Team,S. Priya,Customer,Capacity/Performance,8,42,20.96,True,0,False,1,Restarted network service / re-routed traffic; confirmed connectivity restored.
INC100122,2026-04-25 13:46,2026-04-25 19:26,Application Issue,Data Mismatch,Core Banking App,P2 - High,Resolved,L2 Support,B. Meena,End User,Code Defect,8,31,5.68,False,0,False,2,Identified faulty code path; deployed hotfix / config change and validated with user.
INC100670,2026-04-25 14:59,2026-04-25 19:52,Network,Latency,Inventory System,P3 - Medium,Reopened,Network Team,T. Divya,Customer,Infra Failure,24,82,4.89,False,1,False,2,Restarted network service / re-routed traffic; confirmed connectivity restored.
INC101981,2026-04-25 16:54,2026-04-25 20:49,Integration/API,API Failure,Billing Engine,P2 - High,Resolved,L3 Engineering,M. Kumar,Customer,Infra Failure,8,28,3.93,False,0,False,5,Coordinated with third-party vendor / corrected payload mapping; retested integration.
INC101795,2026-04-25 19:42,2026-04-26 05:52,Network,Latency,Inventory System,P3 - Medium,Resolved,Network Team,R. Iyer,Monitoring Alert,User Error,24,97,10.17,False,0,False,4,Restarted network service / re-routed traffic; confirmed connectivity restored.
INC100481,2026-04-25 20:05,2026-04-26 08:28,Access/Authentication,Permission Denied,HR Portal,P3 - Medium,Closed,L2 Support,B. Meena,Monitoring Alert,Capacity/Performance,24,60,12.39,False,0,False,3,Reset credentials / corrected access role; user confirmed successful login.
INC100808,2026-04-25 20:17,2026-04-26 01:00,Database,Data Corruption,Order Management System,P3 - Medium,Resolved,L3 Engineering,L. Chitra,Monitoring Alert,Third-Party Outage,24,46,4.73,False,0,False,4,Optimized query / cleared lock and restarted affected session; verified data integrity.
INC101066,2026-04-26 09:59,2026-04-27 02:35,Batch Job Failure,Job Not Triggered,Order Management System,P3 - Medium,Resolved,App Dev Team,A. Rangan,End User,Capacity/Performance,24,63,16.61,False,0,False,4,Re-triggered job after correcting input file; added validation check.
INC101254,2026-04-26 14:22,2026-04-26 21:26,Access/Authentication,Password Reset,Payment Gateway,P3 - Medium,Resolved,L1 Support,K. Suresh,Support Team (Proactive),User Error,24,93,7.07,False,0,False,4,Reset credentials / corrected access role; user confirmed successful login.
INC100128,2026-04-26 17:26,2026-04-26 22:48,Performance,Report Load Timeout,HR Portal,P3 - Medium,Closed,L3 Engineering,T. Divya,End User,Unknown,24,78,5.38,False,0,False,3,Tuned query/index or scaled resources; response time back within threshold.
INC100148,2026-04-26 18:44,2026-04-26 23:59,Hardware,Workstation Failure,Core Banking App,P3 - Medium,Closed,L1 Support,S. Priya,Batch Job Monitor,Capacity/Performance,24,69,5.25,False,0,False,5,Replaced/reset device; confirmed functioning with end user.
INC100420,2026-04-26 19:43,2026-04-29 20:46,Network,Firewall Block,Customer Support Portal,P3 - Medium,Resolved,Network Team,R. Iyer,Customer,Capacity/Performance,24,73,73.05,True,0,False,5,Restarted network service / re-routed traffic; confirmed connectivity restored.
INC100705,2026-04-26 19:58,2026-04-27 18:44,Database,Data Corruption,Auth Service,P3 - Medium,Resolved,L3 Engineering,V. Prasad,Monitoring Alert,Code Defect,24,50,22.78,False,0,False,5,Optimized query / cleared lock and restarted affected session; verified data integrity.
INC100173,2026-04-27 09:20,2026-04-27 12:24,Database,Data Corruption,Order Management System,P1 - Critical,Resolved,L3 Engineering,B. Meena,Batch Job Monitor,Data Issue,4,5,3.07,False,0,False,5,Optimized query / cleared lock and restarted affected session; verified data integrity.
INC100359,2026-04-27 11:48,2026-04-28 22:18,Batch Job Failure,Job Failed - Data Error,Billing Engine,P4 - Low,Resolved,App Dev Team,P. Arjun,Support Team (Proactive),Infra Failure,72,99,34.51,False,0,False,5,Re-triggered job after correcting input file; added validation check.
INC101397,2026-04-27 14:13,2026-04-29 01:29,Database,Deadlock,Core Banking App,P4 - Low,Resolved,L3 Engineering,A. Rangan,Support Team (Proactive),Third-Party Outage,72,162,35.28,False,0,False,2,Optimized query / cleared lock and restarted affected session; verified data integrity.
INC100613,2026-04-27 15:29,2026-04-29 14:02,Application Issue,UI Error,Auth Service,P4 - Low,Closed,L2 Support,M. Kumar,Support Team (Proactive),User Error,72,201,46.56,False,0,True,5,Identified faulty code path; deployed hotfix / config change and validated with user.
INC100730,2026-04-27 20:09,2026-04-27 23:55,Batch Job Failure,Job Timeout,Billing Engine,P2 - High,Resolved,L3 Engineering,N. Fathima,Support Team (Proactive),Capacity/Performance,8,19,3.77,False,0,False,4,Re-triggered job after correcting input file; added validation check.
INC101201,2026-04-27 20:47,2026-04-28 03:22,Hardware,Device Offline,Auth Service,P2 - High,Closed,L1 Support,B. Meena,Customer,Data Issue,8,28,6.59,False,0,True,3,Replaced/reset device; confirmed functioning with end user.
INC102047,2026-04-28 14:16,2026-04-28 18:28,Batch Job Failure,Job Failed - Data Error,Core Banking App,P3 - Medium,Resolved,App Dev Team,V. Prasad,End User,Data Issue,24,81,4.2,False,0,True,4,Re-triggered job after correcting input file; added validation check.
INC100412,2026-04-28 14:45,2026-04-28 21:17,Hardware,Device Offline,Payment Gateway,P2 - High,Closed,L1 Support,A. Rangan,Monitoring Alert,Unknown,8,40,6.54,False,0,False,5,Replaced/reset device; confirmed functioning with end user.
INC101516,2026-04-28 15:57,2026-04-30 14:08,Batch Job Failure,Job Timeout,Order Management System,P4 - Low,Closed,App Dev Team,J. Antony,End User,Capacity/Performance,72,191,46.19,False,0,False,5,Re-triggered job after correcting input file; added validation check.
INC101358,2026-04-28 18:38,2026-04-29 13:32,Hardware,Peripheral Not Detected,Reporting Dashboard,P3 - Medium,Resolved,L1 Support,P. Arjun,Customer,User Error,24,66,18.9,False,0,False,5,Replaced/reset device; confirmed functioning with end user.
INC100326,2026-04-29 12:09,2026-04-30 00:41,Security,Vulnerability Alert,Auth Service,P4 - Low,Resolved,Network Team,L. Chitra,Batch Job Monitor,Third-Party Outage,72,251,12.54,False,0,False,4,"Investigated alert, confirmed false positive / revoked access; updated certificate."
INC100428,2026-04-29 12:32,2026-05-01 14:06,Server/Infra,Server Down,Inventory System,P4 - Low,Closed,L3 Engineering,R. Iyer,Customer,Capacity/Performance,72,247,49.57,False,0,False,5,Freed disk space / restarted service; added monitoring alert to prevent recurrence.
INC101662,2026-04-29 12:48,2026-04-29 22:58,Performance,Page Load Delay,HR Portal,P3 - Medium,Resolved,DBA Team,K. Suresh,Batch Job Monitor,Data Issue,24,56,10.18,False,0,False,5,Tuned query/index or scaled resources; response time back within threshold.
INC102149,2026-04-29 12:57,2026-04-30 02:49,Integration/API,Webhook Not Firing,Core Banking App,P3 - Medium,Closed,L3 Engineering,T. Divya,Customer,Unknown,24,28,13.87,False,0,False,4,Coordinated with third-party vendor / corrected payload mapping; retested integration.
INC100131,2026-04-29 14:58,2026-04-30 02:35,Server/Infra,Server Down,Core Banking App,P3 - Medium,Resolved,L3 Engineering,L. Chitra,Monitoring Alert,Code Defect,24,56,11.62,False,0,False,4,Freed disk space / restarted service; added monitoring alert to prevent recurrence.
INC102150,2026-04-29 19:06,2026-04-30 13:31,Application Issue,Feature Not Working,Billing Engine,P3 - Medium,Closed,App Dev Team,L. Chitra,Support Team (Proactive),Configuration Error,24,44,18.42,False,0,True,3,Identified faulty code path; deployed hotfix / config change and validated with user.
INC102013,2026-04-29 20:00,2026-04-30 07:35,Integration/API,Payload Mismatch,Customer Support Portal,P3 - Medium,Reopened,L3 Engineering,B. Meena,Batch Job Monitor,Capacity/Performance,24,67,11.59,False,1,True,1,Coordinated with third-party vendor / corrected payload mapping; retested integration.
INC100414,2026-04-29 20:29,2026-04-30 13:45,Performance,Slow Response Time,Inventory System,P4 - Low,Resolved,L3 Engineering,N. Fathima,Batch Job Monitor,Unknown,72,124,17.28,False,0,False,3,Tuned query/index or scaled resources; response time back within threshold.
INC101677,2026-04-29 20:31,2026-04-30 05:26,Batch Job Failure,Job Not Triggered,Payment Gateway,P3 - Medium,Resolved,L3 Engineering,V. Prasad,Monitoring Alert,Infra Failure,24,92,8.93,False,0,False,5,Re-triggered job after correcting input file; added validation check.
INC101622,2026-04-30 08:45,2026-05-01 02:49,Database,Deadlock,Customer Support Portal,P4 - Low,Resolved,L3 Engineering,V. Prasad,Support Team (Proactive),Configuration Error,72,102,18.07,False,0,False,3,Optimized query / cleared lock and restarted affected session; verified data integrity.
INC101836,2026-04-30 10:21,2026-05-09 00:14,Hardware,Workstation Failure,Payment Gateway,P4 - Low,Resolved,L1 Support,A. Rangan,Support Team (Proactive),User Error,72,160,205.89,True,0,True,4,Replaced/reset device; confirmed functioning with end user.
INC100736,2026-04-30 13:46,2026-04-30 15:52,Batch Job Failure,Job Timeout,Order Management System,P2 - High,Resolved,App Dev Team,B. Meena,End User,Infra Failure,8,32,2.1,False,0,False,2,Re-triggered job after correcting input file; added validation check.
INC101246,2026-04-30 14:20,2026-05-01 05:18,Database,Deadlock,Payment Gateway,P3 - Medium,Closed,L3 Engineering,N. Fathima,Batch Job Monitor,Configuration Error,24,46,14.97,False,0,True,4,Optimized query / cleared lock and restarted affected session; verified data integrity.
INC100825,2026-04-30 14:42,2026-04-30 21:07,Batch Job Failure,Job Failed - Data Error,Reporting Dashboard,P3 - Medium,Resolved,L3 Engineering,M. Kumar,Support Team (Proactive),Capacity/Performance,24,12,6.43,False,0,False,5,Re-triggered job after correcting input file; added validation check.
INC100123,2026-04-30 15:11,2026-05-01 07:20,Network,Firewall Block,Auth Service,P3 - Medium,Resolved,L2 Support,V. Prasad,Customer,Configuration Error,24,45,16.15,False,0,False,3,Restarted network service / re-routed traffic; confirmed connectivity restored.
INC100208,2026-04-30 16:07,2026-05-01 12:51,Performance,API Latency,CRM Portal,P3 - Medium,Reopened,L3 Engineering,K. Suresh,Batch Job Monitor,Capacity/Performance,24,46,20.74,False,1,False,1,Tuned query/index or scaled resources; response time back within threshold.
INC101172,2026-04-30 21:40,2026-05-01 11:56,Network,Firewall Block,Auth Service,P3 - Medium,Resolved,L2 Support,J. Antony,Support Team (Proactive),Data Issue,24,60,14.27,False,0,False,4,Restarted network service / re-routed traffic; confirmed connectivity restored.
INC101849,2026-04-30 23:44,2026-05-01 03:32,Application Issue,UI Error,Billing Engine,P3 - Medium,Resolved,App Dev Team,M. Kumar,Monitoring Alert,User Error,24,65,3.81,False,0,False,3,Identified faulty code path; deployed hotfix / config change and validated with user.
INC100360,2026-05-01 08:00,2026-05-01 09:28,Performance,Report Load Timeout,Auth Service,P2 - High,Reopened,L3 Engineering,B. Meena,Monitoring Alert,Code Defect,8,19,1.48,False,1,False,4,Tuned query/index or scaled resources; response time back within threshold.
INC101113,2026-05-01 11:27,2026-05-01 17:06,Integration/API,Payload Mismatch,Billing Engine,P2 - High,Reopened,App Dev Team,M. Kumar,Customer,Capacity/Performance,8,23,5.65,False,1,False,3,Coordinated with third-party vendor / corrected payload mapping; retested integration.
INC101968,2026-05-01 11:29,2026-05-01 12:05,Batch Job Failure,Job Timeout,Reporting Dashboard,P1 - Critical,Resolved,L3 Engineering,J. Antony,Customer,Code Defect,4,15,0.61,False,0,True,3,Re-triggered job after correcting input file; added validation check.
INC101406,2026-05-01 12:17,2026-05-01 14:37,Security,Vulnerability Alert,Inventory System,P2 - High,Resolved,Network Team,T. Divya,Customer,Configuration Error,8,27,2.34,False,0,False,5,"Investigated alert, confirmed false positive / revoked access; updated certificate."
INC100504,2026-05-01 18:27,2026-05-01 23:09,Batch Job Failure,Job Not Triggered,Reporting Dashboard,P3 - Medium,Resolved,L3 Engineering,K. Suresh,Batch Job Monitor,Capacity/Performance,24,76,4.7,False,0,True,4,Re-triggered job after correcting input file; added validation check.
INC100026,2026-05-01 21:47,2026-05-02 05:12,Network,VPN Failure,Billing Engine,P3 - Medium,Resolved,L2 Support,S. Priya,Monitoring Alert,User Error,24,84,7.42,False,0,False,3,Restarted network service / re-routed traffic; confirmed connectivity restored.
INC100354,2026-05-02 12:09,2026-05-02 17:26,Access/Authentication,Permission Denied,CRM Portal,P3 - Medium,Closed,L1 Support,B. Meena,Monitoring Alert,Unknown,24,61,5.29,False,0,False,4,Reset credentials / corrected access role; user confirmed successful login.
INC100115,2026-05-02 12:48,2026-05-03 09:55,Access/Authentication,SSO Error,Core Banking App,P3 - Medium,Resolved,L1 Support,P. Arjun,Support Team (Proactive),Data Issue,24,22,21.13,False,0,False,5,Reset credentials / corrected access role; user confirmed successful login.
INC101417,2026-05-02 13:53,2026-05-09 04:11,Integration/API,Webhook Not Firing,HR Portal,P4 - Low,Resolved,App Dev Team,R. Iyer,End User,User Error,72,201,158.3,True,0,False,1,Coordinated with third-party vendor / corrected payload mapping; retested integration.
INC100273,2026-05-02 17:59,2026-05-02 22:32,Access/Authentication,Permission Denied,Customer Support Portal,P2 - High,Resolved,L1 Support,B. Meena,Support Team (Proactive),Unknown,8,15,4.55,False,0,False,4,Reset credentials / corrected access role; user confirmed successful login.
INC100712,2026-05-02 19:18,2026-05-03 00:13,Network,Latency,HR Portal,P2 - High,Resolved,L2 Support,R. Iyer,Monitoring Alert,Code Defect,8,34,4.93,False,0,False,1,Restarted network service / re-routed traffic; confirmed connectivity restored.
INC100573,2026-05-02 21:10,2026-05-04 02:37,Performance,API Latency,Billing Engine,P4 - Low,Reopened,DBA Team,A. Rangan,Support Team (Proactive),Data Issue,72,274,29.45,False,1,False,5,Tuned query/index or scaled resources; response time back within threshold.
INC102139,2026-05-03 11:48,2026-05-03 13:47,Database,Connection Pool Exhausted,HR Portal,P2 - High,Closed,L3 Engineering,K. Suresh,Support Team (Proactive),Configuration Error,8,28,1.99,False,0,False,4,Optimized query / cleared lock and restarted affected session; verified data integrity.
INC102193,2026-05-03 12:28,2026-05-03 13:40,Network,VPN Failure,Inventory System,P2 - High,Resolved,Network Team,R. Iyer,Batch Job Monitor,Data Issue,8,34,1.21,False,0,False,4,Restarted network service / re-routed traffic; confirmed connectivity restored.
INC100163,2026-05-03 15:05,2026-05-03 21:50,Database,Query Timeout,HR Portal,P3 - Medium,Resolved,DBA Team,V. Prasad,Monitoring Alert,Infra Failure,24,88,6.75,False,0,False,3,Optimized query / cleared lock and restarted affected session; verified data integrity.
INC101027,2026-05-03 16:19,2026-05-04 08:26,Performance,Report Load Timeout,Billing Engine,P4 - Low,Closed,L3 Engineering,V. Prasad,End User,Configuration Error,72,231,16.12,False,0,False,5,Tuned query/index or scaled resources; response time back within threshold.
INC100936,2026-05-03 17:47,2026-05-06 11:24,Hardware,Workstation Failure,Order Management System,P3 - Medium,Resolved,L1 Support,P. Arjun,Batch Job Monitor,Configuration Error,24,111,65.62,True,0,False,3,Replaced/reset device; confirmed functioning with end user.
INC101420,2026-05-03 19:06,2026-05-03 20:55,Integration/API,API Failure,Customer Support Portal,P2 - High,Resolved,L3 Engineering,A. Rangan,End User,Third-Party Outage,8,32,1.83,False,0,False,3,Coordinated with third-party vendor / corrected payload mapping; retested integration.
INC100275,2026-05-03 21:27,2026-05-05 06:42,Access/Authentication,Password Reset,Customer Support Portal,P4 - Low,Resolved,L2 Support,K. Suresh,Customer,Capacity/Performance,72,146,33.25,False,0,False,4,Reset credentials / corrected access role; user confirmed successful login.
INC100318,2026-05-04 01:41,2026-05-04 04:48,Network,Firewall Block,Inventory System,P2 - High,Closed,L2 Support,N. Fathima,Customer,Code Defect,8,32,3.12,False,0,False,4,Restarted network service / re-routed traffic; confirmed connectivity restored.
INC101822,2026-05-04 08:06,2026-05-06 07:16,Performance,Report Load Timeout,Payment Gateway,P3 - Medium,Closed,L3 Engineering,A. Rangan,Customer,Data Issue,24,73,47.18,True,0,False,3,Tuned query/index or scaled resources; response time back within threshold.
INC100535,2026-05-04 08:07,2026-05-04 14:08,Performance,Page Load Delay,CRM Portal,P3 - Medium,Resolved,DBA Team,V. Prasad,Support Team (Proactive),Capacity/Performance,24,100,6.02,False,0,False,1,Tuned query/index or scaled resources; response time back within threshold.
INC101376,2026-05-04 11:15,2026-05-04 21:15,Security,Unauthorized Access Attempt,CRM Portal,P3 - Medium,Resolved,Network Team,P. Arjun,Support Team (Proactive),Code Defect,24,58,10.01,False,0,False,5,"Investigated alert, confirmed false positive / revoked access; updated certificate."
INC101079,2026-05-04 16:17,2026-05-05 20:03,Batch Job Failure,Job Not Triggered,Payment Gateway,P4 - Low,Resolved,App Dev Team,M. Kumar,Customer,Infra Failure,72,225,27.77,False,0,False,5,Re-triggered job after correcting input file; added validation check.
INC102079,2026-05-05 01:35,2026-05-05 03:45,Batch Job Failure,Job Failed - Data Error,Reporting Dashboard,P1 - Critical,Resolved,App Dev Team,B. Meena,Customer,User Error,4,9,2.17,False,0,False,4,Re-triggered job after correcting input file; added validation check.
INC101249,2026-05-05 09:13,2026-05-05 19:02,Database,Data Corruption,Order Management System,P3 - Medium,Resolved,DBA Team,M. Kumar,Customer,User Error,24,79,9.83,False,0,True,3,Optimized query / cleared lock and restarted affected session; verified data integrity.
INC101636,2026-05-05 09:59,2026-05-07 00:46,Server/Infra,Server Down,Billing Engine,P4 - Low,Resolved,Network Team,S. Priya,Customer,Unknown,72,253,38.79,False,0,False,2,Freed disk space / restarted service; added monitoring alert to prevent recurrence.
INC102119,2026-05-05 10:20,2026-05-05 16:29,Access/Authentication,Permission Denied,Billing Engine,P3 - Medium,Resolved,L1 Support,S. Priya,Customer,Code Defect,24,89,6.16,False,0,False,5,Reset credentials / corrected access role; user confirmed successful login.
INC102054,2026-05-05 11:13,2026-05-05 17:22,Security,Certificate Expiry,HR Portal,P3 - Medium,Resolved,Network Team,K. Suresh,Customer,Data Issue,24,6,6.16,False,0,False,5,"Investigated alert, confirmed false positive / revoked access; updated certificate."
INC101792,2026-05-05 11:27,2026-05-05 13:36,Hardware,Peripheral Not Detected,CRM Portal,P2 - High,Resolved,L1 Support,L. Chitra,Customer,Code Defect,8,35,2.16,False,0,False,5,Replaced/reset device; confirmed functioning with end user.
INC101919,2026-05-05 14:14,2026-05-05 19:17,Hardware,Workstation Failure,Customer Support Portal,P2 - High,Resolved,L1 Support,V. Prasad,Support Team (Proactive),Data Issue,8,30,5.05,False,0,True,5,Replaced/reset device; confirmed functioning with end user.
INC100495,2026-05-05 14:25,2026-05-08 21:15,Performance,Report Load Timeout,Auth Service,P3 - Medium,Resolved,DBA Team,M. Kumar,Customer,Code Defect,24,61,78.84,True,0,False,3,Tuned query/index or scaled resources; response time back within threshold.
INC101319,2026-05-05 14:54,2026-05-05 16:13,Performance,Slow Response Time,Inventory System,P1 - Critical,Resolved,DBA Team,N. Fathima,Monitoring Alert,Infra Failure,4,25,1.32,False,0,False,4,Tuned query/index or scaled resources; response time back within threshold.
INC101719,2026-05-05 19:40,2026-05-06 00:46,Server/Infra,Disk Space Full,Auth Service,P2 - High,Resolved,Network Team,S. Priya,Customer,Data Issue,8,19,5.1,False,0,False,5,Freed disk space / restarted service; added monitoring alert to prevent recurrence.
INC100050,2026-05-06 07:29,2026-05-07 02:12,Hardware,Workstation Failure,Billing Engine,P3 - Medium,Resolved,L1 Support,S. Priya,Batch Job Monitor,Capacity/Performance,24,62,18.72,False,0,False,1,Replaced/reset device; confirmed functioning with end user.
INC100134,2026-05-06 09:00,2026-05-06 11:49,Hardware,Device Offline,Customer Support Portal,P1 - Critical,Resolved,L1 Support,J. Antony,Batch Job Monitor,Code Defect,4,11,2.83,False,0,False,5,Replaced/reset device; confirmed functioning with end user.
INC100382,2026-05-06 09:12,2026-05-12 01:33,Database,Query Timeout,Customer Support Portal,P4 - Low,Resolved,DBA Team,N. Fathima,End User,User Error,72,226,136.35,True,0,True,1,Optimized query / cleared lock and restarted affected session; verified data integrity.
INC101494,2026-05-06 12:36,2026-05-07 23:42,Database,Deadlock,Reporting Dashboard,P3 - Medium,Reopened,L3 Engineering,T. Divya,End User,Unknown,24,31,35.1,True,1,True,3,Optimized query / cleared lock and restarted affected session; verified data integrity.
INC102132,2026-05-06 14:48,2026-05-08 06:40,Application Issue,Application Crash,Order Management System,P4 - Low,Resolved,L2 Support,R. Iyer,Batch Job Monitor,Data Issue,72,147,39.88,False,0,True,4,Identified faulty code path; deployed hotfix / config change and validated with user.
INC101178,2026-05-06 16:03,2026-05-07 09:46,Database,Query Timeout,Inventory System,P3 - Medium,Resolved,DBA Team,R. Iyer,Batch Job Monitor,Capacity/Performance,24,83,17.72,False,0,False,4,Optimized query / cleared lock and restarted affected session; verified data integrity.
INC101990,2026-05-06 18:05,2026-05-06 20:51,Integration/API,Third-Party Timeout,CRM Portal,P2 - High,Reopened,L3 Engineering,K. Suresh,Batch Job Monitor,Third-Party Outage,8,37,2.78,False,1,False,1,Coordinated with third-party vendor / corrected payload mapping; retested integration.
INC100846,2026-05-06 18:29,2026-05-07 01:59,Hardware,Peripheral Not Detected,Billing Engine,P2 - High,Resolved,L1 Support,R. Iyer,End User,Capacity/Performance,8,41,7.5,False,0,False,3,Replaced/reset device; confirmed functioning with end user.
INC101306,2026-05-07 02:11,2026-05-07 14:03,Application Issue,Feature Not Working,CRM Portal,P4 - Low,Resolved,App Dev Team,M. Kumar,Batch Job Monitor,Data Issue,72,113,11.87,False,0,False,5,Identified faulty code path; deployed hotfix / config change and validated with user.
INC101138,2026-05-07 09:51,2026-05-08 03:34,Server/Infra,CPU Spike,Billing Engine,P3 - Medium,Closed,Network Team,L. Chitra,Batch Job Monitor,Infra Failure,24,22,17.72,False,0,True,3,Freed disk space / restarted service; added monitoring alert to prevent recurrence.
INC102152,2026-05-07 10:51,2026-05-07 12:40,Network,VPN Failure,Customer Support Portal,P1 - Critical,Closed,L2 Support,M. Kumar,Customer,Infra Failure,4,2,1.82,False,0,True,4,Restarted network service / re-routed traffic; confirmed connectivity restored.
INC101389,2026-05-08 09:01,2026-05-09 06:31,Network,Latency,HR Portal,P3 - Medium,Resolved,Network Team,K. Suresh,End User,Infra Failure,24,18,21.51,False,0,False,5,Restarted network service / re-routed traffic; confirmed connectivity restored.
INC100427,2026-05-08 09:33,2026-05-08 21:45,Application Issue,Data Mismatch,Customer Support Portal,P3 - Medium,Resolved,L2 Support,R. Iyer,Customer,Unknown,24,84,12.21,False,0,False,3,Identified faulty code path; deployed hotfix / config change and validated with user.
INC101830,2026-05-08 10:45,2026-05-10 08:51,Security,Vulnerability Alert,Payment Gateway,P4 - Low,Resolved,L3 Engineering,M. Kumar,Support Team (Proactive),Third-Party Outage,72,162,46.11,False,0,False,4,"Investigated alert, confirmed false positive / revoked access; updated certificate."
INC102173,2026-05-08 11:51,2026-05-10 15:38,Database,Data Corruption,Reporting Dashboard,P4 - Low,Resolved,L3 Engineering,T. Divya,Monitoring Alert,Unknown,72,121,51.79,False,0,True,3,Optimized query / cleared lock and restarted affected session; verified data integrity.
INC101694,2026-05-08 13:49,2026-05-09 02:30,Access/Authentication,Permission Denied,Core Banking App,P3 - Medium,Resolved,L2 Support,K. Suresh,Customer,Configuration Error,24,70,12.69,False,0,False,5,Reset credentials / corrected access role; user confirmed successful login.
INC100424,2026-05-08 18:23,2026-05-08 20:47,Performance,API Latency,CRM Portal,P2 - High,Resolved,L3 Engineering,K. Suresh,End User,Code Defect,8,26,2.4,False,0,False,4,Tuned query/index or scaled resources; response time back within threshold.
INC100843,2026-05-08 20:37,2026-05-09 05:46,Hardware,Workstation Failure,Payment Gateway,P3 - Medium,Resolved,L1 Support,T. Divya,Support Team (Proactive),Configuration Error,24,59,9.15,False,0,False,4,Replaced/reset device; confirmed functioning with end user.
INC100517,2026-05-09 18:11,2026-05-11 17:56,Performance,Slow Response Time,Auth Service,P4 - Low,Closed,DBA Team,P. Arjun,Customer,Third-Party Outage,72,215,47.75,False,0,False,3,Tuned query/index or scaled resources; response time back within threshold.
INC101504,2026-05-09 18:20,2026-05-10 04:21,Access/Authentication,SSO Error,Core Banking App,P3 - Medium,Reopened,L1 Support,J. Antony,End User,Configuration Error,24,121,10.03,False,1,True,1,Reset credentials / corrected access role; user confirmed successful login.
INC101077,2026-05-09 19:23,2026-05-10 15:53,Security,Suspicious Login,Payment Gateway,P3 - Medium,Resolved,L3 Engineering,K. Suresh,Support Team (Proactive),Third-Party Outage,24,44,20.51,False,0,False,4,"Investigated alert, confirmed false positive / revoked access; updated certificate."
INC100977,2026-05-09 20:35,2026-05-09 22:18,Integration/API,Third-Party Timeout,CRM Portal,P1 - Critical,Resolved,L3 Engineering,V. Prasad,Support Team (Proactive),Configuration Error,4,10,1.72,False,0,False,4,Coordinated with third-party vendor / corrected payload mapping; retested integration.
INC101185,2026-05-10 02:17,2026-05-12 14:42,Batch Job Failure,Job Timeout,Core Banking App,P4 - Low,Reopened,App Dev Team,S. Priya,Customer,Unknown,72,118,60.42,False,1,False,3,Re-triggered job after correcting input file; added validation check.
INC100097,2026-05-10 11:54,2026-05-10 15:01,Database,Data Corruption,Inventory System,P2 - High,Resolved,DBA Team,P. Arjun,Batch Job Monitor,Third-Party Outage,8,21,3.12,False,0,False,5,Optimized query / cleared lock and restarted affected session; verified data integrity.
INC100347,2026-05-10 15:54,2026-05-11 05:52,Database,Deadlock,Inventory System,P1 - Critical,Resolved,DBA Team,B. Meena,Support Team (Proactive),Third-Party Outage,4,9,13.97,True,0,False,2,Optimized query / cleared lock and restarted affected session; verified data integrity.
INC101988,2026-05-10 17:07,2026-05-11 07:40,Database,Deadlock,Auth Service,P3 - Medium,Resolved,DBA Team,R. Iyer,Batch Job Monitor,Configuration Error,24,78,14.56,False,0,False,3,Optimized query / cleared lock and restarted affected session; verified data integrity.
INC100816,2026-05-10 20:05,2026-05-11 13:58,Security,Vulnerability Alert,CRM Portal,P3 - Medium,Resolved,L3 Engineering,K. Suresh,Monitoring Alert,Code Defect,24,65,17.89,False,0,False,4,"Investigated alert, confirmed false positive / revoked access; updated certificate."
INC100764,2026-05-10 21:08,2026-05-11 11:05,Performance,Report Load Timeout,HR Portal,P3 - Medium,Resolved,DBA Team,T. Divya,Monitoring Alert,Capacity/Performance,24,51,13.96,False,0,True,4,Tuned query/index or scaled resources; response time back within threshold.
INC100455,2026-05-11 01:17,2026-05-11 04:02,Integration/API,Webhook Not Firing,Auth Service,P1 - Critical,Resolved,App Dev Team,R. Iyer,Support Team (Proactive),Unknown,4,13,2.75,False,0,False,3,Coordinated with third-party vendor / corrected payload mapping; retested integration.
INC100377,2026-05-11 02:38,2026-05-11 09:21,Batch Job Failure,Duplicate Run,HR Portal,P3 - Medium,Resolved,L3 Engineering,L. Chitra,End User,Third-Party Outage,24,28,6.73,False,0,False,4,Re-triggered job after correcting input file; added validation check.
INC101942,2026-05-11 13:55,2026-05-12 11:13,Batch Job Failure,Job Not Triggered,HR Portal,P3 - Medium,Closed,L3 Engineering,B. Meena,Customer,Unknown,24,75,21.3,False,0,False,3,Re-triggered job after correcting input file; added validation check.
INC101349,2026-05-11 16:13,2026-05-11 19:53,Server/Infra,Disk Space Full,Customer Support Portal,P3 - Medium,Resolved,L3 Engineering,V. Prasad,Customer,User Error,24,59,3.67,False,0,False,2,Freed disk space / restarted service; added monitoring alert to prevent recurrence.
INC100376,2026-05-11 16:14,2026-05-11 23:14,Application Issue,UI Error,HR Portal,P2 - High,Resolved,App Dev Team,S. Priya,Batch Job Monitor,Capacity/Performance,8,42,7.0,False,0,False,2,Identified faulty code path; deployed hotfix / config change and validated with user.
INC101615,2026-05-11 16:46,2026-05-11 20:21,Server/Infra,Server Down,Reporting Dashboard,P2 - High,Closed,Network Team,B. Meena,Batch Job Monitor,Code Defect,8,18,3.59,False,0,False,2,Freed disk space / restarted service; added monitoring alert to prevent recurrence.
INC100868,2026-05-11 19:29,2026-05-14 06:24,Batch Job Failure,Job Not Triggered,HR Portal,P4 - Low,Resolved,L3 Engineering,P. Arjun,Batch Job Monitor,Infra Failure,72,136,58.92,False,0,False,5,Re-triggered job after correcting input file; added validation check.
INC101089,2026-05-11 19:43,2026-05-12 10:16,Security,Suspicious Login,Auth Service,P3 - Medium,Resolved,Network Team,P. Arjun,Monitoring Alert,User Error,24,91,14.56,False,0,False,3,"Investigated alert, confirmed false positive / revoked access; updated certificate."
INC101101,2026-05-12 01:12,2026-05-12 08:22,Database,Deadlock,Reporting Dashboard,P3 - Medium,Closed,L3 Engineering,L. Chitra,Monitoring Alert,Capacity/Performance,24,77,7.18,False,0,False,5,Optimized query / cleared lock and restarted affected session; verified data integrity.
INC100720,2026-05-12 10:48,2026-05-12 12:42,Performance,API Latency,Inventory System,P2 - High,Resolved,DBA Team,P. Arjun,Support Team (Proactive),Infra Failure,8,21,1.9,False,0,False,4,Tuned query/index or scaled resources; response time back within threshold.
INC101490,2026-05-12 11:42,2026-05-15 08:43,Hardware,Workstation Failure,Order Management System,P3 - Medium,Resolved,L1 Support,J. Antony,Support Team (Proactive),Third-Party Outage,24,27,69.02,True,0,False,4,Replaced/reset device; confirmed functioning with end user.
INC100766,2026-05-12 14:05,2026-05-12 21:11,Database,Data Corruption,Auth Service,P3 - Medium,Resolved,L3 Engineering,V. Prasad,Customer,Infra Failure,24,41,7.11,False,0,False,3,Optimized query / cleared lock and restarted affected session; verified data integrity.
INC100392,2026-05-12 15:39,2026-05-13 06:27,Batch Job Failure,Job Not Triggered,Core Banking App,P3 - Medium,Closed,App Dev Team,M. Kumar,Batch Job Monitor,Third-Party Outage,24,29,14.81,False,0,False,4,Re-triggered job after correcting input file; added validation check.
INC100409,2026-05-12 15:54,2026-05-13 16:15,Server/Infra,CPU Spike,HR Portal,P4 - Low,Resolved,L3 Engineering,V. Prasad,Monitoring Alert,Capacity/Performance,72,184,24.36,False,0,False,3,Freed disk space / restarted service; added monitoring alert to prevent recurrence.
INC101565,2026-05-12 16:49,2026-05-13 05:14,Batch Job Failure,Job Not Triggered,Order Management System,P3 - Medium,Resolved,L3 Engineering,J. Antony,Batch Job Monitor,Infra Failure,24,20,12.43,False,0,True,5,Re-triggered job after correcting input file; added validation check.
INC101874,2026-05-12 17:22,2026-05-16 00:50,Performance,Report Load Timeout,HR Portal,P3 - Medium,Reopened,L3 Engineering,V. Prasad,Customer,Configuration Error,24,62,79.48,True,1,False,2,Tuned query/index or scaled resources; response time back within threshold.
INC100847,2026-05-12 17:37,2026-05-13 06:32,Access/Authentication,Permission Denied,Core Banking App,P2 - High,Resolved,L2 Support,P. Arjun,Customer,Configuration Error,8,15,12.93,True,0,True,4,Reset credentials / corrected access role; user confirmed successful login.
INC101991,2026-05-12 18:09,2026-05-12 19:52,Integration/API,Webhook Not Firing,HR Portal,P1 - Critical,Resolved,App Dev Team,L. Chitra,Monitoring Alert,Capacity/Performance,4,4,1.73,False,0,False,5,Coordinated with third-party vendor / corrected payload mapping; retested integration.
INC102080,2026-05-12 18:35,2026-05-14 06:12,Hardware,Device Offline,Inventory System,P4 - Low,Resolved,L1 Support,R. Iyer,Batch Job Monitor,Infra Failure,72,235,35.63,False,0,False,4,Replaced/reset device; confirmed functioning with end user.
INC101482,2026-05-12 19:26,2026-05-13 02:19,Performance,API Latency,Customer Support Portal,P2 - High,Closed,L3 Engineering,R. Iyer,Customer,Third-Party Outage,8,24,6.89,False,0,False,5,Tuned query/index or scaled resources; response time back within threshold.
INC102141,2026-05-12 19:36,2026-05-13 01:54,Database,Connection Pool Exhausted,Core Banking App,P2 - High,Resolved,DBA Team,N. Fathima,Batch Job Monitor,Configuration Error,8,23,6.3,False,0,False,4,Optimized query / cleared lock and restarted affected session; verified data integrity.
INC102088,2026-05-12 19:48,2026-05-15 11:18,Application Issue,Feature Not Working,CRM Portal,P4 - Low,Resolved,L2 Support,K. Suresh,Support Team (Proactive),Unknown,72,125,63.51,False,0,False,5,Identified faulty code path; deployed hotfix / config change and validated with user.
INC101012,2026-05-12 20:15,2026-05-16 04:26,Network,Firewall Block,Customer Support Portal,P3 - Medium,Resolved,Network Team,T. Divya,Customer,Third-Party Outage,24,71,80.19,True,0,False,4,Restarted network service / re-routed traffic; confirmed connectivity restored.
INC100897,2026-05-13 10:25,2026-05-13 18:26,Security,Certificate Expiry,CRM Portal,P3 - Medium,Resolved,Network Team,P. Arjun,Support Team (Proactive),Configuration Error,24,77,8.03,False,0,True,2,"Investigated alert, confirmed false positive / revoked access; updated certificate."
INC100285,2026-05-13 11:39,2026-05-13 15:51,Access/Authentication,SSO Error,Reporting Dashboard,P3 - Medium,Resolved,L1 Support,S. Priya,Support Team (Proactive),Configuration Error,24,114,4.2,False,0,True,3,Reset credentials / corrected access role; user confirmed successful login.
INC101004,2026-05-13 12:50,2026-05-14 08:03,Security,Unauthorized Access Attempt,Payment Gateway,P3 - Medium,Resolved,Network Team,N. Fathima,Support Team (Proactive),Unknown,24,53,19.22,False,0,False,4,"Investigated alert, confirmed false positive / revoked access; updated certificate."
INC102127,2026-05-13 14:10,2026-05-13 15:26,Integration/API,Payload Mismatch,CRM Portal,P2 - High,Resolved,App Dev Team,B. Meena,End User,Configuration Error,8,32,1.27,False,0,True,5,Coordinated with third-party vendor / corrected payload mapping; retested integration.
INC100955,2026-05-13 15:33,2026-05-14 01:51,Network,VPN Failure,Core Banking App,P3 - Medium,Resolved,L2 Support,J. Antony,Monitoring Alert,Configuration Error,24,52,10.31,False,0,False,3,Restarted network service / re-routed traffic; confirmed connectivity restored.
INC101225,2026-05-13 15:48,2026-05-15 02:43,Batch Job Failure,Job Failed - Data Error,HR Portal,P4 - Low,Resolved,L3 Engineering,V. Prasad,End User,User Error,72,94,34.93,False,0,False,4,Re-triggered job after correcting input file; added validation check.
INC101658,2026-05-13 16:42,2026-05-16 04:32,Network,VPN Failure,Reporting Dashboard,P3 - Medium,Resolved,Network Team,B. Meena,Monitoring Alert,Code Defect,24,59,59.84,True,0,True,4,Restarted network service / re-routed traffic; confirmed connectivity restored.
INC101112,2026-05-13 20:42,2026-05-14 11:10,Database,Deadlock,Order Management System,P3 - Medium,Resolved,DBA Team,L. Chitra,Customer,Capacity/Performance,24,55,14.48,False,0,False,2,Optimized query / cleared lock and restarted affected session; verified data integrity.
INC100996,2026-05-13 21:40,2026-05-14 09:25,Integration/API,Third-Party Timeout,HR Portal,P3 - Medium,Resolved,App Dev Team,T. Divya,Customer,Third-Party Outage,24,14,11.76,False,0,False,3,Coordinated with third-party vendor / corrected payload mapping; retested integration.
INC101640,2026-05-14 08:55,2026-05-17 04:20,Batch Job Failure,Job Timeout,HR Portal,P4 - Low,Closed,L3 Engineering,J. Antony,End User,User Error,72,265,67.43,False,0,True,3,Re-triggered job after correcting input file; added validation check.
INC100089,2026-05-14 09:40,2026-05-14 14:54,Hardware,Workstation Failure,HR Portal,P3 - Medium,Reopened,L1 Support,A. Rangan,Support Team (Proactive),Third-Party Outage,24,61,5.24,False,1,False,1,Replaced/reset device; confirmed functioning with end user.
INC100166,2026-05-14 10:33,2026-05-15 07:18,Application Issue,Feature Not Working,CRM Portal,P4 - Low,Resolved,App Dev Team,B. Meena,Customer,Third-Party Outage,72,119,20.75,False,0,True,5,Identified faulty code path; deployed hotfix / config change and validated with user.
INC102008,2026-05-14 11:04,2026-05-14 18:52,Application Issue,Data Mismatch,CRM Portal,P3 - Medium,Resolved,App Dev Team,L. Chitra,End User,Code Defect,24,19,7.8,False,0,False,5,Identified faulty code path; deployed hotfix / config change and validated with user.
INC102072,2026-05-14 13:02,2026-05-14 14:26,Application Issue,Data Mismatch,Auth Service,P2 - High,Resolved,L2 Support,R. Iyer,Monitoring Alert,Data Issue,8,14,1.4,False,0,False,4,Identified faulty code path; deployed hotfix / config change and validated with user.
INC101723,2026-05-14 14:20,2026-05-16 10:22,Batch Job Failure,Job Timeout,Auth Service,P4 - Low,Resolved,App Dev Team,N. Fathima,Support Team (Proactive),Unknown,72,201,44.04,False,0,False,1,Re-triggered job after correcting input file; added validation check.
INC100278,2026-05-14 14:44,2026-05-14 17:05,Application Issue,Feature Not Working,CRM Portal,P2 - High,Closed,L2 Support,R. Iyer,Customer,Configuration Error,8,32,2.36,False,0,False,4,Identified faulty code path; deployed hotfix / config change and validated with user.
INC101441,2026-05-14 15:00,2026-05-14 20:02,Network,DNS Issue,Inventory System,P2 - High,Resolved,Network Team,K. Suresh,Monitoring Alert,Data Issue,8,17,5.04,False,0,False,5,Restarted network service / re-routed traffic; confirmed connectivity restored.
INC101170,2026-05-14 15:19,2026-05-14 20:46,Hardware,Peripheral Not Detected,Reporting Dashboard,P3 - Medium,Closed,L1 Support,B. Meena,Monitoring Alert,Capacity/Performance,24,46,5.45,False,0,False,3,Replaced/reset device; confirmed functioning with end user.
INC100880,2026-05-15 11:21,2026-05-16 02:18,Hardware,Peripheral Not Detected,Customer Support Portal,P3 - Medium,Resolved,L1 Support,V. Prasad,End User,Unknown,24,32,14.95,False,0,False,5,Replaced/reset device; confirmed functioning with end user.
INC102027,2026-05-15 17:51,2026-05-18 01:30,Database,Data Corruption,Order Management System,P4 - Low,Closed,L3 Engineering,S. Priya,Support Team (Proactive),Code Defect,72,2,55.66,False,0,False,2,Optimized query / cleared lock and restarted affected session; verified data integrity.
INC100473,2026-05-15 19:05,2026-05-16 01:03,Access/Authentication,Password Reset,Payment Gateway,P2 - High,Closed,L2 Support,A. Rangan,Support Team (Proactive),Data Issue,8,17,5.97,False,0,False,5,Reset credentials / corrected access role; user confirmed successful login.
INC100295,2026-05-15 20:08,2026-05-16 04:23,Network,Firewall Block,Inventory System,P3 - Medium,Resolved,L2 Support,P. Arjun,Support Team (Proactive),Data Issue,24,2,8.25,False,0,False,4,Restarted network service / re-routed traffic; confirmed connectivity restored.
INC100576,2026-05-16 03:44,2026-05-17 18:14,Integration/API,Payload Mismatch,Reporting Dashboard,P3 - Medium,Resolved,L3 Engineering,J. Antony,Customer,Third-Party Outage,24,41,38.5,True,0,False,2,Coordinated with third-party vendor / corrected payload mapping; retested integration.
INC101188,2026-05-16 09:18,2026-05-19 00:16,Batch Job Failure,Job Timeout,HR Portal,P4 - Low,Reopened,App Dev Team,L. Chitra,Customer,Data Issue,72,259,62.97,False,1,False,4,Re-triggered job after correcting input file; added validation check.
INC100395,2026-05-16 21:21,2026-05-17 08:40,Network,DNS Issue,Auth Service,P3 - Medium,Resolved,Network Team,N. Fathima,End User,Data Issue,24,58,11.32,False,0,True,5,Restarted network service / re-routed traffic; confirmed connectivity restored.
INC101057,2026-05-17 13:35,2026-05-18 03:54,Batch Job Failure,Job Not Triggered,CRM Portal,P2 - High,Reopened,L3 Engineering,V. Prasad,Support Team (Proactive),Data Issue,8,31,14.33,True,1,False,4,Re-triggered job after correcting input file; added validation check.
INC101972,2026-05-17 14:06,2026-05-17 16:36,Application Issue,Application Crash,Auth Service,P2 - High,Resolved,App Dev Team,L. Chitra,Monitoring Alert,Data Issue,8,27,2.5,False,0,False,4,Identified faulty code path; deployed hotfix / config change and validated with user.
INC100390,2026-05-17 14:51,2026-05-18 23:19,Hardware,Printer Issue,Core Banking App,P4 - Low,Resolved,L1 Support,S. Priya,Customer,Unknown,72,74,32.48,False,0,False,2,Replaced/reset device; confirmed functioning with end user.
INC102183,2026-05-17 15:08,2026-05-18 18:00,Database,Connection Pool Exhausted,Payment Gateway,P2 - High,Resolved,DBA Team,S. Priya,Monitoring Alert,Configuration Error,8,7,26.88,True,0,False,3,Optimized query / cleared lock and restarted affected session; verified data integrity.
INC101994,2026-05-17 19:39,2026-05-17 22:48,Performance,Slow Response Time,CRM Portal,P2 - High,Resolved,L3 Engineering,T. Divya,Customer,Third-Party Outage,8,40,3.16,False,0,True,4,Tuned query/index or scaled resources; response time back within threshold.
INC101011,2026-05-17 20:48,2026-05-18 02:06,Performance,Page Load Delay,Core Banking App,P3 - Medium,Resolved,DBA Team,A. Rangan,Support Team (Proactive),Third-Party Outage,24,61,5.3,False,0,False,3,Tuned query/index or scaled resources; response time back within threshold.
INC102075,2026-05-18 12:40,2026-05-18 17:55,Database,Connection Pool Exhausted,Billing Engine,P2 - High,Resolved,L3 Engineering,M. Kumar,Customer,Data Issue,8,21,5.25,False,0,False,5,Optimized query / cleared lock and restarted affected session; verified data integrity.
INC101360,2026-05-18 13:21,2026-05-19 01:13,Integration/API,Payload Mismatch,Reporting Dashboard,P3 - Medium,Resolved,L3 Engineering,T. Divya,End User,Infra Failure,24,72,11.87,False,0,False,2,Coordinated with third-party vendor / corrected payload mapping; retested integration.
INC100687,2026-05-18 15:49,2026-05-19 08:09,Access/Authentication,Permission Denied,CRM Portal,P3 - Medium,Closed,L1 Support,R. Iyer,Support Team (Proactive),Data Issue,24,89,16.34,False,0,True,2,Reset credentials / corrected access role; user confirmed successful login.
INC100693,2026-05-18 16:00,2026-05-19 02:45,Integration/API,Payload Mismatch,Core Banking App,P3 - Medium,Resolved,L3 Engineering,V. Prasad,Batch Job Monitor,Configuration Error,24,25,10.76,False,0,False,4,Coordinated with third-party vendor / corrected payload mapping; retested integration.
INC100090,2026-05-18 17:35,2026-05-19 08:16,Application Issue,Data Mismatch,Core Banking App,P4 - Low,Resolved,App Dev Team,T. Divya,Batch Job Monitor,Code Defect,72,254,14.69,False,0,True,5,Identified faulty code path; deployed hotfix / config change and validated with user.
INC101536,2026-05-18 18:53,2026-05-19 06:39,Server/Infra,Disk Space Full,CRM Portal,P3 - Medium,Resolved,L3 Engineering,S. Priya,Monitoring Alert,Code Defect,24,19,11.78,False,0,False,3,Freed disk space / restarted service; added monitoring alert to prevent recurrence.
INC100371,2026-05-18 20:18,2026-05-19 15:07,Integration/API,Third-Party Timeout,Billing Engine,P4 - Low,Resolved,App Dev Team,B. Meena,Customer,Third-Party Outage,72,136,18.83,False,0,False,4,Coordinated with third-party vendor / corrected payload mapping; retested integration.
INC100008,2026-05-18 20:19,2026-05-19 23:01,Hardware,Workstation Failure,CRM Portal,P2 - High,Closed,L1 Support,B. Meena,Batch Job Monitor,Unknown,8,30,26.7,True,0,False,4,Replaced/reset device; confirmed functioning with end user.
INC101739,2026-05-18 21:37,2026-05-21 00:53,Integration/API,API Failure,Auth Service,P4 - Low,Reopened,App Dev Team,R. Iyer,Monitoring Alert,Infra Failure,72,62,51.27,False,1,False,4,Coordinated with third-party vendor / corrected payload mapping; retested integration.
INC100796,2026-05-19 00:51,2026-05-19 07:34,Network,VPN Failure,CRM Portal,P2 - High,Resolved,L2 Support,S. Priya,Monitoring Alert,Data Issue,8,25,6.73,False,0,False,1,Restarted network service / re-routed traffic; confirmed connectivity restored.
INC101194,2026-05-19 08:40,2026-05-19 23:19,Access/Authentication,SSO Error,Customer Support Portal,P3 - Medium,Resolved,L1 Support,B. Meena,Batch Job Monitor,Data Issue,24,110,14.65,False,0,False,2,Reset credentials / corrected access role; user confirmed successful login.
INC101156,2026-05-19 12:22,2026-05-20 01:13,Network,Firewall Block,Payment Gateway,P3 - Medium,Resolved,L2 Support,T. Divya,End User,Capacity/Performance,24,23,12.86,False,0,False,5,Restarted network service / re-routed traffic; confirmed connectivity restored.
INC101141,2026-05-19 14:00,2026-05-20 01:51,Access/Authentication,Permission Denied,CRM Portal,P1 - Critical,Resolved,L1 Support,T. Divya,Support Team (Proactive),Capacity/Performance,4,12,11.85,True,0,False,4,Reset credentials / corrected access role; user confirmed successful login.
INC100999,2026-05-19 16:06,2026-05-20 01:27,Server/Infra,Disk Space Full,Order Management System,P3 - Medium,Closed,Network Team,S. Priya,End User,User Error,24,41,9.36,False,0,False,3,Freed disk space / restarted service; added monitoring alert to prevent recurrence.
INC100713,2026-05-19 17:25,2026-05-21 10:28,Integration/API,Webhook Not Firing,CRM Portal,P4 - Low,Resolved,L3 Engineering,J. Antony,Batch Job Monitor,Capacity/Performance,72,235,41.05,False,0,True,5,Coordinated with third-party vendor / corrected payload mapping; retested integration.
INC100498,2026-05-19 19:44,2026-05-20 06:16,Batch Job Failure,Job Timeout,Auth Service,P3 - Medium,Resolved,App Dev Team,K. Suresh,Customer,Code Defect,24,80,10.54,False,0,False,2,Re-triggered job after correcting input file; added validation check.
INC102159,2026-05-20 09:25,2026-05-20 22:19,Server/Infra,CPU Spike,Auth Service,P2 - High,Resolved,L3 Engineering,S. Priya,Support Team (Proactive),Unknown,8,18,12.9,True,0,False,2,Freed disk space / restarted service; added monitoring alert to prevent recurrence.
INC101309,2026-05-20 10:22,2026-05-21 21:49,Security,Unauthorized Access Attempt,Order Management System,P4 - Low,Resolved,L3 Engineering,R. Iyer,Customer,Capacity/Performance,72,207,35.45,False,0,False,5,"Investigated alert, confirmed false positive / revoked access; updated certificate."
INC100264,2026-05-20 12:48,2026-05-20 15:36,Security,Certificate Expiry,Auth Service,P1 - Critical,Resolved,L3 Engineering,J. Antony,End User,Third-Party Outage,4,15,2.8,False,0,False,5,"Investigated alert, confirmed false positive / revoked access; updated certificate."
INC102077,2026-05-20 21:22,2026-05-22 06:40,Performance,Page Load Delay,Inventory System,P4 - Low,Resolved,L3 Engineering,T. Divya,Batch Job Monitor,Configuration Error,72,171,33.3,False,0,False,4,Tuned query/index or scaled resources; response time back within threshold.
INC100967,2026-05-21 02:59,2026-05-24 06:04,Database,Data Corruption,CRM Portal,P3 - Medium,Resolved,DBA Team,K. Suresh,Support Team (Proactive),Third-Party Outage,24,43,75.09,True,0,False,2,Optimized query / cleared lock and restarted affected session; verified data integrity.
INC101626,2026-05-21 10:34,2026-05-25 13:18,Access/Authentication,Permission Denied,HR Portal,P4 - Low,Resolved,L2 Support,P. Arjun,Monitoring Alert,Infra Failure,72,146,98.74,True,0,False,2,Reset credentials / corrected access role; user confirmed successful login.
INC100463,2026-05-21 11:19,2026-05-22 01:17,Security,Certificate Expiry,HR Portal,P2 - High,Closed,L3 Engineering,R. Iyer,Batch Job Monitor,Code Defect,8,10,13.97,True,0,True,3,"Investigated alert, confirmed false positive / revoked access; updated certificate."
INC100472,2026-05-21 15:28,2026-05-21 23:33,Integration/API,Payload Mismatch,Inventory System,P3 - Medium,Resolved,L3 Engineering,R. Iyer,Customer,Code Defect,24,70,8.09,False,0,True,4,Coordinated with third-party vendor / corrected payload mapping; retested integration.
INC101938,2026-05-21 15:46,2026-05-30 03:31,Security,Vulnerability Alert,HR Portal,P4 - Low,Resolved,L3 Engineering,V. Prasad,End User,Third-Party Outage,72,55,203.75,True,0,False,3,"Investigated alert, confirmed false positive / revoked access; updated certificate."
INC101606,2026-05-21 20:25,2026-05-22 01:15,Application Issue,Data Mismatch,Core Banking App,P3 - Medium,Resolved,App Dev Team,T. Divya,End User,Configuration Error,24,67,4.84,False,0,False,4,Identified faulty code path; deployed hotfix / config change and validated with user.
INC100108,2026-05-22 18:20,2026-05-23 22:24,Network,Firewall Block,HR Portal,P4 - Low,Closed,L2 Support,J. Antony,Support Team (Proactive),Unknown,72,179,28.07,False,0,False,4,Restarted network service / re-routed traffic; confirmed connectivity restored.
INC102092,2026-05-22 18:40,2026-05-23 07:49,Security,Unauthorized Access Attempt,HR Portal,P1 - Critical,Resolved,L3 Engineering,A. Rangan,Batch Job Monitor,Data Issue,4,12,13.15,True,0,False,3,"Investigated alert, confirmed false positive / revoked access; updated certificate."
INC101833,2026-05-22 20:05,2026-05-22 23:26,Application Issue,UI Error,Core Banking App,P2 - High,Resolved,App Dev Team,J. Antony,End User,Infra Failure,8,19,3.36,False,0,False,3,Identified faulty code path; deployed hotfix / config change and validated with user.
INC101890,2026-05-23 10:41,2026-05-24 17:17,Application Issue,UI Error,Billing Engine,P4 - Low,Resolved,App Dev Team,M. Kumar,Batch Job Monitor,Infra Failure,72,219,30.6,False,0,False,5,Identified faulty code path; deployed hotfix / config change and validated with user.
INC102005,2026-05-23 11:13,2026-05-24 04:46,Database,Connection Pool Exhausted,Customer Support Portal,P3 - Medium,Resolved,DBA Team,K. Suresh,Batch Job Monitor,Infra Failure,24,6,17.56,False,0,False,5,Optimized query / cleared lock and restarted affected session; verified data integrity.
INC101735,2026-05-23 11:18,2026-05-24 04:55,Database,Query Timeout,Reporting Dashboard,P3 - Medium,Closed,DBA Team,P. Arjun,Support Team (Proactive),Capacity/Performance,24,10,17.63,False,0,False,3,Optimized query / cleared lock and restarted affected session; verified data integrity.
INC101929,2026-05-23 11:29,2026-05-25 03:53,Server/Infra,Memory Leak,Reporting Dashboard,P4 - Low,Resolved,Network Team,L. Chitra,End User,User Error,72,252,40.41,False,0,False,3,Freed disk space / restarted service; added monitoring alert to prevent recurrence.
INC100434,2026-05-23 14:01,2026-05-25 21:18,Integration/API,Webhook Not Firing,Customer Support Portal,P4 - Low,Resolved,App Dev Team,S. Priya,Batch Job Monitor,Third-Party Outage,72,91,55.29,False,0,True,4,Coordinated with third-party vendor / corrected payload mapping; retested integration.
INC100734,2026-05-23 21:13,2026-05-24 16:10,Database,Data Corruption,Reporting Dashboard,P3 - Medium,Resolved,L3 Engineering,V. Prasad,Monitoring Alert,Data Issue,24,69,18.96,False,0,True,4,Optimized query / cleared lock and restarted affected session; verified data integrity.
INC100521,2026-05-24 09:42,2026-05-24 19:58,Hardware,Device Offline,Inventory System,P2 - High,Resolved,L1 Support,J. Antony,Batch Job Monitor,Data Issue,8,19,10.28,True,0,False,4,Replaced/reset device; confirmed functioning with end user.
INC100933,2026-05-24 10:47,2026-05-26 20:42,Network,Firewall Block,Core Banking App,P4 - Low,Closed,Network Team,K. Suresh,End User,Data Issue,72,133,57.93,False,0,False,4,Restarted network service / re-routed traffic; confirmed connectivity restored.
INC101924,2026-05-24 12:55,2026-05-24 20:10,Application Issue,Data Mismatch,HR Portal,P2 - High,Resolved,L2 Support,T. Divya,Customer,Third-Party Outage,8,30,7.26,False,0,False,3,Identified faulty code path; deployed hotfix / config change and validated with user.
INC101473,2026-05-24 13:27,2026-05-24 22:27,Database,Deadlock,Customer Support Portal,P1 - Critical,Closed,L3 Engineering,K. Suresh,End User,Unknown,4,17,9.0,True,0,False,3,Optimized query / cleared lock and restarted affected session; verified data integrity.
INC100627,2026-05-24 16:19,2026-05-25 10:35,Performance,Slow Response Time,Payment Gateway,P3 - Medium,Resolved,DBA Team,R. Iyer,End User,Code Defect,24,50,18.28,False,0,False,4,Tuned query/index or scaled resources; response time back within threshold.
INC101290,2026-05-24 17:47,2026-05-31 21:48,Security,Suspicious Login,CRM Portal,P4 - Low,Resolved,L3 Engineering,N. Fathima,Monitoring Alert,Configuration Error,72,272,172.02,True,0,False,3,"Investigated alert, confirmed false positive / revoked access; updated certificate."
INC101164,2026-05-25 12:00,2026-05-27 17:15,Hardware,Workstation Failure,Core Banking App,P4 - Low,Resolved,L1 Support,N. Fathima,Batch Job Monitor,Data Issue,72,274,53.25,False,0,False,5,Replaced/reset device; confirmed functioning with end user.
INC100029,2026-05-25 12:17,2026-05-26 05:26,Integration/API,API Failure,Order Management System,P3 - Medium,Resolved,L3 Engineering,T. Divya,Batch Job Monitor,Configuration Error,24,71,17.16,False,0,False,4,Coordinated with third-party vendor / corrected payload mapping; retested integration.
INC101519,2026-05-25 16:35,2026-05-26 17:04,Security,Suspicious Login,HR Portal,P4 - Low,Closed,L3 Engineering,A. Rangan,Monitoring Alert,Third-Party Outage,72,100,24.49,False,0,False,4,"Investigated alert, confirmed false positive / revoked access; updated certificate."
INC101182,2026-05-25 17:47,2026-05-25 22:53,Database,Query Timeout,Payment Gateway,P2 - High,Closed,L3 Engineering,L. Chitra,Support Team (Proactive),Unknown,8,44,5.1,False,0,False,5,Optimized query / cleared lock and restarted affected session; verified data integrity.
INC101886,2026-05-26 09:38,2026-05-28 10:18,Performance,Slow Response Time,Payment Gateway,P3 - Medium,Closed,DBA Team,A. Rangan,Batch Job Monitor,Infra Failure,24,54,48.67,True,0,False,2,Tuned query/index or scaled resources; response time back within threshold.
INC100675,2026-05-26 10:56,2026-05-28 05:52,Security,Certificate Expiry,HR Portal,P4 - Low,Resolved,Network Team,V. Prasad,Support Team (Proactive),Unknown,72,53,42.94,False,0,True,4,"Investigated alert, confirmed false positive / revoked access; updated certificate."
INC100322,2026-05-26 13:59,2026-05-26 23:34,Application Issue,UI Error,Core Banking App,P3 - Medium,Closed,L2 Support,J. Antony,Batch Job Monitor,Code Defect,24,9,9.59,False,0,False,4,Identified faulty code path; deployed hotfix / config change and validated with user.
INC100381,2026-05-26 14:11,2026-05-27 01:56,Access/Authentication,Login Failure,Payment Gateway,P3 - Medium,Closed,L1 Support,M. Kumar,Monitoring Alert,Data Issue,24,54,11.76,False,0,True,3,Reset credentials / corrected access role; user confirmed successful login.
INC100922,2026-05-26 19:42,2026-05-27 15:31,Access/Authentication,Permission Denied,Core Banking App,P3 - Medium,Resolved,L1 Support,V. Prasad,Monitoring Alert,Third-Party Outage,24,70,19.82,False,0,False,3,Reset credentials / corrected access role; user confirmed successful login.
INC101769,2026-05-26 20:07,2026-05-30 05:18,Integration/API,API Failure,Auth Service,P3 - Medium,Resolved,L3 Engineering,S. Priya,Batch Job Monitor,Infra Failure,24,86,81.19,True,0,False,2,Coordinated with third-party vendor / corrected payload mapping; retested integration.
INC100486,2026-05-26 20:42,2026-05-27 15:01,Database,Data Corruption,Inventory System,P3 - Medium,Reopened,DBA Team,B. Meena,End User,Code Defect,24,94,18.33,False,1,False,2,Optimized query / cleared lock and restarted affected session; verified data integrity.
INC100697,2026-05-27 09:04,2026-05-27 10:56,Batch Job Failure,Job Not Triggered,Billing Engine,P1 - Critical,Resolved,App Dev Team,V. Prasad,Support Team (Proactive),Configuration Error,4,8,1.88,False,0,False,5,Re-triggered job after correcting input file; added validation check.
INC100739,2026-05-27 10:00,2026-05-28 06:42,Batch Job Failure,Job Failed - Data Error,Payment Gateway,P2 - High,Resolved,App Dev Team,N. Fathima,Customer,Capacity/Performance,8,32,20.7,True,0,False,2,Re-triggered job after correcting input file; added validation check.
INC100401,2026-05-27 10:15,2026-05-28 09:22,Security,Suspicious Login,Reporting Dashboard,P4 - Low,Resolved,L3 Engineering,B. Meena,Customer,Data Issue,72,226,23.13,False,0,False,4,"Investigated alert, confirmed false positive / revoked access; updated certificate."
INC101901,2026-05-27 15:35,2026-05-28 14:02,Integration/API,Third-Party Timeout,Inventory System,P3 - Medium,Resolved,L3 Engineering,A. Rangan,Customer,Code Defect,24,64,22.45,False,0,False,1,Coordinated with third-party vendor / corrected payload mapping; retested integration.
INC101783,2026-05-27 16:21,2026-05-28 15:03,Access/Authentication,SSO Error,HR Portal,P3 - Medium,Closed,L2 Support,R. Iyer,End User,Data Issue,24,57,22.71,False,0,False,4,Reset credentials / corrected access role; user confirmed successful login.
INC101702,2026-05-27 18:14,2026-05-27 23:11,Server/Infra,Disk Space Full,Auth Service,P3 - Medium,Closed,Network Team,S. Priya,Monitoring Alert,Capacity/Performance,24,62,4.96,False,0,False,1,Freed disk space / restarted service; added monitoring alert to prevent recurrence.
INC101855,2026-05-27 19:49,2026-05-28 12:26,Application Issue,Data Mismatch,Order Management System,P3 - Medium,Resolved,App Dev Team,N. Fathima,Customer,Unknown,24,76,16.63,False,0,False,3,Identified faulty code path; deployed hotfix / config change and validated with user.
INC100715,2026-05-27 23:12,2026-05-28 19:33,Batch Job Failure,Job Timeout,Payment Gateway,P3 - Medium,Reopened,L3 Engineering,J. Antony,End User,User Error,24,31,20.35,False,1,False,1,Re-triggered job after correcting input file; added validation check.
INC101318,2026-05-28 14:30,2026-05-30 18:14,Network,DNS Issue,Core Banking App,P4 - Low,Resolved,L2 Support,K. Suresh,Batch Job Monitor,Unknown,72,233,51.74,False,0,False,5,Restarted network service / re-routed traffic; confirmed connectivity restored.
INC100926,2026-05-28 14:56,2026-05-29 08:23,Database,Data Corruption,CRM Portal,P3 - Medium,Closed,DBA Team,S. Priya,End User,Unknown,24,59,17.45,False,0,False,4,Optimized query / cleared lock and restarted affected session; verified data integrity.
INC100440,2026-05-28 17:33,2026-05-28 23:55,Performance,API Latency,Auth Service,P3 - Medium,Resolved,DBA Team,L. Chitra,Customer,Capacity/Performance,24,51,6.37,False,0,True,5,Tuned query/index or scaled resources; response time back within threshold.
INC101551,2026-05-28 18:16,2026-05-31 11:29,Application Issue,Data Mismatch,Reporting Dashboard,P4 - Low,Resolved,App Dev Team,M. Kumar,Batch Job Monitor,Data Issue,72,173,65.22,False,0,False,4,Identified faulty code path; deployed hotfix / config change and validated with user.
INC100530,2026-05-29 09:38,2026-05-29 23:05,Integration/API,Webhook Not Firing,Customer Support Portal,P3 - Medium,Reopened,App Dev Team,M. Kumar,End User,Third-Party Outage,24,38,13.46,False,1,False,3,Coordinated with third-party vendor / corrected payload mapping; retested integration.
INC100339,2026-05-29 10:05,2026-05-31 09:52,Network,Latency,Auth Service,P4 - Low,Closed,L2 Support,K. Suresh,Customer,Infra Failure,72,208,47.79,False,0,False,3,Restarted network service / re-routed traffic; confirmed connectivity restored.
INC100990,2026-05-29 12:12,2026-05-29 12:50,Security,Certificate Expiry,Billing Engine,P1 - Critical,Resolved,Network Team,V. Prasad,Customer,Third-Party Outage,4,18,0.64,False,0,False,5,"Investigated alert, confirmed false positive / revoked access; updated certificate."
INC100124,2026-05-29 12:53,2026-05-30 19:37,Application Issue,UI Error,Inventory System,P4 - Low,Resolved,App Dev Team,J. Antony,Customer,Data Issue,72,83,30.74,False,0,False,5,Identified faulty code path; deployed hotfix / config change and validated with user.
INC100768,2026-05-29 14:24,2026-05-31 05:54,Access/Authentication,Login Failure,Billing Engine,P4 - Low,Resolved,L2 Support,S. Priya,Monitoring Alert,Data Issue,72,192,39.5,False,0,True,5,Reset credentials / corrected access role; user confirmed successful login.
INC101906,2026-05-29 20:26,2026-06-04 03:41,Batch Job Failure,Job Not Triggered,Customer Support Portal,P4 - Low,Resolved,L3 Engineering,B. Meena,Batch Job Monitor,Infra Failure,72,198,127.26,True,0,True,2,Re-triggered job after correcting input file; added validation check.
INC101047,2026-05-29 21:41,2026-05-30 01:44,Integration/API,API Failure,Reporting Dashboard,P3 - Medium,Resolved,L3 Engineering,M. Kumar,Batch Job Monitor,Unknown,24,77,4.05,False,0,False,3,Coordinated with third-party vendor / corrected payload mapping; retested integration.
INC101176,2026-05-30 10:55,2026-05-30 17:48,Database,Deadlock,Customer Support Portal,P2 - High,Closed,DBA Team,V. Prasad,End User,Unknown,8,13,6.89,False,0,False,4,Optimized query / cleared lock and restarted affected session; verified data integrity.
INC100114,2026-05-30 12:03,2026-05-31 10:25,Database,Data Corruption,Inventory System,P3 - Medium,Resolved,DBA Team,P. Arjun,Monitoring Alert,Code Defect,24,44,22.38,False,0,False,5,Optimized query / cleared lock and restarted affected session; verified data integrity.
INC100072,2026-05-30 15:29,2026-05-30 20:02,Batch Job Failure,Job Failed - Data Error,Reporting Dashboard,P3 - Medium,Resolved,App Dev Team,A. Rangan,Monitoring Alert,Infra Failure,24,72,4.56,False,0,False,4,Re-triggered job after correcting input file; added validation check.
INC100601,2026-05-30 17:27,2026-05-31 02:20,Database,Query Timeout,Payment Gateway,P3 - Medium,Closed,DBA Team,S. Priya,End User,Code Defect,24,44,8.89,False,0,False,5,Optimized query / cleared lock and restarted affected session; verified data integrity.
INC100721,2026-05-30 19:19,2026-05-31 01:56,Security,Certificate Expiry,CRM Portal,P3 - Medium,Reopened,L3 Engineering,M. Kumar,Monitoring Alert,Capacity/Performance,24,70,6.62,False,1,False,5,"Investigated alert, confirmed false positive / revoked access; updated certificate."
INC100039,2026-05-30 20:35,2026-05-31 18:26,Batch Job Failure,Job Not Triggered,HR Portal,P3 - Medium,Resolved,L3 Engineering,R. Iyer,Monitoring Alert,Configuration Error,24,56,21.86,False,0,False,3,Re-triggered job after correcting input file; added validation check.
INC100839,2026-05-30 21:08,2026-06-01 20:24,Batch Job Failure,Job Failed - Data Error,Order Management System,P4 - Low,Resolved,App Dev Team,P. Arjun,Customer,Unknown,72,147,47.28,False,0,False,5,Re-triggered job after correcting input file; added validation check.
INC100746,2026-05-31 12:44,2026-06-01 06:45,Hardware,Workstation Failure,Payment Gateway,P3 - Medium,Resolved,L1 Support,P. Arjun,Support Team (Proactive),Data Issue,24,97,18.02,False,0,False,5,Replaced/reset device; confirmed functioning with end user.
INC101180,2026-05-31 14:30,2026-06-01 01:57,Server/Infra,Disk Space Full,Order Management System,P3 - Medium,Resolved,Network Team,M. Kumar,End User,Configuration Error,24,56,11.46,False,0,False,5,Freed disk space / restarted service; added monitoring alert to prevent recurrence.
INC101122,2026-05-31 17:37,2026-06-01 06:24,Access/Authentication,Login Failure,Payment Gateway,P2 - High,Closed,L1 Support,B. Meena,Customer,Infra Failure,8,18,12.79,True,0,False,4,Reset credentials / corrected access role; user confirmed successful login.
INC101487,2026-06-01 00:32,2026-06-03 07:38,Database,Deadlock,Auth Service,P4 - Low,Closed,DBA Team,T. Divya,Support Team (Proactive),User Error,72,208,55.1,False,0,False,5,Optimized query / cleared lock and restarted affected session; verified data integrity.
INC101355,2026-06-01 02:42,2026-06-01 14:41,Database,Connection Pool Exhausted,Customer Support Portal,P3 - Medium,Resolved,L3 Engineering,K. Suresh,Batch Job Monitor,Code Defect,24,69,11.99,False,0,False,5,Optimized query / cleared lock and restarted affected session; verified data integrity.
INC101457,2026-06-01 03:09,2026-06-01 15:12,Application Issue,Data Mismatch,Inventory System,P4 - Low,Resolved,App Dev Team,L. Chitra,Customer,Infra Failure,72,137,12.05,False,0,False,5,Identified faulty code path; deployed hotfix / config change and validated with user.
INC101146,2026-06-01 07:45,2026-06-02 15:58,Network,VPN Failure,Payment Gateway,P4 - Low,Resolved,Network Team,M. Kumar,End User,Infra Failure,72,207,32.23,False,0,False,5,Restarted network service / re-routed traffic; confirmed connectivity restored.
INC100732,2026-06-01 09:49,2026-06-02 21:03,Network,DNS Issue,Reporting Dashboard,P4 - Low,Resolved,L2 Support,K. Suresh,Monitoring Alert,Data Issue,72,109,35.24,False,0,False,5,Restarted network service / re-routed traffic; confirmed connectivity restored.
INC100886,2026-06-01 10:30,2026-06-03 04:42,Security,Vulnerability Alert,Reporting Dashboard,P4 - Low,Resolved,Network Team,T. Divya,Monitoring Alert,Capacity/Performance,72,54,42.21,False,0,False,1,"Investigated alert, confirmed false positive / revoked access; updated certificate."
INC100952,2026-06-01 11:57,2026-06-02 08:24,Integration/API,Payload Mismatch,CRM Portal,P3 - Medium,Closed,App Dev Team,S. Priya,End User,Infra Failure,24,68,20.46,False,0,False,4,Coordinated with third-party vendor / corrected payload mapping; retested integration.
INC101619,2026-06-01 13:49,2026-06-01 20:50,Database,Deadlock,Reporting Dashboard,P2 - High,Resolved,DBA Team,K. Suresh,Support Team (Proactive),Code Defect,8,30,7.03,False,0,False,4,Optimized query / cleared lock and restarted affected session; verified data integrity.
INC100665,2026-06-01 15:01,2026-06-03 10:15,Integration/API,Payload Mismatch,Customer Support Portal,P4 - Low,Resolved,App Dev Team,N. Fathima,Monitoring Alert,Code Defect,72,138,43.24,False,0,False,4,Coordinated with third-party vendor / corrected payload mapping; retested integration.
INC100709,2026-06-01 16:30,2026-06-02 18:25,Application Issue,Feature Not Working,Core Banking App,P4 - Low,Closed,App Dev Team,V. Prasad,Support Team (Proactive),Unknown,72,146,25.92,False,0,True,5,Identified faulty code path; deployed hotfix / config change and validated with user.
INC100637,2026-06-01 18:46,2026-06-01 21:43,Security,Vulnerability Alert,Auth Service,P2 - High,Reopened,L3 Engineering,L. Chitra,Monitoring Alert,Infra Failure,8,31,2.96,False,1,False,4,"Investigated alert, confirmed false positive / revoked access; updated certificate."
INC101612,2026-06-01 19:23,2026-06-02 05:41,Integration/API,Webhook Not Firing,Reporting Dashboard,P3 - Medium,Resolved,App Dev Team,K. Suresh,Monitoring Alert,Third-Party Outage,24,66,10.31,False,0,False,5,Coordinated with third-party vendor / corrected payload mapping; retested integration.
INC101762,2026-06-02 05:57,2026-06-02 13:25,Hardware,Workstation Failure,Order Management System,P2 - High,Resolved,L1 Support,M. Kumar,Support Team (Proactive),Code Defect,8,18,7.48,False,0,False,5,Replaced/reset device; confirmed functioning with end user.
INC100023,2026-06-02 09:07,2026-06-03 07:37,Access/Authentication,Password Reset,HR Portal,P3 - Medium,Resolved,L1 Support,S. Priya,Support Team (Proactive),Capacity/Performance,24,36,22.5,False,0,False,5,Reset credentials / corrected access role; user confirmed successful login.
INC101286,2026-06-02 12:24,2026-06-03 00:19,Network,Firewall Block,Core Banking App,P3 - Medium,Resolved,L2 Support,L. Chitra,Customer,Infra Failure,24,59,11.93,False,0,True,2,Restarted network service / re-routed traffic; confirmed connectivity restored.
INC101500,2026-06-02 15:22,2026-06-03 12:46,Hardware,Workstation Failure,HR Portal,P3 - Medium,Resolved,L1 Support,R. Iyer,Support Team (Proactive),Data Issue,24,83,21.4,False,0,False,5,Replaced/reset device; confirmed functioning with end user.
INC102026,2026-06-02 18:14,2026-06-03 03:06,Security,Unauthorized Access Attempt,CRM Portal,P3 - Medium,Resolved,Network Team,R. Iyer,Support Team (Proactive),Unknown,24,36,8.88,False,0,False,4,"Investigated alert, confirmed false positive / revoked access; updated certificate."
INC101824,2026-06-03 10:19,2026-06-05 16:13,Performance,Slow Response Time,Auth Service,P4 - Low,Closed,L3 Engineering,S. Priya,Support Team (Proactive),Infra Failure,72,213,53.9,False,0,False,4,Tuned query/index or scaled resources; response time back within threshold.
INC100729,2026-06-03 18:21,2026-06-04 01:37,Database,Query Timeout,Customer Support Portal,P3 - Medium,Resolved,DBA Team,J. Antony,Monitoring Alert,Configuration Error,24,35,7.27,False,0,False,5,Optimized query / cleared lock and restarted affected session; verified data integrity.
INC101128,2026-06-04 01:35,2026-06-04 17:44,Batch Job Failure,Job Failed - Data Error,HR Portal,P3 - Medium,Resolved,L3 Engineering,B. Meena,End User,Infra Failure,24,93,16.15,False,0,False,5,Re-triggered job after correcting input file; added validation check.
INC100274,2026-06-04 10:28,2026-06-04 23:04,Access/Authentication,SSO Error,CRM Portal,P3 - Medium,Resolved,L2 Support,A. Rangan,End User,Infra Failure,24,34,12.61,False,0,False,5,Reset credentials / corrected access role; user confirmed successful login.
INC100437,2026-06-04 10:32,2026-06-05 09:05,Hardware,Peripheral Not Detected,CRM Portal,P3 - Medium,Resolved,L1 Support,A. Rangan,Support Team (Proactive),User Error,24,62,22.55,False,0,False,2,Replaced/reset device; confirmed functioning with end user.
INC101975,2026-06-04 17:06,2026-06-05 11:34,Integration/API,Payload Mismatch,Reporting Dashboard,P3 - Medium,Resolved,App Dev Team,T. Divya,Support Team (Proactive),Configuration Error,24,20,18.47,False,0,True,5,Coordinated with third-party vendor / corrected payload mapping; retested integration.
INC102096,2026-06-04 20:56,2026-06-06 18:27,Batch Job Failure,Job Failed - Data Error,Inventory System,P4 - Low,Resolved,L3 Engineering,K. Suresh,Monitoring Alert,Configuration Error,72,90,45.53,False,0,False,2,Re-triggered job after correcting input file; added validation check.
INC101656,2026-06-05 06:12,2026-06-05 23:22,Application Issue,Feature Not Working,Inventory System,P3 - Medium,Resolved,L2 Support,K. Suresh,Support Team (Proactive),Data Issue,24,44,17.18,False,0,True,2,Identified faulty code path; deployed hotfix / config change and validated with user.
INC100284,2026-06-05 09:49,2026-06-06 02:03,Hardware,Device Offline,Core Banking App,P3 - Medium,Resolved,L1 Support,B. Meena,Monitoring Alert,Third-Party Outage,24,36,16.24,False,0,False,4,Replaced/reset device; confirmed functioning with end user.
INC100054,2026-06-05 10:15,2026-06-05 19:36,Access/Authentication,Password Reset,Auth Service,P3 - Medium,Resolved,L1 Support,P. Arjun,End User,Unknown,24,22,9.35,False,0,True,4,Reset credentials / corrected access role; user confirmed successful login.
INC100785,2026-06-05 12:08,2026-06-07 13:15,Batch Job Failure,Job Failed - Data Error,Auth Service,P4 - Low,Resolved,L3 Engineering,N. Fathima,Customer,Unknown,72,256,49.13,False,0,False,4,Re-triggered job after correcting input file; added validation check.
INC100577,2026-06-05 13:54,2026-06-06 07:55,Performance,API Latency,Payment Gateway,P3 - Medium,Reopened,L3 Engineering,S. Priya,End User,Code Defect,24,41,18.03,False,1,False,1,Tuned query/index or scaled resources; response time back within threshold.
INC100860,2026-06-05 17:29,2026-06-08 05:42,Hardware,Peripheral Not Detected,Billing Engine,P4 - Low,Resolved,L1 Support,R. Iyer,Support Team (Proactive),Capacity/Performance,72,208,60.22,False,0,True,2,Replaced/reset device; confirmed functioning with end user.
INC101050,2026-06-05 19:35,2026-06-05 21:41,Network,DNS Issue,Billing Engine,P2 - High,Reopened,L2 Support,M. Kumar,Customer,User Error,8,29,2.1,False,1,False,2,Restarted network service / re-routed traffic; confirmed connectivity restored.
INC102114,2026-06-06 09:07,2026-06-06 14:10,Performance,Report Load Timeout,Auth Service,P2 - High,Closed,L3 Engineering,M. Kumar,Monitoring Alert,Unknown,8,18,5.06,False,0,False,4,Tuned query/index or scaled resources; response time back within threshold.
INC101204,2026-06-06 09:21,2026-06-07 07:17,Integration/API,Payload Mismatch,Core Banking App,P3 - Medium,Resolved,App Dev Team,S. Priya,Customer,Data Issue,24,42,21.94,False,0,False,1,Coordinated with third-party vendor / corrected payload mapping; retested integration.
INC101527,2026-06-06 09:23,2026-06-07 08:24,Batch Job Failure,Duplicate Run,Payment Gateway,P2 - High,Resolved,App Dev Team,J. Antony,Support Team (Proactive),Unknown,8,24,23.02,True,0,False,3,Re-triggered job after correcting input file; added validation check.
INC101904,2026-06-06 12:06,2026-06-06 19:42,Network,Latency,HR Portal,P2 - High,Resolved,Network Team,T. Divya,Support Team (Proactive),User Error,8,18,7.6,False,0,False,5,Restarted network service / re-routed traffic; confirmed connectivity restored.
INC101114,2026-06-06 12:53,2026-06-06 14:17,Server/Infra,Server Down,Billing Engine,P2 - High,Resolved,L3 Engineering,P. Arjun,Customer,Third-Party Outage,8,22,1.4,False,0,False,5,Freed disk space / restarted service; added monitoring alert to prevent recurrence.
INC100379,2026-06-06 14:52,2026-06-07 01:37,Access/Authentication,SSO Error,Reporting Dashboard,P3 - Medium,Resolved,L1 Support,J. Antony,Support Team (Proactive),Third-Party Outage,24,61,10.76,False,0,False,4,Reset credentials / corrected access role; user confirmed successful login.
INC101418,2026-06-06 15:00,2026-06-08 10:09,Access/Authentication,Login Failure,Core Banking App,P4 - Low,Closed,L2 Support,P. Arjun,Monitoring Alert,Code Defect,72,193,43.16,False,0,False,5,Reset credentials / corrected access role; user confirmed successful login.
INC101788,2026-06-06 16:34,2026-06-07 01:54,Network,Firewall Block,Core Banking App,P3 - Medium,Resolved,L2 Support,V. Prasad,End User,Third-Party Outage,24,43,9.34,False,0,False,4,Restarted network service / re-routed traffic; confirmed connectivity restored.
INC100436,2026-06-06 18:41,2026-06-08 03:56,Integration/API,Third-Party Timeout,Auth Service,P4 - Low,Resolved,App Dev Team,R. Iyer,End User,Code Defect,72,182,33.26,False,0,False,5,Coordinated with third-party vendor / corrected payload mapping; retested integration.
INC100883,2026-06-07 00:32,2026-06-07 11:36,Access/Authentication,Login Failure,Billing Engine,P3 - Medium,Closed,L1 Support,J. Antony,Support Team (Proactive),User Error,24,68,11.07,False,0,False,3,Reset credentials / corrected access role; user confirmed successful login.
INC100335,2026-06-07 09:02,2026-06-08 03:02,Security,Unauthorized Access Attempt,Payment Gateway,P3 - Medium,Resolved,L3 Engineering,L. Chitra,End User,Infra Failure,24,56,18.01,False,0,False,4,"Investigated alert, confirmed false positive / revoked access; updated certificate."
INC102014,2026-06-07 10:58,2026-06-07 13:12,Security,Vulnerability Alert,HR Portal,P2 - High,Resolved,L3 Engineering,L. Chitra,Batch Job Monitor,User Error,8,33,2.24,False,0,True,4,"Investigated alert, confirmed false positive / revoked access; updated certificate."
INC100031,2026-06-07 12:31,2026-06-08 02:22,Server/Infra,Server Down,Core Banking App,P3 - Medium,Closed,Network Team,T. Divya,Customer,Infra Failure,24,89,13.86,False,0,False,4,Freed disk space / restarted service; added monitoring alert to prevent recurrence.
INC102108,2026-06-07 12:42,2026-06-07 23:58,Access/Authentication,Permission Denied,Billing Engine,P3 - Medium,Reopened,L1 Support,A. Rangan,Customer,Infra Failure,24,66,11.27,False,1,False,2,Reset credentials / corrected access role; user confirmed successful login.
INC101273,2026-06-07 13:40,2026-06-08 04:17,Batch Job Failure,Job Timeout,Core Banking App,P3 - Medium,Reopened,L3 Engineering,J. Antony,Customer,Unknown,24,87,14.63,False,1,False,4,Re-triggered job after correcting input file; added validation check.
INC102112,2026-06-07 15:55,2026-06-07 21:03,Hardware,Device Offline,Customer Support Portal,P2 - High,Resolved,L1 Support,L. Chitra,Support Team (Proactive),Unknown,8,27,5.14,False,0,False,5,Replaced/reset device; confirmed functioning with end user.
INC100617,2026-06-07 18:43,2026-06-08 07:32,Integration/API,API Failure,Core Banking App,P3 - Medium,Resolved,App Dev Team,M. Kumar,Monitoring Alert,Infra Failure,24,22,12.82,False,0,False,3,Coordinated with third-party vendor / corrected payload mapping; retested integration.
INC100964,2026-06-07 18:59,2026-06-08 05:04,Database,Connection Pool Exhausted,HR Portal,P3 - Medium,Reopened,DBA Team,P. Arjun,Batch Job Monitor,Infra Failure,24,24,10.09,False,1,False,3,Optimized query / cleared lock and restarted affected session; verified data integrity.
INC100239,2026-06-07 19:09,2026-06-08 10:51,Access/Authentication,SSO Error,Core Banking App,P4 - Low,Resolved,L1 Support,S. Priya,End User,Code Defect,72,115,15.7,False,0,False,5,Reset credentials / corrected access role; user confirmed successful login.
INC100121,2026-06-08 06:36,2026-06-08 10:42,Hardware,Workstation Failure,Customer Support Portal,P2 - High,Resolved,L1 Support,S. Priya,Monitoring Alert,Unknown,8,35,4.1,False,0,True,4,Replaced/reset device; confirmed functioning with end user.
INC100669,2026-06-08 09:18,2026-06-10 07:28,Database,Data Corruption,HR Portal,P4 - Low,Resolved,L3 Engineering,B. Meena,Batch Job Monitor,Infra Failure,72,235,46.17,False,0,False,4,Optimized query / cleared lock and restarted affected session; verified data integrity.
INC101801,2026-06-08 10:02,2026-06-08 22:03,Hardware,Printer Issue,Reporting Dashboard,P4 - Low,Resolved,L1 Support,K. Suresh,Customer,User Error,72,205,12.02,False,0,False,4,Replaced/reset device; confirmed functioning with end user.
INC101230,2026-06-08 10:09,2026-06-10 06:03,Database,Connection Pool Exhausted,Auth Service,P4 - Low,Resolved,L3 Engineering,B. Meena,Batch Job Monitor,Infra Failure,72,232,43.91,False,0,False,5,Optimized query / cleared lock and restarted affected session; verified data integrity.
INC101395,2026-06-08 11:47,2026-06-08 14:26,Batch Job Failure,Job Not Triggered,Order Management System,P2 - High,Resolved,L3 Engineering,R. Iyer,Batch Job Monitor,Capacity/Performance,8,18,2.66,False,0,False,4,Re-triggered job after correcting input file; added validation check.
INC100160,2026-06-08 18:54,2026-06-11 07:06,Integration/API,Third-Party Timeout,Core Banking App,P4 - Low,Resolved,App Dev Team,S. Priya,Customer,Code Defect,72,110,60.2,False,0,False,1,Coordinated with third-party vendor / corrected payload mapping; retested integration.
INC100804,2026-06-09 12:31,2026-06-09 17:23,Security,Unauthorized Access Attempt,CRM Portal,P3 - Medium,Resolved,L3 Engineering,P. Arjun,End User,Third-Party Outage,24,64,4.88,False,0,False,4,"Investigated alert, confirmed false positive / revoked access; updated certificate."
INC101953,2026-06-09 13:17,2026-06-09 21:03,Security,Certificate Expiry,Customer Support Portal,P3 - Medium,Closed,L3 Engineering,P. Arjun,End User,User Error,24,76,7.77,False,0,False,4,"Investigated alert, confirmed false positive / revoked access; updated certificate."
INC100241,2026-06-09 17:04,2026-06-09 18:43,Access/Authentication,Login Failure,Order Management System,P2 - High,Resolved,L2 Support,T. Divya,Batch Job Monitor,Infra Failure,8,21,1.65,False,0,False,4,Reset credentials / corrected access role; user confirmed successful login.
INC101220,2026-06-09 19:46,2026-06-10 11:53,Application Issue,Application Crash,Customer Support Portal,P3 - Medium,Resolved,L2 Support,L. Chitra,Support Team (Proactive),Infra Failure,24,109,16.13,False,0,False,4,Identified faulty code path; deployed hotfix / config change and validated with user.
INC101522,2026-06-09 19:46,2026-06-10 12:21,Database,Data Corruption,Auth Service,P3 - Medium,Resolved,DBA Team,V. Prasad,End User,Data Issue,24,61,16.59,False,0,False,4,Optimized query / cleared lock and restarted affected session; verified data integrity.
INC101348,2026-06-10 03:01,2026-06-11 14:43,Application Issue,Data Mismatch,Order Management System,P4 - Low,Resolved,L2 Support,P. Arjun,Monitoring Alert,Infra Failure,72,165,35.71,False,0,False,5,Identified faulty code path; deployed hotfix / config change and validated with user.
INC101949,2026-06-10 10:05,2026-06-12 11:56,Database,Connection Pool Exhausted,CRM Portal,P4 - Low,Resolved,DBA Team,M. Kumar,Customer,User Error,72,274,49.85,False,0,False,3,Optimized query / cleared lock and restarted affected session; verified data integrity.
INC100020,2026-06-10 11:02,2026-06-12 06:05,Access/Authentication,SSO Error,Core Banking App,P4 - Low,Closed,L2 Support,K. Suresh,Monitoring Alert,Configuration Error,72,166,43.05,False,0,False,5,Reset credentials / corrected access role; user confirmed successful login.
INC100902,2026-06-10 11:07,2026-06-10 15:06,Access/Authentication,SSO Error,Payment Gateway,P3 - Medium,Resolved,L2 Support,P. Arjun,Support Team (Proactive),User Error,24,63,3.99,False,0,False,5,Reset credentials / corrected access role; user confirmed successful login.
INC101749,2026-06-10 16:33,2026-06-12 18:54,Access/Authentication,Password Reset,Core Banking App,P4 - Low,Resolved,L2 Support,L. Chitra,Monitoring Alert,Code Defect,72,284,50.35,False,0,True,5,Reset credentials / corrected access role; user confirmed successful login.
INC100101,2026-06-10 19:19,2026-06-10 23:27,Security,Suspicious Login,CRM Portal,P3 - Medium,Resolved,Network Team,M. Kumar,Support Team (Proactive),Third-Party Outage,24,76,4.14,False,0,False,4,"Investigated alert, confirmed false positive / revoked access; updated certificate."
INC100979,2026-06-11 10:25,2026-06-12 03:59,Application Issue,Application Crash,Payment Gateway,P3 - Medium,Reopened,App Dev Team,M. Kumar,End User,Unknown,24,53,17.58,False,1,False,3,Identified faulty code path; deployed hotfix / config change and validated with user.
INC101165,2026-06-11 12:00,2026-06-12 22:01,Network,Firewall Block,Core Banking App,P4 - Low,Resolved,Network Team,A. Rangan,Monitoring Alert,Code Defect,72,130,34.03,False,0,False,5,Restarted network service / re-routed traffic; confirmed connectivity restored.
INC101326,2026-06-11 13:40,2026-06-11 23:45,Application Issue,Data Mismatch,Core Banking App,P3 - Medium,Reopened,L2 Support,V. Prasad,Batch Job Monitor,Infra Failure,24,68,10.09,False,1,False,2,Identified faulty code path; deployed hotfix / config change and validated with user.
INC100582,2026-06-11 14:13,2026-06-11 14:53,Database,Query Timeout,Core Banking App,P1 - Critical,Closed,DBA Team,A. Rangan,Support Team (Proactive),Configuration Error,4,9,0.68,False,0,False,5,Optimized query / cleared lock and restarted affected session; verified data integrity.
INC101262,2026-06-11 14:13,2026-06-11 18:55,Security,Unauthorized Access Attempt,Billing Engine,P2 - High,Resolved,L3 Engineering,A. Rangan,Customer,Code Defect,8,32,4.7,False,0,False,1,"Investigated alert, confirmed false positive / revoked access; updated certificate."
INC101930,2026-06-11 16:15,2026-06-11 20:40,Performance,API Latency,Payment Gateway,P2 - High,Resolved,DBA Team,N. Fathima,Support Team (Proactive),Third-Party Outage,8,15,4.42,False,0,False,4,Tuned query/index or scaled resources; response time back within threshold.
INC101161,2026-06-11 16:19,2026-06-12 05:35,Integration/API,Third-Party Timeout,Billing Engine,P3 - Medium,Resolved,L3 Engineering,V. Prasad,Batch Job Monitor,Configuration Error,24,75,13.28,False,0,False,4,Coordinated with third-party vendor / corrected payload mapping; retested integration.
INC101105,2026-06-11 17:43,2026-06-12 11:47,Hardware,Workstation Failure,Inventory System,P3 - Medium,Resolved,L1 Support,L. Chitra,Batch Job Monitor,User Error,24,65,18.07,False,0,False,3,Replaced/reset device; confirmed functioning with end user.
INC100291,2026-06-11 18:59,2026-06-12 01:22,Security,Certificate Expiry,Inventory System,P2 - High,Resolved,L3 Engineering,M. Kumar,Monitoring Alert,User Error,8,16,6.39,False,0,False,4,"Investigated alert, confirmed false positive / revoked access; updated certificate."
INC100165,2026-06-11 20:38,2026-06-21 15:43,Access/Authentication,Login Failure,HR Portal,P4 - Low,Reopened,L1 Support,J. Antony,Support Team (Proactive),Data Issue,72,179,235.09,True,1,True,3,Reset credentials / corrected access role; user confirmed successful login.
INC101987,2026-06-12 12:02,2026-06-12 18:56,Batch Job Failure,Duplicate Run,Customer Support Portal,P3 - Medium,Resolved,L3 Engineering,T. Divya,Monitoring Alert,Data Issue,24,49,6.9,False,0,False,5,Re-triggered job after correcting input file; added validation check.
INC101955,2026-06-12 12:17,2026-06-12 20:33,Security,Unauthorized Access Attempt,Customer Support Portal,P3 - Medium,Closed,Network Team,S. Priya,Support Team (Proactive),Infra Failure,24,76,8.27,False,0,False,4,"Investigated alert, confirmed false positive / revoked access; updated certificate."
INC100355,2026-06-13 10:33,2026-06-15 21:57,Database,Connection Pool Exhausted,Customer Support Portal,P4 - Low,Closed,DBA Team,N. Fathima,Monitoring Alert,User Error,72,213,59.4,False,0,False,4,Optimized query / cleared lock and restarted affected session; verified data integrity.
INC101489,2026-06-13 10:47,2026-06-16 12:25,Access/Authentication,Password Reset,Billing Engine,P3 - Medium,Resolved,L1 Support,N. Fathima,Customer,Third-Party Outage,24,35,73.64,True,0,True,3,Reset credentials / corrected access role; user confirmed successful login.
INC101097,2026-06-13 11:13,2026-06-14 00:22,Batch Job Failure,Job Not Triggered,CRM Portal,P3 - Medium,Resolved,L3 Engineering,J. Antony,Customer,User Error,24,56,13.16,False,0,False,3,Re-triggered job after correcting input file; added validation check.
INC100476,2026-06-13 11:36,2026-06-14 22:55,Network,DNS Issue,Core Banking App,P4 - Low,Closed,L2 Support,P. Arjun,Batch Job Monitor,Third-Party Outage,72,119,35.32,False,0,False,5,Restarted network service / re-routed traffic; confirmed connectivity restored.
INC100288,2026-06-13 15:47,2026-06-14 08:00,Database,Connection Pool Exhausted,Auth Service,P3 - Medium,Resolved,DBA Team,M. Kumar,Monitoring Alert,Capacity/Performance,24,70,16.22,False,0,False,4,Optimized query / cleared lock and restarted affected session; verified data integrity.
INC101653,2026-06-13 16:00,2026-06-13 18:08,Application Issue,Feature Not Working,Core Banking App,P2 - High,Resolved,L2 Support,J. Antony,Customer,User Error,8,22,2.14,False,0,False,5,Identified faulty code path; deployed hotfix / config change and validated with user.
INC100060,2026-06-13 21:25,2026-06-14 19:04,Application Issue,Feature Not Working,Inventory System,P3 - Medium,Resolved,App Dev Team,P. Arjun,Batch Job Monitor,Capacity/Performance,24,61,21.65,False,0,True,3,Identified faulty code path; deployed hotfix / config change and validated with user.
INC101839,2026-06-14 10:40,2026-06-14 14:57,Network,DNS Issue,Reporting Dashboard,P2 - High,Reopened,Network Team,M. Kumar,End User,Code Defect,8,19,4.29,False,1,False,1,Restarted network service / re-routed traffic; confirmed connectivity restored.
INC101317,2026-06-14 12:08,2026-06-15 09:41,Security,Suspicious Login,Reporting Dashboard,P3 - Medium,Resolved,L3 Engineering,J. Antony,Monitoring Alert,Code Defect,24,90,21.56,False,0,True,4,"Investigated alert, confirmed false positive / revoked access; updated certificate."
INC101480,2026-06-14 12:42,2026-06-16 04:44,Access/Authentication,Permission Denied,Billing Engine,P4 - Low,Resolved,L2 Support,J. Antony,Monitoring Alert,Data Issue,72,227,40.04,False,0,False,4,Reset credentials / corrected access role; user confirmed successful login.
INC101587,2026-06-14 16:47,2026-06-17 02:19,Network,DNS Issue,Customer Support Portal,P4 - Low,Resolved,L2 Support,S. Priya,Monitoring Alert,Third-Party Outage,72,235,57.54,False,0,False,5,Restarted network service / re-routed traffic; confirmed connectivity restored.
INC100758,2026-06-14 17:34,2026-06-14 23:58,Network,Firewall Block,Payment Gateway,P3 - Medium,Resolved,Network Team,S. Priya,End User,Capacity/Performance,24,2,6.4,False,0,True,4,Restarted network service / re-routed traffic; confirmed connectivity restored.
INC101438,2026-06-14 18:57,2026-06-14 22:42,Hardware,Printer Issue,Order Management System,P2 - High,Resolved,L1 Support,J. Antony,Batch Job Monitor,Data Issue,8,26,3.75,False,0,False,4,Replaced/reset device; confirmed functioning with end user.
INC100724,2026-06-14 21:13,2026-06-17 14:14,Security,Unauthorized Access Attempt,Payment Gateway,P4 - Low,Resolved,Network Team,K. Suresh,Monitoring Alert,Third-Party Outage,72,290,65.03,False,0,False,5,"Investigated alert, confirmed false positive / revoked access; updated certificate."
INC101638,2026-06-14 21:35,2026-06-15 07:24,Integration/API,Payload Mismatch,Auth Service,P3 - Medium,Reopened,App Dev Team,A. Rangan,Customer,User Error,24,103,9.83,False,1,False,4,Coordinated with third-party vendor / corrected payload mapping; retested integration.
INC101699,2026-06-15 13:00,2026-06-16 01:15,Batch Job Failure,Job Timeout,Order Management System,P3 - Medium,Resolved,App Dev Team,T. Divya,End User,Unknown,24,85,12.25,False,0,False,4,Re-triggered job after correcting input file; added validation check.
INC101291,2026-06-15 13:15,2026-06-17 10:09,Batch Job Failure,Duplicate Run,Auth Service,P4 - Low,Resolved,App Dev Team,T. Divya,End User,Data Issue,72,158,44.91,False,0,False,2,Re-triggered job after correcting input file; added validation check.
INC100978,2026-06-15 16:08,2026-06-17 23:36,Performance,Report Load Timeout,Core Banking App,P4 - Low,Resolved,DBA Team,M. Kumar,Support Team (Proactive),Configuration Error,72,141,55.47,False,0,False,4,Tuned query/index or scaled resources; response time back within threshold.
INC102174,2026-06-15 16:43,2026-06-17 22:17,Hardware,Peripheral Not Detected,Reporting Dashboard,P4 - Low,Resolved,L1 Support,V. Prasad,Customer,Configuration Error,72,265,53.58,False,0,False,4,Replaced/reset device; confirmed functioning with end user.
INC100061,2026-06-15 18:14,2026-06-16 10:38,Database,Data Corruption,HR Portal,P4 - Low,Closed,L3 Engineering,S. Priya,Monitoring Alert,Code Defect,72,237,16.4,False,0,False,3,Optimized query / cleared lock and restarted affected session; verified data integrity.
INC102109,2026-06-15 19:52,2026-06-16 02:06,Application Issue,Feature Not Working,Auth Service,P2 - High,Resolved,L2 Support,P. Arjun,Batch Job Monitor,Code Defect,8,16,6.24,False,0,False,4,Identified faulty code path; deployed hotfix / config change and validated with user.
INC102099,2026-06-16 13:37,2026-06-16 18:01,Database,Connection Pool Exhausted,Core Banking App,P2 - High,Resolved,DBA Team,N. Fathima,Monitoring Alert,Infra Failure,8,47,4.4,False,0,True,4,Optimized query / cleared lock and restarted affected session; verified data integrity.
INC101250,2026-06-16 13:49,2026-06-18 02:27,Performance,Page Load Delay,Inventory System,P4 - Low,Resolved,L3 Engineering,J. Antony,Support Team (Proactive),User Error,72,55,36.64,False,0,False,3,Tuned query/index or scaled resources; response time back within threshold.
INC100806,2026-06-17 02:01,2026-06-17 22:56,Integration/API,Third-Party Timeout,Order Management System,P3 - Medium,Resolved,L3 Engineering,L. Chitra,Monitoring Alert,Third-Party Outage,24,39,20.92,False,0,False,4,Coordinated with third-party vendor / corrected payload mapping; retested integration.
INC100681,2026-06-17 02:07,2026-06-17 07:16,Database,Deadlock,CRM Portal,P3 - Medium,Closed,L3 Engineering,B. Meena,End User,Infra Failure,24,64,5.16,False,0,False,3,Optimized query / cleared lock and restarted affected session; verified data integrity.
INC101708,2026-06-17 20:59,2026-06-19 04:32,Batch Job Failure,Job Not Triggered,Order Management System,P4 - Low,Closed,App Dev Team,N. Fathima,End User,Data Issue,72,263,31.55,False,0,False,5,Re-triggered job after correcting input file; added validation check.
INC101212,2026-06-18 15:19,2026-06-19 09:59,Application Issue,UI Error,Customer Support Portal,P3 - Medium,Reopened,L2 Support,V. Prasad,Support Team (Proactive),Infra Failure,24,32,18.68,False,1,False,2,Identified faulty code path; deployed hotfix / config change and validated with user.
INC100957,2026-06-18 16:48,2026-06-18 22:50,Security,Suspicious Login,Customer Support Portal,P3 - Medium,Closed,L3 Engineering,K. Suresh,Customer,User Error,24,70,6.04,False,0,False,5,"Investigated alert, confirmed false positive / revoked access; updated certificate."
INC101069,2026-06-19 00:41,2026-06-21 19:52,Application Issue,Data Mismatch,Customer Support Portal,P3 - Medium,Resolved,L2 Support,S. Priya,Support Team (Proactive),Capacity/Performance,24,54,67.19,True,0,False,3,Identified faulty code path; deployed hotfix / config change and validated with user.
INC101056,2026-06-19 09:02,2026-06-20 10:36,Integration/API,API Failure,Billing Engine,P4 - Low,Resolved,L3 Engineering,P. Arjun,End User,Code Defect,72,252,25.57,False,0,True,5,Coordinated with third-party vendor / corrected payload mapping; retested integration.
INC101549,2026-06-19 12:34,2026-06-19 20:35,Performance,Slow Response Time,Payment Gateway,P3 - Medium,Closed,L3 Engineering,P. Arjun,Support Team (Proactive),Data Issue,24,56,8.03,False,0,False,3,Tuned query/index or scaled resources; response time back within threshold.
INC100867,2026-06-19 21:52,2026-06-20 02:44,Network,Firewall Block,HR Portal,P3 - Medium,Resolved,Network Team,A. Rangan,End User,Infra Failure,24,71,4.87,False,0,False,5,Restarted network service / re-routed traffic; confirmed connectivity restored.
INC101771,2026-06-20 01:43,2026-06-21 21:04,Integration/API,API Failure,Inventory System,P4 - Low,Resolved,L3 Engineering,A. Rangan,Monitoring Alert,Code Defect,72,151,43.36,False,0,False,5,Coordinated with third-party vendor / corrected payload mapping; retested integration.
INC100362,2026-06-20 09:29,2026-06-21 00:21,Integration/API,Webhook Not Firing,Auth Service,P4 - Low,Closed,App Dev Team,T. Divya,Customer,Code Defect,72,224,14.87,False,0,True,4,Coordinated with third-party vendor / corrected payload mapping; retested integration.
INC102024,2026-06-20 09:46,2026-06-21 08:28,Integration/API,Webhook Not Firing,CRM Portal,P3 - Medium,Resolved,App Dev Team,B. Meena,Batch Job Monitor,Capacity/Performance,24,73,22.71,False,0,False,5,Coordinated with third-party vendor / corrected payload mapping; retested integration.
INC100983,2026-06-20 10:10,2026-06-20 12:14,Application Issue,Feature Not Working,Billing Engine,P2 - High,Reopened,App Dev Team,J. Antony,Customer,Configuration Error,8,28,2.08,False,1,False,5,Identified faulty code path; deployed hotfix / config change and validated with user.
INC100202,2026-06-20 12:54,2026-06-20 19:02,Server/Infra,CPU Spike,HR Portal,P3 - Medium,Resolved,Network Team,J. Antony,End User,Code Defect,24,97,6.14,False,0,False,5,Freed disk space / restarted service; added monitoring alert to prevent recurrence.
INC100850,2026-06-20 13:51,2026-06-20 20:55,Integration/API,API Failure,Auth Service,P2 - High,Resolved,App Dev Team,K. Suresh,Customer,Infra Failure,8,18,7.07,False,0,False,1,Coordinated with third-party vendor / corrected payload mapping; retested integration.
INC100854,2026-06-20 15:01,2026-06-21 01:39,Integration/API,Payload Mismatch,Auth Service,P3 - Medium,Reopened,App Dev Team,V. Prasad,Batch Job Monitor,Third-Party Outage,24,51,10.64,False,1,False,3,Coordinated with third-party vendor / corrected payload mapping; retested integration.
INC101980,2026-06-20 17:04,2026-06-20 18:46,Integration/API,API Failure,Order Management System,P1 - Critical,Closed,App Dev Team,N. Fathima,Customer,Infra Failure,4,11,1.7,False,0,False,5,Coordinated with third-party vendor / corrected payload mapping; retested integration.
INC100195,2026-06-20 18:09,2026-06-21 01:43,Database,Data Corruption,CRM Portal,P2 - High,Resolved,DBA Team,K. Suresh,Monitoring Alert,Code Defect,8,2,7.58,False,0,False,5,Optimized query / cleared lock and restarted affected session; verified data integrity.
INC100638,2026-06-20 18:17,2026-06-21 14:09,Batch Job Failure,Job Not Triggered,Billing Engine,P3 - Medium,Resolved,App Dev Team,S. Priya,Batch Job Monitor,Third-Party Outage,24,49,19.87,False,0,True,1,Re-triggered job after correcting input file; added validation check.
INC100889,2026-06-20 19:59,2026-06-21 01:49,Batch Job Failure,Job Not Triggered,Core Banking App,P3 - Medium,Resolved,L3 Engineering,N. Fathima,End User,Infra Failure,24,77,5.84,False,0,False,4,Re-triggered job after correcting input file; added validation check.
INC101278,2026-06-21 09:50,2026-06-24 17:20,Application Issue,Data Mismatch,Inventory System,P3 - Medium,Closed,L2 Support,M. Kumar,Customer,Capacity/Performance,24,51,79.5,True,0,True,4,Identified faulty code path; deployed hotfix / config change and validated with user.
INC100171,2026-06-21 10:14,2026-06-21 13:34,Hardware,Printer Issue,Core Banking App,P1 - Critical,Resolved,L1 Support,A. Rangan,Customer,Third-Party Outage,4,9,3.34,False,0,False,5,Replaced/reset device; confirmed functioning with end user.
INC100233,2026-06-21 10:50,2026-06-24 00:30,Batch Job Failure,Job Failed - Data Error,Customer Support Portal,P4 - Low,Resolved,App Dev Team,J. Antony,Monitoring Alert,Capacity/Performance,72,109,61.68,False,0,False,4,Re-triggered job after correcting input file; added validation check.
INC100250,2026-06-21 11:16,2026-06-22 02:31,Network,Firewall Block,Billing Engine,P3 - Medium,Resolved,Network Team,L. Chitra,Batch Job Monitor,Configuration Error,24,40,15.25,False,0,False,4,Restarted network service / re-routed traffic; confirmed connectivity restored.
INC100859,2026-06-21 16:15,2026-06-23 22:28,Integration/API,Webhook Not Firing,Order Management System,P3 - Medium,Closed,App Dev Team,P. Arjun,Support Team (Proactive),Code Defect,24,81,54.23,True,0,False,3,Coordinated with third-party vendor / corrected payload mapping; retested integration.
INC100119,2026-06-21 19:23,2026-06-22 06:02,Server/Infra,Disk Space Full,Inventory System,P3 - Medium,Resolved,Network Team,M. Kumar,Customer,User Error,24,47,10.66,False,0,False,5,Freed disk space / restarted service; added monitoring alert to prevent recurrence.
INC100180,2026-06-21 20:25,2026-06-22 08:34,Integration/API,API Failure,Auth Service,P3 - Medium,Resolved,App Dev Team,T. Divya,Monitoring Alert,Infra Failure,24,50,12.16,False,0,False,4,Coordinated with third-party vendor / corrected payload mapping; retested integration.
INC100518,2026-06-21 20:47,2026-06-22 14:05,Database,Deadlock,Auth Service,P3 - Medium,Closed,L3 Engineering,B. Meena,Monitoring Alert,Configuration Error,24,60,17.3,False,0,False,4,Optimized query / cleared lock and restarted affected session; verified data integrity.
INC100938,2026-06-21 21:18,2026-06-22 02:34,Hardware,Device Offline,Customer Support Portal,P2 - High,Resolved,L1 Support,M. Kumar,Support Team (Proactive),Third-Party Outage,8,22,5.28,False,0,False,3,Replaced/reset device; confirmed functioning with end user.
INC101812,2026-06-22 01:32,2026-06-25 11:16,Network,VPN Failure,Order Management System,P3 - Medium,Resolved,L2 Support,V. Prasad,Support Team (Proactive),Data Issue,24,42,81.74,True,0,False,3,Restarted network service / re-routed traffic; confirmed connectivity restored.
INC101365,2026-06-22 04:53,2026-06-27 23:54,Access/Authentication,SSO Error,Customer Support Portal,P4 - Low,Resolved,L2 Support,S. Priya,Monitoring Alert,Third-Party Outage,72,136,139.02,True,0,False,2,Reset credentials / corrected access role; user confirmed successful login.
INC101151,2026-06-22 10:41,2026-06-22 12:57,Network,Latency,Customer Support Portal,P2 - High,Resolved,Network Team,A. Rangan,Monitoring Alert,Capacity/Performance,8,23,2.28,False,0,False,1,Restarted network service / re-routed traffic; confirmed connectivity restored.
INC101642,2026-06-22 13:56,2026-06-23 08:42,Integration/API,Third-Party Timeout,Reporting Dashboard,P3 - Medium,Resolved,L3 Engineering,T. Divya,Customer,Infra Failure,24,25,18.77,False,0,False,4,Coordinated with third-party vendor / corrected payload mapping; retested integration.
INC102188,2026-06-22 15:46,2026-06-24 19:04,Database,Data Corruption,Inventory System,P4 - Low,Closed,L3 Engineering,T. Divya,Monitoring Alert,Infra Failure,72,95,51.3,False,0,False,4,Optimized query / cleared lock and restarted affected session; verified data integrity.
INC101617,2026-06-22 17:27,2026-06-24 01:16,Security,Certificate Expiry,Reporting Dashboard,P4 - Low,Closed,L3 Engineering,P. Arjun,End User,Capacity/Performance,72,214,31.83,False,0,False,3,"Investigated alert, confirmed false positive / revoked access; updated certificate."
INC100296,2026-06-22 19:26,2026-06-23 05:44,Performance,API Latency,Reporting Dashboard,P3 - Medium,Closed,DBA Team,B. Meena,End User,User Error,24,29,10.31,False,0,False,5,Tuned query/index or scaled resources; response time back within threshold.
INC100042,2026-06-23 09:09,2026-06-23 12:46,Network,DNS Issue,Order Management System,P2 - High,Closed,Network Team,J. Antony,Customer,Data Issue,8,46,3.63,False,0,False,4,Restarted network service / re-routed traffic; confirmed connectivity restored.
INC101978,2026-06-23 11:55,2026-06-26 05:14,Application Issue,Data Mismatch,Reporting Dashboard,P3 - Medium,Resolved,App Dev Team,M. Kumar,Monitoring Alert,Unknown,24,50,65.32,True,0,True,1,Identified faulty code path; deployed hotfix / config change and validated with user.
INC100743,2026-06-23 12:29,2026-06-24 07:34,Security,Vulnerability Alert,Payment Gateway,P3 - Medium,Resolved,L3 Engineering,P. Arjun,Support Team (Proactive),Third-Party Outage,24,33,19.09,False,0,False,4,"Investigated alert, confirmed false positive / revoked access; updated certificate."
INC101592,2026-06-23 12:32,2026-06-24 03:04,Application Issue,Application Crash,HR Portal,P3 - Medium,Resolved,App Dev Team,L. Chitra,Monitoring Alert,Infra Failure,24,61,14.54,False,0,False,4,Identified faulty code path; deployed hotfix / config change and validated with user.
INC100511,2026-06-23 13:03,2026-06-24 18:03,Security,Certificate Expiry,Auth Service,P4 - Low,Closed,L3 Engineering,T. Divya,Monitoring Alert,Data Issue,72,187,29.0,False,0,False,4,"Investigated alert, confirmed false positive / revoked access; updated certificate."
INC101029,2026-06-23 14:28,2026-06-23 21:58,Application Issue,Feature Not Working,Auth Service,P3 - Medium,Resolved,App Dev Team,M. Kumar,Customer,Configuration Error,24,67,7.51,False,0,False,5,Identified faulty code path; deployed hotfix / config change and validated with user.
INC100575,2026-06-24 12:47,2026-06-24 16:39,Server/Infra,Memory Leak,CRM Portal,P3 - Medium,Closed,Network Team,K. Suresh,Batch Job Monitor,Data Issue,24,121,3.88,False,0,False,1,Freed disk space / restarted service; added monitoring alert to prevent recurrence.
INC102055,2026-06-24 14:07,2026-06-24 21:25,Application Issue,UI Error,Core Banking App,P2 - High,Resolved,App Dev Team,N. Fathima,Monitoring Alert,Configuration Error,8,24,7.3,False,0,False,4,Identified faulty code path; deployed hotfix / config change and validated with user.
INC100396,2026-06-24 14:17,2026-06-25 04:15,Database,Data Corruption,Reporting Dashboard,P3 - Medium,Resolved,DBA Team,P. Arjun,Batch Job Monitor,User Error,24,67,13.97,False,0,False,4,Optimized query / cleared lock and restarted affected session; verified data integrity.
INC100608,2026-06-24 14:53,2026-06-25 07:38,Security,Suspicious Login,Inventory System,P3 - Medium,Resolved,L3 Engineering,R. Iyer,End User,Code Defect,24,48,16.76,False,0,False,3,"Investigated alert, confirmed false positive / revoked access; updated certificate."
INC101871,2026-06-24 15:40,2026-06-25 07:09,Batch Job Failure,Job Timeout,Reporting Dashboard,P4 - Low,Resolved,App Dev Team,B. Meena,End User,Data Issue,72,227,15.49,False,0,True,5,Re-triggered job after correcting input file; added validation check.
INC101469,2026-06-24 17:12,2026-06-25 00:26,Server/Infra,CPU Spike,Inventory System,P3 - Medium,Resolved,L3 Engineering,L. Chitra,Batch Job Monitor,Code Defect,24,26,7.24,False,0,False,4,Freed disk space / restarted service; added monitoring alert to prevent recurrence.
INC100446,2026-06-24 21:34,2026-06-25 01:37,Security,Vulnerability Alert,Core Banking App,P3 - Medium,Resolved,L3 Engineering,A. Rangan,Batch Job Monitor,Capacity/Performance,24,98,4.06,False,0,True,4,"Investigated alert, confirmed false positive / revoked access; updated certificate."
INC101408,2026-06-25 11:18,2026-06-27 06:25,Integration/API,Third-Party Timeout,Auth Service,P4 - Low,Resolved,L3 Engineering,L. Chitra,Batch Job Monitor,Data Issue,72,128,43.12,False,0,False,5,Coordinated with third-party vendor / corrected payload mapping; retested integration.
INC101279,2026-06-25 12:11,2026-06-26 13:08,Database,Data Corruption,Core Banking App,P4 - Low,Closed,DBA Team,L. Chitra,Monitoring Alert,Configuration Error,72,295,24.95,False,0,False,4,Optimized query / cleared lock and restarted affected session; verified data integrity.
INC100091,2026-06-25 14:08,2026-06-26 02:31,Application Issue,Feature Not Working,CRM Portal,P3 - Medium,Resolved,App Dev Team,L. Chitra,Customer,Infra Failure,24,63,12.39,False,0,False,2,Identified faulty code path; deployed hotfix / config change and validated with user.
INC101947,2026-06-25 17:26,2026-06-26 16:14,Application Issue,Feature Not Working,Inventory System,P2 - High,Resolved,L2 Support,T. Divya,Batch Job Monitor,Unknown,8,9,22.81,True,0,False,2,Identified faulty code path; deployed hotfix / config change and validated with user.
INC100578,2026-06-25 21:18,2026-06-26 00:44,Performance,Report Load Timeout,Inventory System,P2 - High,Closed,DBA Team,S. Priya,Monitoring Alert,Unknown,8,18,3.44,False,0,False,4,Tuned query/index or scaled resources; response time back within threshold.
INC102020,2026-06-25 21:53,2026-06-26 00:59,Application Issue,UI Error,Customer Support Portal,P2 - High,Reopened,L2 Support,J. Antony,End User,Data Issue,8,24,3.11,False,1,False,4,Identified faulty code path; deployed hotfix / config change and validated with user.
INC102019,2026-06-25 21:54,2026-06-26 00:38,Integration/API,Webhook Not Firing,HR Portal,P2 - High,Closed,App Dev Team,K. Suresh,End User,Code Defect,8,36,2.74,False,0,False,5,Coordinated with third-party vendor / corrected payload mapping; retested integration.
INC101883,2026-06-26 04:50,2026-06-26 16:47,Performance,Report Load Timeout,Inventory System,P3 - Medium,Closed,DBA Team,S. Priya,End User,Capacity/Performance,24,28,11.96,False,0,False,4,Tuned query/index or scaled resources; response time back within threshold.
INC100547,2026-06-26 20:44,2026-06-29 02:54,Performance,API Latency,Billing Engine,P4 - Low,Resolved,L3 Engineering,N. Fathima,Monitoring Alert,Third-Party Outage,72,168,54.17,False,0,False,3,Tuned query/index or scaled resources; response time back within threshold.
INC101187,2026-06-27 12:54,2026-07-01 13:04,Hardware,Workstation Failure,Inventory System,P4 - Low,Resolved,L1 Support,M. Kumar,Batch Job Monitor,Third-Party Outage,72,263,96.18,True,0,False,4,Replaced/reset device; confirmed functioning with end user.
INC101618,2026-06-27 15:43,2026-06-29 12:44,Server/Infra,Server Down,Auth Service,P4 - Low,Resolved,Network Team,K. Suresh,Batch Job Monitor,Third-Party Outage,72,156,45.03,False,0,True,2,Freed disk space / restarted service; added monitoring alert to prevent recurrence.
INC102076,2026-06-27 16:57,2026-06-27 23:12,Network,VPN Failure,Core Banking App,P3 - Medium,Resolved,Network Team,N. Fathima,End User,Data Issue,24,24,6.26,False,0,False,4,Restarted network service / re-routed traffic; confirmed connectivity restored.
INC100855,2026-06-27 18:33,2026-07-01 22:04,Server/Infra,Disk Space Full,Reporting Dashboard,P4 - Low,Reopened,L3 Engineering,K. Suresh,End User,Infra Failure,72,272,99.52,True,1,False,3,Freed disk space / restarted service; added monitoring alert to prevent recurrence.
INC100281,2026-06-27 21:15,2026-06-28 18:43,Application Issue,UI Error,Inventory System,P3 - Medium,Reopened,L2 Support,T. Divya,End User,Data Issue,24,65,21.47,False,1,True,3,Identified faulty code path; deployed hotfix / config change and validated with user.
INC101003,2026-06-27 21:35,2026-06-28 10:49,Database,Connection Pool Exhausted,Reporting Dashboard,P3 - Medium,Closed,DBA Team,P. Arjun,End User,Third-Party Outage,24,61,13.24,False,0,False,4,Optimized query / cleared lock and restarted affected session; verified data integrity.
INC101675,2026-06-28 08:40,2026-06-28 12:14,Application Issue,Feature Not Working,HR Portal,P2 - High,Resolved,App Dev Team,V. Prasad,Batch Job Monitor,Configuration Error,8,37,3.58,False,0,False,4,Identified faulty code path; deployed hotfix / config change and validated with user.
INC100167,2026-06-28 13:13,2026-06-30 06:59,Application Issue,UI Error,Auth Service,P4 - Low,Resolved,App Dev Team,P. Arjun,Support Team (Proactive),Capacity/Performance,72,115,41.77,False,0,True,3,Identified faulty code path; deployed hotfix / config change and validated with user.
INC100685,2026-06-28 18:24,2026-06-29 01:35,Security,Suspicious Login,Payment Gateway,P3 - Medium,Resolved,L3 Engineering,A. Rangan,Monitoring Alert,Capacity/Performance,24,38,7.19,False,0,False,3,"Investigated alert, confirmed false positive / revoked access; updated certificate."
INC101353,2026-06-28 18:43,2026-07-01 04:23,Integration/API,Third-Party Timeout,Billing Engine,P4 - Low,Resolved,App Dev Team,R. Iyer,Support Team (Proactive),Capacity/Performance,72,295,57.68,False,0,False,4,Coordinated with third-party vendor / corrected payload mapping; retested integration.
INC100051,2026-06-28 19:31,2026-06-29 12:30,Network,Firewall Block,Reporting Dashboard,P3 - Medium,Resolved,L2 Support,J. Antony,Support Team (Proactive),Capacity/Performance,24,39,16.99,False,0,False,3,Restarted network service / re-routed traffic; confirmed connectivity restored.
INC100588,2026-06-28 21:13,2026-06-30 08:44,Integration/API,Payload Mismatch,Auth Service,P4 - Low,Resolved,L3 Engineering,T. Divya,Support Team (Proactive),Configuration Error,72,227,35.53,False,0,False,4,Coordinated with third-party vendor / corrected payload mapping; retested integration.
INC101647,2026-06-29 08:17,2026-07-01 08:46,Performance,Slow Response Time,Core Banking App,P4 - Low,Resolved,DBA Team,B. Meena,Batch Job Monitor,Data Issue,72,177,48.49,False,0,False,4,Tuned query/index or scaled resources; response time back within threshold.
INC101402,2026-06-29 09:06,2026-06-29 21:42,Performance,Page Load Delay,Order Management System,P4 - Low,Resolved,L3 Engineering,M. Kumar,Monitoring Alert,Infra Failure,72,220,12.61,False,0,False,5,Tuned query/index or scaled resources; response time back within threshold.
INC101511,2026-06-29 09:27,2026-06-29 11:01,Security,Certificate Expiry,Auth Service,P2 - High,Resolved,Network Team,A. Rangan,Monitoring Alert,Third-Party Outage,8,35,1.58,False,0,False,5,"Investigated alert, confirmed false positive / revoked access; updated certificate."
INC101362,2026-06-29 13:00,2026-06-29 19:27,Network,Latency,Auth Service,P2 - High,Closed,L2 Support,A. Rangan,Support Team (Proactive),Data Issue,8,32,6.45,False,0,False,5,Restarted network service / re-routed traffic; confirmed connectivity restored.
INC100894,2026-06-29 16:02,2026-07-01 06:07,Integration/API,Third-Party Timeout,Payment Gateway,P3 - Medium,Resolved,L3 Engineering,M. Kumar,Support Team (Proactive),Data Issue,24,47,38.09,True,0,False,3,Coordinated with third-party vendor / corrected payload mapping; retested integration.
INC101274,2026-06-29 17:27,2026-06-30 09:49,Batch Job Failure,Job Timeout,Billing Engine,P3 - Medium,Reopened,App Dev Team,M. Kumar,Batch Job Monitor,Unknown,24,67,16.38,False,1,False,2,Re-triggered job after correcting input file; added validation check.
INC100650,2026-06-29 21:06,2026-06-30 04:07,Server/Infra,Server Down,Core Banking App,P3 - Medium,Resolved,Network Team,R. Iyer,Batch Job Monitor,Capacity/Performance,24,62,7.03,False,0,False,5,Freed disk space / restarted service; added monitoring alert to prevent recurrence.
INC100375,2026-06-30 10:00,2026-06-30 23:01,Performance,API Latency,Customer Support Portal,P3 - Medium,Closed,DBA Team,L. Chitra,Support Team (Proactive),Infra Failure,24,74,13.02,False,0,False,4,Tuned query/index or scaled resources; response time back within threshold.
INC101873,2026-06-30 11:04,2026-06-30 18:45,Server/Infra,Server Down,CRM Portal,P3 - Medium,Closed,L3 Engineering,A. Rangan,Support Team (Proactive),User Error,24,67,7.69,False,0,False,3,Freed disk space / restarted service; added monitoring alert to prevent recurrence.
INC101512,2026-06-30 11:58,2026-06-30 16:34,Performance,Page Load Delay,Payment Gateway,P2 - High,Resolved,L3 Engineering,K. Suresh,Batch Job Monitor,Data Issue,8,21,4.6,False,0,False,5,Tuned query/index or scaled resources; response time back within threshold.
INC102036,2026-06-30 13:25,2026-07-01 06:04,Security,Certificate Expiry,Core Banking App,P3 - Medium,Resolved,L3 Engineering,J. Antony,End User,Configuration Error,24,43,16.66,False,0,False,4,"Investigated alert, confirmed false positive / revoked access; updated certificate."
INC100332,2026-06-30 14:45,2026-07-01 05:00,Performance,Page Load Delay,Customer Support Portal,P3 - Medium,Closed,L3 Engineering,P. Arjun,Monitoring Alert,Unknown,24,60,14.26,False,0,False,4,Tuned query/index or scaled resources; response time back within threshold.
INC101583,2026-06-30 15:39,2026-07-01 09:37,Security,Vulnerability Alert,Core Banking App,P3 - Medium,Reopened,L3 Engineering,R. Iyer,End User,Configuration Error,24,123,17.97,False,1,False,2,"Investigated alert, confirmed false positive / revoked access; updated certificate."
INC102154,2026-06-30 16:46,2026-07-02 22:44,Performance,API Latency,Reporting Dashboard,P4 - Low,Closed,DBA Team,K. Suresh,Customer,User Error,72,209,53.97,False,0,False,5,Tuned query/index or scaled resources; response time back within threshold.
INC100592,2026-06-30 18:01,2026-07-01 05:20,Access/Authentication,Login Failure,Billing Engine,P3 - Medium,Closed,L1 Support,N. Fathima,Batch Job Monitor,Infra Failure,24,68,11.33,False,0,True,5,Reset credentials / corrected access role; user confirmed successful login.
INC101006,2026-06-30 18:36,2026-07-07 14:22,Database,Data Corruption,Payment Gateway,P4 - Low,Resolved,L3 Engineering,M. Kumar,Customer,Infra Failure,72,315,163.78,True,0,False,4,Optimized query / cleared lock and restarted affected session; verified data integrity.
INC100184,2026-06-30 20:22,2026-07-01 01:41,Security,Certificate Expiry,Order Management System,P3 - Medium,Resolved,L3 Engineering,J. Antony,Batch Job Monitor,Infra Failure,24,96,5.33,False,0,False,3,"Investigated alert, confirmed false positive / revoked access; updated certificate."
INC100151,2026-07-01 09:45,2026-07-01 16:28,Server/Infra,CPU Spike,Payment Gateway,P2 - High,Resolved,L3 Engineering,J. Antony,Monitoring Alert,Third-Party Outage,8,19,6.72,False,0,False,4,Freed disk space / restarted service; added monitoring alert to prevent recurrence.
INC102001,2026-07-01 10:52,2026-07-02 04:53,Security,Suspicious Login,Payment Gateway,P3 - Medium,Resolved,L3 Engineering,M. Kumar,Support Team (Proactive),User Error,24,40,18.02,False,0,False,4,"Investigated alert, confirmed false positive / revoked access; updated certificate."
INC102043,2026-07-01 14:32,2026-07-02 03:57,Application Issue,Application Crash,Reporting Dashboard,P4 - Low,Resolved,L2 Support,J. Antony,Support Team (Proactive),Code Defect,72,95,13.42,False,0,True,5,Identified faulty code path; deployed hotfix / config change and validated with user.
INC100329,2026-07-01 14:35,2026-07-02 04:11,Database,Data Corruption,Auth Service,P2 - High,Resolved,DBA Team,B. Meena,End User,Capacity/Performance,8,18,13.6,True,0,False,3,Optimized query / cleared lock and restarted affected session; verified data integrity.
INC101304,2026-07-01 20:38,2026-07-02 01:13,Performance,Slow Response Time,Inventory System,P2 - High,Closed,DBA Team,V. Prasad,Monitoring Alert,Code Defect,8,23,4.59,False,0,True,3,Tuned query/index or scaled resources; response time back within threshold.
INC100082,2026-07-02 10:19,2026-07-02 22:02,Hardware,Device Offline,Reporting Dashboard,P3 - Medium,Resolved,L1 Support,P. Arjun,Support Team (Proactive),Configuration Error,24,87,11.73,False,0,False,4,Replaced/reset device; confirmed functioning with end user.
INC102091,2026-07-02 13:04,2026-07-02 19:02,Access/Authentication,Password Reset,HR Portal,P2 - High,Resolved,L2 Support,K. Suresh,Batch Job Monitor,Code Defect,8,15,5.97,False,0,False,5,Reset credentials / corrected access role; user confirmed successful login.
INC100144,2026-07-02 14:38,2026-07-02 23:36,Server/Infra,Memory Leak,Auth Service,P3 - Medium,Closed,Network Team,R. Iyer,Customer,Data Issue,24,40,8.98,False,0,False,4,Freed disk space / restarted service; added monitoring alert to prevent recurrence.
INC101083,2026-07-02 16:29,2026-07-04 06:13,Integration/API,Third-Party Timeout,Billing Engine,P3 - Medium,Resolved,App Dev Team,B. Meena,Support Team (Proactive),Data Issue,24,66,37.74,True,0,False,3,Coordinated with third-party vendor / corrected payload mapping; retested integration.
INC100462,2026-07-02 18:50,2026-07-03 01:04,Server/Infra,CPU Spike,HR Portal,P3 - Medium,Resolved,Network Team,V. Prasad,Customer,Unknown,24,107,6.24,False,0,False,3,Freed disk space / restarted service; added monitoring alert to prevent recurrence.
INC102000,2026-07-03 02:21,2026-07-03 16:48,Performance,API Latency,Inventory System,P3 - Medium,Resolved,L3 Engineering,P. Arjun,Batch Job Monitor,Unknown,24,75,14.46,False,0,False,3,Tuned query/index or scaled resources; response time back within threshold.
INC101646,2026-07-03 11:42,2026-07-04 09:22,Application Issue,Data Mismatch,CRM Portal,P3 - Medium,Resolved,App Dev Team,K. Suresh,Monitoring Alert,Data Issue,24,77,21.68,False,0,False,5,Identified faulty code path; deployed hotfix / config change and validated with user.
INC101817,2026-07-03 12:25,2026-07-05 05:20,Security,Certificate Expiry,CRM Portal,P4 - Low,Resolved,Network Team,K. Suresh,Customer,Code Defect,72,213,40.92,False,0,False,2,"Investigated alert, confirmed false positive / revoked access; updated certificate."
INC100606,2026-07-03 13:43,2026-07-03 16:28,Hardware,Printer Issue,Auth Service,P2 - High,Closed,L1 Support,P. Arjun,Monitoring Alert,Third-Party Outage,8,25,2.76,False,0,False,5,Replaced/reset device; confirmed functioning with end user.
INC100007,2026-07-03 16:16,2026-07-06 12:55,Hardware,Printer Issue,Payment Gateway,P3 - Medium,Resolved,L1 Support,P. Arjun,Batch Job Monitor,Configuration Error,24,56,68.66,True,0,False,5,Replaced/reset device; confirmed functioning with end user.
INC102195,2026-07-03 20:21,2026-07-05 13:54,Access/Authentication,Permission Denied,Customer Support Portal,P4 - Low,Resolved,L2 Support,L. Chitra,Monitoring Alert,Code Defect,72,182,41.55,False,0,False,3,Reset credentials / corrected access role; user confirmed successful login.
INC101094,2026-07-03 21:23,2026-07-04 19:48,Security,Unauthorized Access Attempt,Inventory System,P3 - Medium,Resolved,Network Team,S. Priya,Monitoring Alert,Code Defect,24,34,22.43,False,0,False,4,"Investigated alert, confirmed false positive / revoked access; updated certificate."
INC101964,2026-07-04 11:30,2026-07-05 08:27,Application Issue,Application Crash,Billing Engine,P3 - Medium,Resolved,App Dev Team,S. Priya,End User,User Error,24,71,20.95,False,0,False,3,Identified faulty code path; deployed hotfix / config change and validated with user.
INC101882,2026-07-05 06:02,2026-07-08 01:48,Database,Data Corruption,HR Portal,P4 - Low,Resolved,L3 Engineering,M. Kumar,Support Team (Proactive),Capacity/Performance,72,91,67.78,False,0,False,4,Optimized query / cleared lock and restarted affected session; verified data integrity.
INC101168,2026-07-05 09:25,2026-07-05 20:16,Integration/API,Third-Party Timeout,Auth Service,P3 - Medium,Closed,L3 Engineering,T. Divya,Monitoring Alert,User Error,24,86,10.85,False,0,False,3,Coordinated with third-party vendor / corrected payload mapping; retested integration.
INC100192,2026-07-05 10:01,2026-07-06 06:47,Server/Infra,CPU Spike,Payment Gateway,P3 - Medium,Resolved,Network Team,S. Priya,Batch Job Monitor,Capacity/Performance,24,39,20.78,False,0,False,4,Freed disk space / restarted service; added monitoring alert to prevent recurrence.
INC102029,2026-07-05 12:37,2026-07-05 16:44,Network,Firewall Block,Billing Engine,P2 - High,Resolved,L2 Support,R. Iyer,End User,Capacity/Performance,8,26,4.12,False,0,False,2,Restarted network service / re-routed traffic; confirmed connectivity restored.
INC101481,2026-07-05 13:36,2026-07-06 09:10,Performance,Page Load Delay,HR Portal,P3 - Medium,Closed,DBA Team,K. Suresh,Support Team (Proactive),Capacity/Performance,24,83,19.57,False,0,False,2,Tuned query/index or scaled resources; response time back within threshold.
INC101898,2026-07-05 20:45,2026-07-07 10:58,Hardware,Peripheral Not Detected,Auth Service,P4 - Low,Resolved,L1 Support,L. Chitra,Support Team (Proactive),Configuration Error,72,182,38.23,False,0,False,5,Replaced/reset device; confirmed functioning with end user.
INC101940,2026-07-05 21:59,2026-07-07 10:30,Server/Infra,Server Down,Customer Support Portal,P4 - Low,Closed,L3 Engineering,A. Rangan,Support Team (Proactive),Infra Failure,72,244,36.53,False,0,False,4,Freed disk space / restarted service; added monitoring alert to prevent recurrence.
INC100313,2026-07-06 10:03,2026-07-06 22:54,Database,Data Corruption,CRM Portal,P4 - Low,Closed,L3 Engineering,B. Meena,Support Team (Proactive),Infra Failure,72,297,12.86,False,0,False,4,Optimized query / cleared lock and restarted affected session; verified data integrity.
INC102169,2026-07-06 10:24,2026-07-06 16:46,Batch Job Failure,Job Timeout,Billing Engine,P3 - Medium,Closed,L3 Engineering,T. Divya,Customer,User Error,24,85,6.37,False,0,False,1,Re-triggered job after correcting input file; added validation check.
INC102012,2026-07-06 12:04,2026-07-06 21:40,Database,Data Corruption,Billing Engine,P3 - Medium,Resolved,DBA Team,P. Arjun,End User,Data Issue,24,104,9.6,False,0,True,2,Optimized query / cleared lock and restarted affected session; verified data integrity.
INC100383,2026-07-06 12:11,2026-07-06 18:15,Batch Job Failure,Job Timeout,HR Portal,P2 - High,Resolved,L3 Engineering,T. Divya,Monitoring Alert,Data Issue,8,21,6.08,False,0,False,5,Re-triggered job after correcting input file; added validation check.
INC101493,2026-07-06 12:18,2026-07-08 19:38,Application Issue,Application Crash,Reporting Dashboard,P4 - Low,Resolved,L2 Support,T. Divya,End User,Configuration Error,72,329,55.34,False,0,False,5,Identified faulty code path; deployed hotfix / config change and validated with user.
INC101977,2026-07-06 13:46,2026-07-08 22:01,Access/Authentication,Login Failure,HR Portal,P3 - Medium,Reopened,L2 Support,M. Kumar,Batch Job Monitor,Data Issue,24,80,56.26,True,1,False,2,Reset credentials / corrected access role; user confirmed successful login.
INC101475,2026-07-06 16:58,2026-07-07 00:20,Database,Deadlock,CRM Portal,P2 - High,Resolved,L3 Engineering,M. Kumar,Monitoring Alert,User Error,8,19,7.37,False,0,False,5,Optimized query / cleared lock and restarted affected session; verified data integrity.
INC101431,2026-07-07 07:23,2026-07-08 03:40,Database,Query Timeout,Reporting Dashboard,P4 - Low,Resolved,DBA Team,T. Divya,Monitoring Alert,Third-Party Outage,72,349,20.29,False,0,False,4,Optimized query / cleared lock and restarted affected session; verified data integrity.
INC101328,2026-07-07 09:38,2026-07-12 09:06,Network,VPN Failure,Payment Gateway,P4 - Low,Closed,Network Team,J. Antony,Batch Job Monitor,Data Issue,72,313,119.47,True,0,False,1,Restarted network service / re-routed traffic; confirmed connectivity restored.
INC100958,2026-07-07 12:42,2026-07-09 10:22,Hardware,Device Offline,Billing Engine,P4 - Low,Closed,L1 Support,J. Antony,Batch Job Monitor,Infra Failure,72,38,45.68,False,0,False,4,Replaced/reset device; confirmed functioning with end user.
INC100480,2026-07-07 13:37,2026-07-07 16:23,Server/Infra,Memory Leak,Core Banking App,P2 - High,Resolved,L3 Engineering,N. Fathima,End User,Capacity/Performance,8,19,2.78,False,0,False,4,Freed disk space / restarted service; added monitoring alert to prevent recurrence.
INC101253,2026-07-07 16:12,2026-07-08 03:42,Security,Unauthorized Access Attempt,Reporting Dashboard,P3 - Medium,Resolved,L3 Engineering,V. Prasad,Batch Job Monitor,Code Defect,24,45,11.5,False,0,False,4,"Investigated alert, confirmed false positive / revoked access; updated certificate."
INC100474,2026-07-07 22:47,2026-07-08 01:48,Hardware,Peripheral Not Detected,HR Portal,P1 - Critical,Resolved,L1 Support,T. Divya,Customer,Capacity/Performance,4,18,3.02,False,0,False,5,Replaced/reset device; confirmed functioning with end user.
INC100703,2026-07-08 03:06,2026-07-08 10:03,Performance,Report Load Timeout,Payment Gateway,P2 - High,Resolved,DBA Team,M. Kumar,Monitoring Alert,Capacity/Performance,8,16,6.96,False,0,False,5,Tuned query/index or scaled resources; response time back within threshold.
INC100623,2026-07-08 09:59,2026-07-08 12:37,Network,DNS Issue,Inventory System,P2 - High,Closed,L2 Support,M. Kumar,Support Team (Proactive),Data Issue,8,28,2.64,False,0,False,4,Restarted network service / re-routed traffic; confirmed connectivity restored.
INC101104,2026-07-08 10:48,2026-07-09 06:34,Hardware,Workstation Failure,Order Management System,P4 - Low,Resolved,L1 Support,A. Rangan,End User,Code Defect,72,165,19.78,False,0,False,4,Replaced/reset device; confirmed functioning with end user.
INC100073,2026-07-08 13:13,2026-07-09 11:43,Hardware,Printer Issue,Payment Gateway,P3 - Medium,Resolved,L1 Support,P. Arjun,Support Team (Proactive),Unknown,24,39,22.5,False,0,False,3,Replaced/reset device; confirmed functioning with end user.
INC102111,2026-07-08 16:03,2026-07-08 23:15,Access/Authentication,Permission Denied,Order Management System,P2 - High,Resolved,L2 Support,P. Arjun,Batch Job Monitor,Capacity/Performance,8,20,7.2,False,0,False,5,Reset credentials / corrected access role; user confirmed successful login.
INC100203,2026-07-09 09:45,2026-07-11 06:13,Access/Authentication,Permission Denied,Reporting Dashboard,P4 - Low,Resolved,L2 Support,R. Iyer,Monitoring Alert,Unknown,72,151,44.47,False,0,False,5,Reset credentials / corrected access role; user confirmed successful login.
INC100549,2026-07-09 11:04,2026-07-09 21:55,Performance,Report Load Timeout,Auth Service,P3 - Medium,Resolved,L3 Engineering,L. Chitra,Support Team (Proactive),Infra Failure,24,53,10.86,False,0,False,5,Tuned query/index or scaled resources; response time back within threshold.
INC100067,2026-07-09 11:17,2026-07-10 03:23,Security,Vulnerability Alert,Billing Engine,P3 - Medium,Closed,L3 Engineering,N. Fathima,Support Team (Proactive),Capacity/Performance,24,90,16.1,False,0,False,5,"Investigated alert, confirmed false positive / revoked access; updated certificate."
INC101335,2026-07-09 11:44,2026-07-10 09:17,Server/Infra,Memory Leak,Billing Engine,P4 - Low,Resolved,Network Team,L. Chitra,Support Team (Proactive),Third-Party Outage,72,184,21.55,False,0,False,2,Freed disk space / restarted service; added monitoring alert to prevent recurrence.
INC101781,2026-07-09 13:28,2026-07-09 17:13,Access/Authentication,Permission Denied,CRM Portal,P1 - Critical,Closed,L1 Support,N. Fathima,End User,Unknown,4,10,3.76,False,0,False,3,Reset credentials / corrected access role; user confirmed successful login.
INC101364,2026-07-09 13:47,2026-07-09 18:01,Database,Deadlock,Billing Engine,P2 - High,Resolved,DBA Team,B. Meena,Customer,Configuration Error,8,26,4.24,False,0,False,5,Optimized query / cleared lock and restarted affected session; verified data integrity.
INC100643,2026-07-09 14:32,2026-07-12 08:33,Hardware,Peripheral Not Detected,Auth Service,P4 - Low,Reopened,L1 Support,P. Arjun,Monitoring Alert,Capacity/Performance,72,188,66.02,False,1,False,3,Replaced/reset device; confirmed functioning with end user.
INC101347,2026-07-09 19:30,2026-07-11 00:56,Batch Job Failure,Job Not Triggered,Reporting Dashboard,P4 - Low,Resolved,L3 Engineering,L. Chitra,Batch Job Monitor,Infra Failure,72,199,29.44,False,0,True,4,Re-triggered job after correcting input file; added validation check.
INC100591,2026-07-09 21:04,2026-07-11 17:01,Security,Unauthorized Access Attempt,Auth Service,P3 - Medium,Resolved,L3 Engineering,T. Divya,Monitoring Alert,Data Issue,24,86,43.95,True,0,False,3,"Investigated alert, confirmed false positive / revoked access; updated certificate."
INC100152,2026-07-10 10:22,2026-07-12 08:01,Batch Job Failure,Duplicate Run,HR Portal,P3 - Medium,Resolved,App Dev Team,P. Arjun,Monitoring Alert,Third-Party Outage,24,83,45.66,True,0,False,3,Re-triggered job after correcting input file; added validation check.
INC100750,2026-07-10 10:56,2026-07-11 07:26,Batch Job Failure,Job Not Triggered,Core Banking App,P4 - Low,Resolved,L3 Engineering,R. Iyer,End User,Unknown,72,161,20.5,False,0,False,5,Re-triggered job after correcting input file; added validation check.
INC100566,2026-07-10 11:36,2026-07-11 16:28,Integration/API,API Failure,CRM Portal,P4 - Low,Reopened,L3 Engineering,J. Antony,End User,Unknown,72,277,28.87,False,1,False,2,Coordinated with third-party vendor / corrected payload mapping; retested integration.
INC102140,2026-07-10 13:42,2026-07-10 16:58,Performance,API Latency,Billing Engine,P2 - High,Resolved,DBA Team,M. Kumar,Batch Job Monitor,Unknown,8,22,3.27,False,0,False,4,Tuned query/index or scaled resources; response time back within threshold.
INC100336,2026-07-10 16:40,2026-07-11 02:38,Database,Connection Pool Exhausted,Reporting Dashboard,P3 - Medium,Resolved,DBA Team,N. Fathima,Customer,Unknown,24,30,9.97,False,0,False,5,Optimized query / cleared lock and restarted affected session; verified data integrity.
INC102126,2026-07-10 20:00,2026-07-12 12:10,Hardware,Workstation Failure,Inventory System,P4 - Low,Resolved,L1 Support,R. Iyer,Batch Job Monitor,Code Defect,72,158,40.17,False,0,True,5,Replaced/reset device; confirmed functioning with end user.
INC100765,2026-07-10 21:22,2026-07-13 03:52,Security,Suspicious Login,Payment Gateway,P4 - Low,Resolved,Network Team,J. Antony,Customer,Infra Failure,72,174,54.51,False,0,False,3,"Investigated alert, confirmed false positive / revoked access; updated certificate."
INC100307,2026-07-11 18:38,2026-07-12 12:55,Hardware,Printer Issue,Inventory System,P3 - Medium,Reopened,L1 Support,A. Rangan,Monitoring Alert,Capacity/Performance,24,66,18.29,False,1,False,2,Replaced/reset device; confirmed functioning with end user.
INC101746,2026-07-11 23:41,2026-07-12 14:27,Access/Authentication,SSO Error,HR Portal,P3 - Medium,Closed,L2 Support,R. Iyer,End User,Code Defect,24,10,14.77,False,0,True,5,Reset credentials / corrected access role; user confirmed successful login.
INC101620,2026-07-12 15:54,2026-07-12 19:55,Server/Infra,Server Down,Billing Engine,P3 - Medium,Resolved,Network Team,N. Fathima,End User,User Error,24,67,4.03,False,0,False,5,Freed disk space / restarted service; added monitoring alert to prevent recurrence.
INC101293,2026-07-12 17:28,2026-07-13 00:59,Hardware,Device Offline,Customer Support Portal,P3 - Medium,Resolved,L1 Support,P. Arjun,Support Team (Proactive),Code Defect,24,29,7.52,False,0,False,3,Replaced/reset device; confirmed functioning with end user.
INC101745,2026-07-12 17:41,2026-07-16 08:45,Database,Connection Pool Exhausted,Billing Engine,P4 - Low,Resolved,L3 Engineering,V. Prasad,Monitoring Alert,Code Defect,72,143,87.07,True,0,False,3,Optimized query / cleared lock and restarted affected session; verified data integrity.
INC101068,2026-07-13 11:34,2026-07-14 19:10,Batch Job Failure,Job Not Triggered,Order Management System,P4 - Low,Resolved,L3 Engineering,P. Arjun,Support Team (Proactive),Third-Party Outage,72,215,31.61,False,0,False,2,Re-triggered job after correcting input file; added validation check.
INC100960,2026-07-13 15:49,2026-07-13 22:17,Database,Query Timeout,Inventory System,P3 - Medium,Resolved,L3 Engineering,B. Meena,Support Team (Proactive),Unknown,24,89,6.48,False,0,False,5,Optimized query / cleared lock and restarted affected session; verified data integrity.
INC100469,2026-07-13 17:18,2026-07-13 22:45,Network,DNS Issue,HR Portal,P2 - High,Resolved,Network Team,J. Antony,Support Team (Proactive),Unknown,8,26,5.45,False,0,False,4,Restarted network service / re-routed traffic; confirmed connectivity restored.
INC101020,2026-07-13 18:51,2026-07-14 11:40,Server/Infra,Memory Leak,Customer Support Portal,P3 - Medium,Closed,Network Team,R. Iyer,Support Team (Proactive),Capacity/Performance,24,15,16.82,False,0,False,4,Freed disk space / restarted service; added monitoring alert to prevent recurrence.
INC101856,2026-07-13 20:00,2026-07-14 12:05,Server/Infra,Server Down,CRM Portal,P2 - High,Closed,Network Team,V. Prasad,Monitoring Alert,Infra Failure,8,29,16.09,True,0,False,2,Freed disk space / restarted service; added monitoring alert to prevent recurrence.
INC101853,2026-07-13 20:08,2026-07-14 12:44,Hardware,Workstation Failure,Billing Engine,P3 - Medium,Resolved,L1 Support,K. Suresh,Support Team (Proactive),Unknown,24,35,16.6,False,0,False,3,Replaced/reset device; confirmed functioning with end user.
INC100230,2026-07-13 23:35,2026-07-14 07:02,Server/Infra,Memory Leak,HR Portal,P2 - High,Resolved,L3 Engineering,V. Prasad,Customer,Capacity/Performance,8,27,7.45,False,0,True,4,Freed disk space / restarted service; added monitoring alert to prevent recurrence.
INC101517,2026-07-14 10:37,2026-07-14 21:06,Hardware,Workstation Failure,Payment Gateway,P3 - Medium,Resolved,L1 Support,N. Fathima,Monitoring Alert,Unknown,24,34,10.49,False,0,False,5,Replaced/reset device; confirmed functioning with end user.
INC101294,2026-07-14 16:48,2026-07-14 22:41,Integration/API,Payload Mismatch,Reporting Dashboard,P1 - Critical,Resolved,L3 Engineering,A. Rangan,Batch Job Monitor,Infra Failure,4,17,5.89,True,0,False,2,Coordinated with third-party vendor / corrected payload mapping; retested integration.
INC100234,2026-07-14 17:52,2026-07-15 10:34,Application Issue,UI Error,Inventory System,P3 - Medium,Resolved,L2 Support,P. Arjun,Support Team (Proactive),Data Issue,24,53,16.7,False,0,False,5,Identified faulty code path; deployed hotfix / config change and validated with user.
INC100797,2026-07-14 18:40,2026-07-16 22:50,Integration/API,Third-Party Timeout,Payment Gateway,P4 - Low,Resolved,App Dev Team,A. Rangan,Monitoring Alert,Data Issue,72,323,52.17,False,0,False,4,Coordinated with third-party vendor / corrected payload mapping; retested integration.
INC100782,2026-07-14 20:59,2026-07-15 00:11,Batch Job Failure,Job Not Triggered,Payment Gateway,P1 - Critical,Closed,App Dev Team,A. Rangan,Customer,Code Defect,4,11,3.2,False,0,False,3,Re-triggered job after correcting input file; added validation check.
INC102032,2026-07-14 21:04,2026-07-15 06:02,Database,Deadlock,Payment Gateway,P3 - Medium,Reopened,L3 Engineering,T. Divya,Customer,Code Defect,24,53,8.97,False,1,False,1,Optimized query / cleared lock and restarted affected session; verified data integrity.
INC100809,2026-07-15 11:50,2026-07-16 01:29,Access/Authentication,SSO Error,Reporting Dashboard,P3 - Medium,Resolved,L1 Support,P. Arjun,Monitoring Alert,Configuration Error,24,57,13.65,False,0,False,3,Reset credentials / corrected access role; user confirmed successful login.
INC101243,2026-07-15 12:36,2026-07-16 07:44,Network,DNS Issue,HR Portal,P3 - Medium,Resolved,Network Team,K. Suresh,End User,Code Defect,24,56,19.14,False,0,False,1,Restarted network service / re-routed traffic; confirmed connectivity restored.
INC102146,2026-07-15 21:55,2026-07-16 06:35,Hardware,Workstation Failure,Payment Gateway,P3 - Medium,Resolved,L1 Support,A. Rangan,Support Team (Proactive),Capacity/Performance,24,63,8.67,False,0,False,4,Replaced/reset device; confirmed functioning with end user.
INC100417,2026-07-16 10:46,2026-07-17 01:04,Security,Certificate Expiry,Core Banking App,P2 - High,Resolved,L3 Engineering,T. Divya,End User,Configuration Error,8,12,14.3,True,0,False,4,"Investigated alert, confirmed false positive / revoked access; updated certificate."
INC100757,2026-07-16 11:48,2026-07-16 13:42,Performance,Report Load Timeout,Inventory System,P2 - High,Resolved,DBA Team,T. Divya,Customer,Third-Party Outage,8,25,1.91,False,0,False,5,Tuned query/index or scaled resources; response time back within threshold.
INC100277,2026-07-16 14:01,2026-07-20 19:21,Network,VPN Failure,Core Banking App,P4 - Low,Resolved,Network Team,S. Priya,Batch Job Monitor,User Error,72,234,101.34,True,0,False,2,Restarted network service / re-routed traffic; confirmed connectivity restored.
INC102018,2026-07-16 18:48,2026-07-17 12:30,Server/Infra,Server Down,HR Portal,P4 - Low,Closed,Network Team,L. Chitra,Batch Job Monitor,Infra Failure,72,112,17.71,False,0,False,4,Freed disk space / restarted service; added monitoring alert to prevent recurrence.
INC100071,2026-07-16 19:35,2026-07-16 20:24,Application Issue,Feature Not Working,HR Portal,P1 - Critical,Closed,App Dev Team,T. Divya,Batch Job Monitor,Code Defect,4,13,0.82,False,0,True,5,Identified faulty code path; deployed hotfix / config change and validated with user.
INC101725,2026-07-16 19:39,2026-07-17 05:54,Security,Unauthorized Access Attempt,Order Management System,P3 - Medium,Resolved,L3 Engineering,B. Meena,Monitoring Alert,Third-Party Outage,24,106,10.25,False,0,False,4,"Investigated alert, confirmed false positive / revoked access; updated certificate."
INC100084,2026-07-17 05:46,2026-07-17 13:57,Integration/API,API Failure,Order Management System,P3 - Medium,Reopened,L3 Engineering,B. Meena,Batch Job Monitor,Unknown,24,18,8.19,False,1,False,4,Coordinated with third-party vendor / corrected payload mapping; retested integration.
INC100609,2026-07-17 11:19,2026-07-18 02:32,Integration/API,Third-Party Timeout,HR Portal,P2 - High,Resolved,App Dev Team,N. Fathima,End User,Data Issue,8,22,15.23,True,0,True,3,Coordinated with third-party vendor / corrected payload mapping; retested integration.
INC100787,2026-07-17 12:13,2026-07-17 21:04,Batch Job Failure,Job Failed - Data Error,Customer Support Portal,P3 - Medium,Closed,L3 Engineering,M. Kumar,Customer,Code Defect,24,51,8.85,False,0,False,4,Re-triggered job after correcting input file; added validation check.
INC101310,2026-07-17 13:18,2026-07-17 23:49,Security,Suspicious Login,Billing Engine,P2 - High,Resolved,L3 Engineering,B. Meena,Customer,Infra Failure,8,30,10.53,True,0,False,3,"Investigated alert, confirmed false positive / revoked access; updated certificate."
INC100468,2026-07-17 22:04,2026-07-19 03:10,Database,Deadlock,CRM Portal,P4 - Low,Resolved,DBA Team,K. Suresh,Support Team (Proactive),Capacity/Performance,72,155,29.11,False,0,False,4,Optimized query / cleared lock and restarted affected session; verified data integrity.
INC100459,2026-07-18 08:15,2026-07-18 14:20,Database,Data Corruption,Reporting Dashboard,P2 - High,Resolved,DBA Team,T. Divya,Support Team (Proactive),Data Issue,8,41,6.09,False,0,True,4,Optimized query / cleared lock and restarted affected session; verified data integrity.
INC101716,2026-07-18 11:05,2026-07-18 12:53,Server/Infra,Disk Space Full,Customer Support Portal,P1 - Critical,Resolved,L3 Engineering,P. Arjun,Monitoring Alert,User Error,4,16,1.8,False,0,False,2,Freed disk space / restarted service; added monitoring alert to prevent recurrence.
INC101892,2026-07-18 13:18,2026-07-19 05:57,Network,Latency,Order Management System,P3 - Medium,Closed,L2 Support,S. Priya,End User,Unknown,24,39,16.65,False,0,False,4,Restarted network service / re-routed traffic; confirmed connectivity restored.
INC100827,2026-07-18 14:34,2026-07-20 10:31,Network,Latency,Order Management System,P4 - Low,Resolved,L2 Support,S. Priya,Customer,Configuration Error,72,270,43.95,False,0,False,4,Restarted network service / re-routed traffic; confirmed connectivity restored.
INC100565,2026-07-18 20:14,2026-07-19 09:20,Server/Infra,CPU Spike,CRM Portal,P4 - Low,Resolved,Network Team,N. Fathima,Monitoring Alert,Third-Party Outage,72,154,13.1,False,0,False,5,Freed disk space / restarted service; added monitoring alert to prevent recurrence.
INC100438,2026-07-19 10:03,2026-07-19 19:06,Database,Data Corruption,Core Banking App,P3 - Medium,Closed,L3 Engineering,T. Divya,Monitoring Alert,Data Issue,24,101,9.06,False,0,False,5,Optimized query / cleared lock and restarted affected session; verified data integrity.
INC100655,2026-07-19 11:37,2026-07-20 08:02,Performance,Report Load Timeout,HR Portal,P3 - Medium,Reopened,DBA Team,M. Kumar,Customer,Infra Failure,24,57,20.42,False,1,False,4,Tuned query/index or scaled resources; response time back within threshold.
INC101374,2026-07-19 15:31,2026-07-19 21:30,Batch Job Failure,Job Not Triggered,Customer Support Portal,P2 - High,Resolved,App Dev Team,J. Antony,Support Team (Proactive),Code Defect,8,32,5.99,False,0,False,2,Re-triggered job after correcting input file; added validation check.
INC102100,2026-07-19 16:58,2026-07-20 03:42,Hardware,Peripheral Not Detected,Payment Gateway,P3 - Medium,Resolved,L1 Support,B. Meena,Monitoring Alert,Data Issue,24,30,10.74,False,0,True,2,Replaced/reset device; confirmed functioning with end user.
INC100783,2026-07-19 17:04,2026-07-21 15:09,Application Issue,Data Mismatch,Auth Service,P4 - Low,Resolved,App Dev Team,P. Arjun,Support Team (Proactive),Capacity/Performance,72,66,46.09,False,0,False,5,Identified faulty code path; deployed hotfix / config change and validated with user.
INC101805,2026-07-20 10:19,2026-07-21 02:01,Batch Job Failure,Duplicate Run,HR Portal,P3 - Medium,Closed,L3 Engineering,M. Kumar,End User,Data Issue,24,102,15.71,False,0,False,5,Re-triggered job after correcting input file; added validation check.
INC101236,2026-07-20 11:48,2026-07-20 21:42,Batch Job Failure,Job Timeout,HR Portal,P3 - Medium,Resolved,App Dev Team,B. Meena,Batch Job Monitor,Unknown,24,27,9.91,False,0,True,1,Re-triggered job after correcting input file; added validation check.
INC101604,2026-07-20 12:25,2026-07-20 15:56,Access/Authentication,Login Failure,CRM Portal,P2 - High,Resolved,L2 Support,V. Prasad,Customer,Infra Failure,8,25,3.53,False,0,False,5,Reset credentials / corrected access role; user confirmed successful login.
INC100895,2026-07-20 15:13,2026-07-21 04:16,Network,Latency,Customer Support Portal,P3 - Medium,Resolved,Network Team,V. Prasad,End User,User Error,24,25,13.06,False,0,False,4,Restarted network service / re-routed traffic; confirmed connectivity restored.
INC100644,2026-07-20 15:34,2026-07-21 00:47,Database,Query Timeout,Customer Support Portal,P3 - Medium,Resolved,L3 Engineering,T. Divya,Batch Job Monitor,Data Issue,24,25,9.23,False,0,False,3,Optimized query / cleared lock and restarted affected session; verified data integrity.
INC101624,2026-07-20 15:58,2026-07-20 22:16,Batch Job Failure,Job Failed - Data Error,Reporting Dashboard,P2 - High,Resolved,L3 Engineering,R. Iyer,End User,Configuration Error,8,9,6.3,False,0,False,5,Re-triggered job after correcting input file; added validation check.
INC101157,2026-07-20 18:10,2026-07-22 07:29,Application Issue,UI Error,HR Portal,P4 - Low,Resolved,L2 Support,S. Priya,Support Team (Proactive),Infra Failure,72,103,37.33,False,0,False,3,Identified faulty code path; deployed hotfix / config change and validated with user.
INC100268,2026-07-20 20:21,2026-07-21 16:36,Access/Authentication,SSO Error,Customer Support Portal,P3 - Medium,Reopened,L2 Support,T. Divya,End User,Capacity/Performance,24,48,20.25,False,1,False,2,Reset credentials / corrected access role; user confirmed successful login.
INC101722,2026-07-20 20:46,2026-07-22 15:46,Hardware,Device Offline,Payment Gateway,P3 - Medium,Resolved,L1 Support,R. Iyer,Monitoring Alert,Data Issue,24,90,43.01,True,0,False,3,Replaced/reset device; confirmed functioning with end user.
INC101508,2026-07-21 09:51,2026-07-21 20:18,Security,Suspicious Login,Reporting Dashboard,P3 - Medium,Closed,Network Team,S. Priya,Customer,User Error,24,60,10.46,False,0,False,3,"Investigated alert, confirmed false positive / revoked access; updated certificate."
INC100011,2026-07-21 10:57,2026-07-21 15:50,Application Issue,Feature Not Working,Order Management System,P2 - High,Resolved,App Dev Team,P. Arjun,Customer,Data Issue,8,9,4.89,False,0,False,4,Identified faulty code path; deployed hotfix / config change and validated with user.
INC100349,2026-07-21 12:08,2026-07-21 15:49,Application Issue,Application Crash,Billing Engine,P1 - Critical,Closed,L2 Support,N. Fathima,Customer,Configuration Error,4,13,3.69,False,0,True,5,Identified faulty code path; deployed hotfix / config change and validated with user.
INC101979,2026-07-21 21:47,2026-07-22 09:45,Database,Query Timeout,Customer Support Portal,P3 - Medium,Resolved,DBA Team,L. Chitra,End User,Code Defect,24,109,11.97,False,0,False,4,Optimized query / cleared lock and restarted affected session; verified data integrity.
INC102166,2026-07-21 23:52,2026-07-23 19:04,Access/Authentication,SSO Error,Inventory System,P4 - Low,Resolved,L2 Support,M. Kumar,End User,Capacity/Performance,72,256,43.2,False,0,False,5,Reset credentials / corrected access role; user confirmed successful login.
INC100224,2026-07-22 09:35,2026-07-25 00:06,Hardware,Peripheral Not Detected,Core Banking App,P3 - Medium,Resolved,L1 Support,N. Fathima,Monitoring Alert,Capacity/Performance,24,37,62.52,True,0,False,5,Replaced/reset device; confirmed functioning with end user.
INC101334,2026-07-22 09:39,2026-07-22 21:16,Hardware,Printer Issue,Order Management System,P1 - Critical,Resolved,L1 Support,B. Meena,End User,Infra Failure,4,15,11.62,True,0,True,1,Replaced/reset device; confirmed functioning with end user.
INC101585,2026-07-22 11:59,2026-07-23 05:11,Performance,Report Load Timeout,Auth Service,P3 - Medium,Closed,DBA Team,M. Kumar,End User,Data Issue,24,40,17.2,False,0,False,1,Tuned query/index or scaled resources; response time back within threshold.
INC101409,2026-07-22 18:35,2026-07-23 15:58,Batch Job Failure,Job Failed - Data Error,Order Management System,P2 - High,Closed,L3 Engineering,N. Fathima,Support Team (Proactive),Infra Failure,8,22,21.39,True,0,False,3,Re-triggered job after correcting input file; added validation check.
INC100974,2026-07-22 20:11,2026-07-23 18:16,Database,Connection Pool Exhausted,Customer Support Portal,P3 - Medium,Resolved,L3 Engineering,V. Prasad,Support Team (Proactive),Unknown,24,13,22.09,False,0,False,5,Optimized query / cleared lock and restarted affected session; verified data integrity.
INC101414,2026-07-22 20:18,2026-07-23 13:10,Batch Job Failure,Duplicate Run,Order Management System,P2 - High,Resolved,App Dev Team,N. Fathima,Monitoring Alert,User Error,8,14,16.88,True,0,False,3,Re-triggered job after correcting input file; added validation check.
INC100004,2026-07-23 05:23,2026-07-23 14:09,Batch Job Failure,Job Failed - Data Error,Payment Gateway,P3 - Medium,Reopened,App Dev Team,J. Antony,Monitoring Alert,Infra Failure,24,64,8.78,False,1,False,3,Re-triggered job after correcting input file; added validation check.
INC101193,2026-07-23 13:53,2026-07-28 03:54,Access/Authentication,Login Failure,Payment Gateway,P4 - Low,Resolved,L1 Support,K. Suresh,Support Team (Proactive),Code Defect,72,312,110.03,True,0,False,3,Reset credentials / corrected access role; user confirmed successful login.
INC102030,2026-07-23 14:12,2026-07-23 19:42,Integration/API,Third-Party Timeout,Reporting Dashboard,P2 - High,Resolved,L3 Engineering,P. Arjun,Batch Job Monitor,Third-Party Outage,8,33,5.51,False,0,False,5,Coordinated with third-party vendor / corrected payload mapping; retested integration.
INC101889,2026-07-23 16:37,2026-07-24 00:23,Hardware,Workstation Failure,HR Portal,P3 - Medium,Resolved,L1 Support,M. Kumar,End User,Configuration Error,24,33,7.77,False,0,False,4,Replaced/reset device; confirmed functioning with end user.
INC101797,2026-07-24 13:25,2026-07-25 10:15,Integration/API,Webhook Not Firing,Reporting Dashboard,P3 - Medium,Closed,L3 Engineering,B. Meena,End User,User Error,24,78,20.84,False,0,False,4,Coordinated with third-party vendor / corrected payload mapping; retested integration.
INC101342,2026-07-24 15:27,2026-07-25 01:14,Access/Authentication,Permission Denied,Auth Service,P3 - Medium,Resolved,L2 Support,V. Prasad,End User,Data Issue,24,49,9.79,False,0,False,4,Reset credentials / corrected access role; user confirmed successful login.
INC101073,2026-07-24 17:35,2026-07-24 18:49,Performance,API Latency,CRM Portal,P2 - High,Closed,L3 Engineering,S. Priya,Customer,Capacity/Performance,8,8,1.24,False,0,False,4,Tuned query/index or scaled resources; response time back within threshold.
INC100975,2026-07-24 20:18,2026-07-26 13:09,Performance,Report Load Timeout,CRM Portal,P3 - Medium,Closed,DBA Team,J. Antony,Monitoring Alert,Third-Party Outage,24,46,40.86,True,0,False,4,Tuned query/index or scaled resources; response time back within threshold.
INC100775,2026-07-25 09:59,2026-07-26 18:11,Performance,Report Load Timeout,Payment Gateway,P4 - Low,Closed,DBA Team,A. Rangan,Monitoring Alert,Third-Party Outage,72,391,32.21,False,0,False,2,Tuned query/index or scaled resources; response time back within threshold.
INC101747,2026-07-25 14:18,2026-07-27 10:29,Server/Infra,Server Down,Reporting Dashboard,P4 - Low,Closed,L3 Engineering,L. Chitra,Customer,Code Defect,72,287,44.19,False,0,False,3,Freed disk space / restarted service; added monitoring alert to prevent recurrence.
INC101773,2026-07-25 18:27,2026-07-26 03:00,Batch Job Failure,Duplicate Run,HR Portal,P3 - Medium,Resolved,App Dev Team,T. Divya,Monitoring Alert,Capacity/Performance,24,41,8.55,False,0,True,2,Re-triggered job after correcting input file; added validation check.
INC100001,2026-07-25 20:17,2026-07-25 21:39,Server/Infra,CPU Spike,Payment Gateway,P2 - High,Resolved,L3 Engineering,B. Meena,Customer,Code Defect,8,31,1.37,False,0,False,4,Freed disk space / restarted service; added monitoring alert to prevent recurrence.
INC100527,2026-07-25 22:49,2026-07-26 19:20,Server/Infra,Memory Leak,CRM Portal,P3 - Medium,Closed,Network Team,T. Divya,Customer,User Error,24,55,20.52,False,0,False,4,Freed disk space / restarted service; added monitoring alert to prevent recurrence.
INC100682,2026-07-26 06:47,2026-07-26 10:03,Network,DNS Issue,HR Portal,P1 - Critical,Resolved,Network Team,R. Iyer,Monitoring Alert,Third-Party Outage,4,8,3.27,False,0,False,3,Restarted network service / re-routed traffic; confirmed connectivity restored.
INC101588,2026-07-26 11:58,2026-07-27 01:22,Hardware,Device Offline,Auth Service,P1 - Critical,Resolved,L1 Support,R. Iyer,Support Team (Proactive),Code Defect,4,14,13.4,True,0,False,1,Replaced/reset device; confirmed functioning with end user.
INC101664,2026-07-26 13:30,2026-07-28 00:25,Security,Unauthorized Access Attempt,Core Banking App,P4 - Low,Resolved,Network Team,B. Meena,Batch Job Monitor,Code Defect,72,94,34.93,False,0,False,3,"Investigated alert, confirmed false positive / revoked access; updated certificate."
INC101013,2026-07-26 13:40,2026-07-26 22:22,Application Issue,Data Mismatch,HR Portal,P3 - Medium,Resolved,App Dev Team,V. Prasad,Support Team (Proactive),Data Issue,24,49,8.7,False,0,False,3,Identified faulty code path; deployed hotfix / config change and validated with user.
INC100133,2026-07-26 16:02,2026-07-28 00:20,Database,Query Timeout,Auth Service,P4 - Low,Resolved,DBA Team,P. Arjun,Monitoring Alert,Configuration Error,72,177,32.3,False,0,False,5,Optimized query / cleared lock and restarted affected session; verified data integrity.
INC100435,2026-07-26 18:03,2026-07-27 15:19,Hardware,Peripheral Not Detected,Customer Support Portal,P3 - Medium,Resolved,L1 Support,L. Chitra,Batch Job Monitor,Third-Party Outage,24,79,21.27,False,0,False,4,Replaced/reset device; confirmed functioning with end user.
INC102177,2026-07-26 18:28,2026-07-27 02:22,Access/Authentication,Permission Denied,Customer Support Portal,P3 - Medium,Resolved,L2 Support,J. Antony,Customer,Capacity/Performance,24,59,7.91,False,0,True,4,Reset credentials / corrected access role; user confirmed successful login.
INC100560,2026-07-26 21:11,2026-07-26 23:08,Hardware,Workstation Failure,Auth Service,P1 - Critical,Resolved,L1 Support,J. Antony,Batch Job Monitor,User Error,4,13,1.96,False,0,False,5,Replaced/reset device; confirmed functioning with end user.
INC100286,2026-07-26 21:31,2026-07-27 00:46,Hardware,Peripheral Not Detected,Order Management System,P1 - Critical,Resolved,L1 Support,A. Rangan,Monitoring Alert,Unknown,4,15,3.26,False,0,False,4,Replaced/reset device; confirmed functioning with end user.
INC100550,2026-07-27 04:15,2026-07-27 05:59,Database,Connection Pool Exhausted,Billing Engine,P2 - High,Resolved,DBA Team,A. Rangan,End User,Third-Party Outage,8,7,1.74,False,0,False,5,Optimized query / cleared lock and restarted affected session; verified data integrity.
INC100388,2026-07-27 11:30,2026-07-29 02:29,Security,Unauthorized Access Attempt,Customer Support Portal,P4 - Low,Resolved,L3 Engineering,M. Kumar,Customer,Configuration Error,72,275,38.99,False,0,True,5,"Investigated alert, confirmed false positive / revoked access; updated certificate."
INC100829,2026-07-27 20:57,2026-07-29 01:11,Server/Infra,Disk Space Full,Customer Support Portal,P4 - Low,Resolved,L3 Engineering,N. Fathima,Monitoring Alert,Configuration Error,72,159,28.24,False,0,False,4,Freed disk space / restarted service; added monitoring alert to prevent recurrence.
INC101267,2026-07-28 11:53,2026-07-28 13:56,Access/Authentication,SSO Error,Billing Engine,P2 - High,Resolved,L1 Support,N. Fathima,Batch Job Monitor,Capacity/Performance,8,17,2.06,False,0,False,3,Reset credentials / corrected access role; user confirmed successful login.
INC101140,2026-07-28 12:58,2026-07-29 09:56,Server/Infra,Disk Space Full,Order Management System,P3 - Medium,Resolved,L3 Engineering,R. Iyer,Batch Job Monitor,User Error,24,49,20.97,False,0,False,4,Freed disk space / restarted service; added monitoring alert to prevent recurrence.
INC100966,2026-07-28 13:24,2026-07-28 14:37,Hardware,Peripheral Not Detected,Reporting Dashboard,P1 - Critical,Resolved,L1 Support,P. Arjun,Batch Job Monitor,User Error,4,17,1.22,False,0,False,3,Replaced/reset device; confirmed functioning with end user.
INC101166,2026-07-28 14:24,2026-07-29 04:55,Access/Authentication,Login Failure,Billing Engine,P3 - Medium,Resolved,L1 Support,N. Fathima,Support Team (Proactive),User Error,24,25,14.53,False,0,False,4,Reset credentials / corrected access role; user confirmed successful login.
INC100470,2026-07-28 14:31,2026-07-28 18:17,Hardware,Device Offline,Reporting Dashboard,P2 - High,Reopened,L1 Support,L. Chitra,Customer,Unknown,8,28,3.77,False,1,True,3,Replaced/reset device; confirmed functioning with end user.
INC100593,2026-07-28 16:06,2026-07-28 23:36,Performance,API Latency,Reporting Dashboard,P2 - High,Resolved,DBA Team,S. Priya,Support Team (Proactive),Third-Party Outage,8,21,7.5,False,0,False,4,Tuned query/index or scaled resources; response time back within threshold.
INC100282,2026-07-28 17:50,2026-07-29 04:18,Database,Deadlock,Reporting Dashboard,P3 - Medium,Resolved,L3 Engineering,N. Fathima,Monitoring Alert,Code Defect,24,68,10.48,False,0,False,5,Optimized query / cleared lock and restarted affected session; verified data integrity.
INC101033,2026-07-28 20:10,2026-07-29 05:57,Integration/API,Webhook Not Firing,Customer Support Portal,P1 - Critical,Closed,L3 Engineering,P. Arjun,Monitoring Alert,Configuration Error,4,15,9.79,True,0,False,1,Coordinated with third-party vendor / corrected payload mapping; retested integration.
INC100579,2026-07-28 20:25,2026-07-29 21:07,Application Issue,Feature Not Working,Customer Support Portal,P4 - Low,Closed,App Dev Team,R. Iyer,Batch Job Monitor,User Error,72,247,24.71,False,0,True,4,Identified faulty code path; deployed hotfix / config change and validated with user.
INC100760,2026-07-29 04:00,2026-07-31 15:38,Access/Authentication,Password Reset,Billing Engine,P4 - Low,Resolved,L2 Support,N. Fathima,Customer,Data Issue,72,129,59.64,False,0,False,4,Reset credentials / corrected access role; user confirmed successful login.
INC101108,2026-07-29 09:17,2026-07-29 16:33,Performance,Page Load Delay,Order Management System,P2 - High,Closed,L3 Engineering,N. Fathima,Batch Job Monitor,Data Issue,8,20,7.28,False,0,False,5,Tuned query/index or scaled resources; response time back within threshold.
INC100410,2026-07-29 09:30,2026-07-30 11:03,Network,DNS Issue,Auth Service,P4 - Low,Resolved,Network Team,L. Chitra,Customer,Capacity/Performance,72,163,25.56,False,0,False,2,Restarted network service / re-routed traffic; confirmed connectivity restored.
INC100181,2026-07-29 15:56,2026-07-29 23:29,Hardware,Device Offline,HR Portal,P2 - High,Resolved,L1 Support,M. Kumar,Customer,Data Issue,8,13,7.56,False,0,False,1,Replaced/reset device; confirmed functioning with end user.
INC101571,2026-07-29 16:42,2026-07-29 22:51,Application Issue,Feature Not Working,Billing Engine,P3 - Medium,Resolved,App Dev Team,V. Prasad,Customer,Infra Failure,24,58,6.16,False,0,False,5,Identified faulty code path; deployed hotfix / config change and validated with user.
INC102011,2026-07-29 19:40,2026-07-30 16:49,Network,Firewall Block,Auth Service,P3 - Medium,Closed,Network Team,N. Fathima,End User,User Error,24,80,21.15,False,0,False,3,Restarted network service / re-routed traffic; confirmed connectivity restored.
INC101098,2026-07-29 21:01,2026-07-31 08:35,Hardware,Device Offline,CRM Portal,P4 - Low,Resolved,L1 Support,N. Fathima,Customer,Unknown,72,288,35.57,False,0,False,4,Replaced/reset device; confirmed functioning with end user.
INC100136,2026-07-30 10:25,2026-07-30 22:20,Performance,Page Load Delay,Core Banking App,P3 - Medium,Closed,L3 Engineering,L. Chitra,Monitoring Alert,Configuration Error,24,64,11.93,False,0,False,4,Tuned query/index or scaled resources; response time back within threshold.
INC101644,2026-07-30 15:04,2026-08-02 05:09,Server/Infra,CPU Spike,Customer Support Portal,P4 - Low,Resolved,Network Team,A. Rangan,Support Team (Proactive),Unknown,72,169,62.09,False,0,True,4,Freed disk space / restarted service; added monitoring alert to prevent recurrence.
INC100913,2026-07-30 20:52,2026-07-31 05:06,Network,VPN Failure,Customer Support Portal,P3 - Medium,Resolved,Network Team,M. Kumar,Monitoring Alert,Code Defect,24,27,8.24,False,0,False,4,Restarted network service / re-routed traffic; confirmed connectivity restored.
INC100269,2026-07-30 21:18,2026-07-31 13:12,Batch Job Failure,Job Not Triggered,Inventory System,P3 - Medium,Reopened,L3 Engineering,S. Priya,Customer,User Error,24,2,15.9,False,1,False,3,Re-triggered job after correcting input file; added validation check.
INC101495,2026-07-31 09:00,2026-07-31 22:53,Security,Certificate Expiry,Billing Engine,P2 - High,Resolved,Network Team,J. Antony,Customer,Unknown,8,18,13.89,True,0,False,1,"Investigated alert, confirmed false positive / revoked access; updated certificate."
INC101303,2026-07-31 09:53,2026-08-02 09:03,Access/Authentication,SSO Error,Core Banking App,P4 - Low,Resolved,L1 Support,N. Fathima,Monitoring Alert,Third-Party Outage,72,223,47.17,False,0,True,4,Reset credentials / corrected access role; user confirmed successful login.
INC100102,2026-07-31 18:26,2026-08-01 13:32,Security,Suspicious Login,Customer Support Portal,P3 - Medium,Resolved,L3 Engineering,P. Arjun,Batch Job Monitor,Unknown,24,34,19.1,False,0,False,4,"Investigated alert, confirmed false positive / revoked access; updated certificate."
INC100520,2026-08-01 17:16,2026-08-04 10:31,Application Issue,UI Error,Customer Support Portal,P4 - Low,Resolved,App Dev Team,T. Divya,Support Team (Proactive),Infra Failure,72,95,65.25,False,0,False,4,Identified faulty code path; deployed hotfix / config change and validated with user.
INC101645,2026-08-01 18:57,2026-08-03 23:55,Performance,Report Load Timeout,Inventory System,P3 - Medium,Resolved,DBA Team,B. Meena,Monitoring Alert,Unknown,24,98,52.97,True,0,True,2,Tuned query/index or scaled resources; response time back within threshold.
INC100661,2026-08-02 12:23,2026-08-03 11:36,Hardware,Workstation Failure,Customer Support Portal,P4 - Low,Closed,L1 Support,L. Chitra,Monitoring Alert,User Error,72,230,23.22,False,0,True,5,Replaced/reset device; confirmed functioning with end user.
INC102189,2026-08-02 13:45,2026-08-04 19:11,Security,Suspicious Login,CRM Portal,P4 - Low,Resolved,L3 Engineering,J. Antony,Batch Job Monitor,User Error,72,232,53.44,False,0,False,4,"Investigated alert, confirmed false positive / revoked access; updated certificate."
INC102118,2026-08-02 21:47,2026-08-03 06:19,Database,Data Corruption,Reporting Dashboard,P3 - Medium,Resolved,DBA Team,M. Kumar,Batch Job Monitor,User Error,24,61,8.54,False,0,False,5,Optimized query / cleared lock and restarted affected session; verified data integrity.
INC100534,2026-08-03 05:08,2026-08-03 13:48,Batch Job Failure,Duplicate Run,Order Management System,P1 - Critical,Resolved,App Dev Team,K. Suresh,Batch Job Monitor,Code Defect,4,12,8.67,True,0,False,1,Re-triggered job after correcting input file; added validation check.
INC100619,2026-08-03 09:58,2026-08-04 06:53,Batch Job Failure,Job Failed - Data Error,Inventory System,P3 - Medium,Resolved,L3 Engineering,A. Rangan,Monitoring Alert,Third-Party Outage,24,12,20.93,False,0,False,4,Re-triggered job after correcting input file; added validation check.
INC100048,2026-08-03 14:26,2026-08-04 04:35,Application Issue,Application Crash,Billing Engine,P3 - Medium,Reopened,App Dev Team,P. Arjun,Customer,Code Defect,24,65,14.15,False,1,False,3,Identified faulty code path; deployed hotfix / config change and validated with user.
INC101961,2026-08-03 14:26,2026-08-03 20:57,Batch Job Failure,Job Timeout,Reporting Dashboard,P2 - High,Resolved,L3 Engineering,A. Rangan,Support Team (Proactive),Configuration Error,8,3,6.53,False,0,False,4,Re-triggered job after correcting input file; added validation check.
INC100838,2026-08-03 15:07,2026-08-03 19:35,Hardware,Printer Issue,CRM Portal,P2 - High,Resolved,L1 Support,M. Kumar,Customer,Code Defect,8,28,4.47,False,0,False,4,Replaced/reset device; confirmed functioning with end user.
INC100302,2026-08-03 20:24,2026-08-04 02:31,Hardware,Workstation Failure,Billing Engine,P3 - Medium,Resolved,L1 Support,V. Prasad,Batch Job Monitor,Third-Party Outage,24,31,6.13,False,0,False,4,Replaced/reset device; confirmed functioning with end user.
INC100242,2026-08-04 18:09,2026-08-06 21:58,Security,Vulnerability Alert,Auth Service,P4 - Low,Resolved,Network Team,A. Rangan,Batch Job Monitor,Data Issue,72,133,51.82,False,0,False,4,"Investigated alert, confirmed false positive / revoked access; updated certificate."
INC100725,2026-08-04 20:31,2026-08-07 12:31,Server/Infra,Server Down,Billing Engine,P4 - Low,Resolved,Network Team,A. Rangan,End User,Code Defect,72,143,64.0,False,0,False,3,Freed disk space / restarted service; added monitoring alert to prevent recurrence.
INC100956,2026-08-04 21:21,2026-08-07 04:30,Hardware,Device Offline,HR Portal,P4 - Low,Resolved,L1 Support,B. Meena,Monitoring Alert,Configuration Error,72,142,55.16,False,0,True,5,Replaced/reset device; confirmed functioning with end user.
INC102073,2026-08-05 13:57,2026-08-06 10:21,Access/Authentication,Password Reset,Inventory System,P3 - Medium,Closed,L1 Support,P. Arjun,Customer,Data Issue,24,22,20.4,False,0,False,5,Reset credentials / corrected access role; user confirmed successful login.
INC101354,2026-08-05 15:49,2026-08-06 03:16,Performance,API Latency,CRM Portal,P2 - High,Resolved,L3 Engineering,B. Meena,Batch Job Monitor,Capacity/Performance,8,28,11.46,True,0,False,3,Tuned query/index or scaled resources; response time back within threshold.
INC100628,2026-08-06 01:15,2026-08-07 23:19,Integration/API,API Failure,Billing Engine,P4 - Low,Resolved,App Dev Team,T. Divya,End User,Capacity/Performance,72,227,46.08,False,0,False,4,Coordinated with third-party vendor / corrected payload mapping; retested integration.
INC101385,2026-08-06 10:32,2026-08-07 09:15,Performance,Report Load Timeout,CRM Portal,P3 - Medium,Resolved,L3 Engineering,T. Divya,Support Team (Proactive),Third-Party Outage,24,91,22.72,False,0,True,3,Tuned query/index or scaled resources; response time back within threshold.
INC100658,2026-08-06 11:29,2026-08-06 15:38,Batch Job Failure,Job Timeout,Auth Service,P3 - Medium,Resolved,App Dev Team,N. Fathima,Customer,Capacity/Performance,24,66,4.16,False,0,False,3,Re-triggered job after correcting input file; added validation check.
INC101499,2026-08-06 11:57,2026-08-06 17:47,Performance,Page Load Delay,Auth Service,P2 - High,Resolved,DBA Team,K. Suresh,Batch Job Monitor,User Error,8,24,5.84,False,0,False,5,Tuned query/index or scaled resources; response time back within threshold.
INC101277,2026-08-06 12:10,2026-08-06 18:26,Access/Authentication,Permission Denied,Auth Service,P2 - High,Resolved,L1 Support,B. Meena,Batch Job Monitor,Infra Failure,8,22,6.27,False,0,False,4,Reset credentials / corrected access role; user confirmed successful login.
INC100508,2026-08-06 12:13,2026-08-06 15:04,Network,VPN Failure,Core Banking App,P2 - High,Resolved,Network Team,T. Divya,Customer,User Error,8,39,2.85,False,0,True,5,Restarted network service / re-routed traffic; confirmed connectivity restored.
INC101557,2026-08-06 18:56,2026-08-07 04:45,Network,Latency,Order Management System,P3 - Medium,Closed,L2 Support,B. Meena,Customer,Third-Party Outage,24,125,9.82,False,0,False,4,Restarted network service / re-routed traffic; confirmed connectivity restored.
INC101611,2026-08-06 19:16,2026-08-07 00:37,Hardware,Device Offline,Reporting Dashboard,P2 - High,Closed,L1 Support,N. Fathima,Support Team (Proactive),Third-Party Outage,8,21,5.35,False,0,True,4,Replaced/reset device; confirmed functioning with end user.
INC101352,2026-08-06 20:54,2026-08-08 11:40,Performance,API Latency,Payment Gateway,P4 - Low,Resolved,DBA Team,B. Meena,Customer,User Error,72,116,38.78,False,0,False,3,Tuned query/index or scaled resources; response time back within threshold.
INC100704,2026-08-07 20:48,2026-08-08 03:35,Batch Job Failure,Duplicate Run,Auth Service,P2 - High,Resolved,L3 Engineering,N. Fathima,Batch Job Monitor,Unknown,8,22,6.79,False,0,False,1,Re-triggered job after correcting input file; added validation check.
INC101852,2026-08-07 21:14,2026-08-08 19:27,Integration/API,Webhook Not Firing,Core Banking App,P3 - Medium,Reopened,L3 Engineering,K. Suresh,Monitoring Alert,Unknown,24,104,22.22,False,1,False,3,Coordinated with third-party vendor / corrected payload mapping; retested integration.
INC100018,2026-08-08 09:59,2026-08-08 12:29,Database,Deadlock,Payment Gateway,P2 - High,Resolved,DBA Team,R. Iyer,Batch Job Monitor,Data Issue,8,35,2.5,False,0,False,4,Optimized query / cleared lock and restarted affected session; verified data integrity.
INC101958,2026-08-08 11:52,2026-08-08 17:59,Integration/API,Payload Mismatch,Core Banking App,P3 - Medium,Resolved,App Dev Team,T. Divya,Batch Job Monitor,Configuration Error,24,41,6.13,False,0,False,5,Coordinated with third-party vendor / corrected payload mapping; retested integration.
INC101985,2026-08-08 14:41,2026-08-09 00:56,Hardware,Peripheral Not Detected,Order Management System,P2 - High,Resolved,L1 Support,V. Prasad,Support Team (Proactive),Unknown,8,25,10.26,True,0,False,2,Replaced/reset device; confirmed functioning with end user.
INC101241,2026-08-08 15:51,2026-08-08 17:37,Integration/API,Third-Party Timeout,Billing Engine,P2 - High,Resolved,App Dev Team,K. Suresh,Support Team (Proactive),Third-Party Outage,8,17,1.77,False,0,False,3,Coordinated with third-party vendor / corrected payload mapping; retested integration.
INC101415,2026-08-08 19:26,2026-08-09 03:16,Performance,API Latency,Payment Gateway,P3 - Medium,Resolved,DBA Team,N. Fathima,End User,Capacity/Performance,24,47,7.84,False,0,False,3,Tuned query/index or scaled resources; response time back within threshold.
INC102056,2026-08-08 21:59,2026-08-09 10:18,Batch Job Failure,Job Failed - Data Error,Payment Gateway,P4 - Low,Resolved,L3 Engineering,T. Divya,Customer,Data Issue,72,332,12.32,False,0,False,4,Re-triggered job after correcting input file; added validation check.
INC102048,2026-08-09 03:45,2026-08-10 04:31,Integration/API,Third-Party Timeout,Auth Service,P2 - High,Closed,App Dev Team,K. Suresh,Monitoring Alert,Third-Party Outage,8,35,24.78,True,0,False,5,Coordinated with third-party vendor / corrected payload mapping; retested integration.
INC100882,2026-08-09 08:25,2026-08-10 15:51,Access/Authentication,Login Failure,Core Banking App,P3 - Medium,Resolved,L1 Support,N. Fathima,Monitoring Alert,Capacity/Performance,24,38,31.44,True,0,False,4,Reset credentials / corrected access role; user confirmed successful login.
INC100744,2026-08-09 16:16,2026-08-09 22:10,Database,Connection Pool Exhausted,Core Banking App,P3 - Medium,Resolved,DBA Team,S. Priya,Monitoring Alert,Unknown,24,103,5.91,False,0,False,3,Optimized query / cleared lock and restarted affected session; verified data integrity.
INC100220,2026-08-09 16:33,2026-08-10 06:52,Security,Suspicious Login,Order Management System,P3 - Medium,Reopened,L3 Engineering,T. Divya,Customer,Infra Failure,24,80,14.32,False,1,False,1,"Investigated alert, confirmed false positive / revoked access; updated certificate."
INC100540,2026-08-09 17:49,2026-08-09 23:05,Network,DNS Issue,Reporting Dashboard,P3 - Medium,Resolved,L2 Support,K. Suresh,Batch Job Monitor,Data Issue,24,92,5.27,False,0,False,4,Restarted network service / re-routed traffic; confirmed connectivity restored.
INC101324,2026-08-09 18:42,2026-08-10 01:45,Database,Data Corruption,Inventory System,P1 - Critical,Closed,L3 Engineering,A. Rangan,End User,User Error,4,3,7.06,True,0,False,1,Optimized query / cleared lock and restarted affected session; verified data integrity.
INC101037,2026-08-09 19:38,2026-08-10 16:13,Database,Deadlock,Customer Support Portal,P3 - Medium,Closed,L3 Engineering,J. Antony,Customer,Capacity/Performance,24,89,20.59,False,0,False,4,Optimized query / cleared lock and restarted affected session; verified data integrity.
INC100306,2026-08-10 06:04,2026-08-10 19:16,Network,Firewall Block,Inventory System,P4 - Low,Closed,L2 Support,N. Fathima,Monitoring Alert,Capacity/Performance,72,215,13.21,False,0,False,4,Restarted network service / re-routed traffic; confirmed connectivity restored.
INC102107,2026-08-10 11:10,2026-08-10 13:54,Security,Vulnerability Alert,HR Portal,P1 - Critical,Closed,L3 Engineering,M. Kumar,Support Team (Proactive),User Error,4,20,2.74,False,0,True,3,"Investigated alert, confirmed false positive / revoked access; updated certificate."
INC102010,2026-08-10 11:31,2026-08-10 18:22,Performance,Report Load Timeout,Reporting Dashboard,P3 - Medium,Reopened,L3 Engineering,K. Suresh,Support Team (Proactive),Configuration Error,24,85,6.85,False,1,False,3,Tuned query/index or scaled resources; response time back within threshold.
INC100824,2026-08-10 12:15,2026-08-12 17:49,Integration/API,API Failure,Core Banking App,P4 - Low,Resolved,L3 Engineering,J. Antony,Customer,Data Issue,72,28,53.57,False,0,False,3,Coordinated with third-party vendor / corrected payload mapping; retested integration.
INC101252,2026-08-10 21:16,2026-08-11 05:51,Hardware,Device Offline,Order Management System,P3 - Medium,Resolved,L1 Support,A. Rangan,Batch Job Monitor,Third-Party Outage,24,69,8.59,False,0,False,2,Replaced/reset device; confirmed functioning with end user.
INC102046,2026-08-10 21:23,2026-08-12 07:44,Server/Infra,Memory Leak,Order Management System,P3 - Medium,Resolved,Network Team,P. Arjun,Batch Job Monitor,Capacity/Performance,24,61,34.36,True,0,False,4,Freed disk space / restarted service; added monitoring alert to prevent recurrence.
INC100062,2026-08-10 22:34,2026-08-17 02:19,Performance,Report Load Timeout,Payment Gateway,P4 - Low,Resolved,DBA Team,B. Meena,Customer,User Error,72,159,147.76,True,0,False,5,Tuned query/index or scaled resources; response time back within threshold.
INC100129,2026-08-11 09:55,2026-08-12 07:40,Database,Deadlock,Billing Engine,P4 - Low,Closed,DBA Team,N. Fathima,Monitoring Alert,Third-Party Outage,72,128,21.75,False,0,False,5,Optimized query / cleared lock and restarted affected session; verified data integrity.
INC101688,2026-08-11 10:09,2026-08-11 17:43,Access/Authentication,Login Failure,Reporting Dashboard,P2 - High,Resolved,L2 Support,T. Divya,Batch Job Monitor,Code Defect,8,14,7.58,False,0,False,5,Reset credentials / corrected access role; user confirmed successful login.
INC101282,2026-08-11 12:50,2026-08-11 16:26,Performance,Slow Response Time,Billing Engine,P1 - Critical,Resolved,DBA Team,R. Iyer,End User,Capacity/Performance,4,14,3.6,False,0,False,4,Tuned query/index or scaled resources; response time back within threshold.
INC101927,2026-08-11 20:13,2026-08-14 21:19,Server/Infra,Memory Leak,Customer Support Portal,P3 - Medium,Resolved,Network Team,A. Rangan,Batch Job Monitor,Code Defect,24,51,73.11,True,0,True,3,Freed disk space / restarted service; added monitoring alert to prevent recurrence.
INC101575,2026-08-11 20:14,2026-08-12 05:38,Hardware,Device Offline,Reporting Dashboard,P3 - Medium,Resolved,L1 Support,J. Antony,Customer,Capacity/Performance,24,42,9.41,False,0,False,5,Replaced/reset device; confirmed functioning with end user.
INC100852,2026-08-11 21:56,2026-08-12 15:02,Hardware,Peripheral Not Detected,Inventory System,P3 - Medium,Resolved,L1 Support,N. Fathima,Support Team (Proactive),Data Issue,24,100,17.11,False,0,False,5,Replaced/reset device; confirmed functioning with end user.
INC101912,2026-08-12 09:51,2026-08-13 04:46,Network,Latency,Auth Service,P3 - Medium,Resolved,L2 Support,K. Suresh,Monitoring Alert,Code Defect,24,76,18.93,False,0,False,4,Restarted network service / re-routed traffic; confirmed connectivity restored.
INC101777,2026-08-12 13:16,2026-08-13 01:20,Batch Job Failure,Job Timeout,Billing Engine,P3 - Medium,Resolved,L3 Engineering,K. Suresh,Monitoring Alert,User Error,24,47,12.07,False,0,True,3,Re-triggered job after correcting input file; added validation check.
INC101351,2026-08-12 15:30,2026-08-13 11:16,Batch Job Failure,Job Failed - Data Error,Auth Service,P3 - Medium,Resolved,App Dev Team,T. Divya,Support Team (Proactive),Code Defect,24,73,19.78,False,0,False,4,Re-triggered job after correcting input file; added validation check.
INC100564,2026-08-12 15:57,2026-08-13 11:54,Hardware,Printer Issue,CRM Portal,P3 - Medium,Resolved,L1 Support,B. Meena,Customer,Unknown,24,2,19.96,False,0,False,3,Replaced/reset device; confirmed functioning with end user.
INC101450,2026-08-12 16:40,2026-08-12 23:17,Hardware,Device Offline,Inventory System,P1 - Critical,Resolved,L1 Support,K. Suresh,Batch Job Monitor,Data Issue,4,12,6.63,True,0,False,3,Replaced/reset device; confirmed functioning with end user.
INC101791,2026-08-12 18:34,2026-08-12 22:33,Hardware,Device Offline,CRM Portal,P2 - High,Resolved,L1 Support,L. Chitra,Monitoring Alert,Code Defect,8,27,3.99,False,0,False,5,Replaced/reset device; confirmed functioning with end user.
INC100046,2026-08-12 18:37,2026-08-13 09:27,Application Issue,Feature Not Working,CRM Portal,P3 - Medium,Resolved,App Dev Team,J. Antony,Customer,User Error,24,72,14.84,False,0,True,4,Identified faulty code path; deployed hotfix / config change and validated with user.
INC101607,2026-08-13 13:06,2026-08-14 07:41,Access/Authentication,Password Reset,Payment Gateway,P3 - Medium,Resolved,L2 Support,R. Iyer,Support Team (Proactive),Infra Failure,24,24,18.59,False,0,False,4,Reset credentials / corrected access role; user confirmed successful login.
INC102175,2026-08-13 15:26,2026-08-16 05:04,Hardware,Peripheral Not Detected,Billing Engine,P4 - Low,Resolved,L1 Support,V. Prasad,Monitoring Alert,Capacity/Performance,72,179,61.64,False,0,True,5,Replaced/reset device; confirmed functioning with end user.
INC100523,2026-08-13 20:09,2026-08-14 00:07,Hardware,Workstation Failure,HR Portal,P2 - High,Resolved,L1 Support,L. Chitra,Batch Job Monitor,Infra Failure,8,19,3.98,False,0,True,4,Replaced/reset device; confirmed functioning with end user.
INC100516,2026-08-14 01:06,2026-08-14 06:18,Batch Job Failure,Duplicate Run,Core Banking App,P2 - High,Resolved,App Dev Team,J. Antony,Batch Job Monitor,Capacity/Performance,8,39,5.21,False,0,False,2,Re-triggered job after correcting input file; added validation check.
INC102165,2026-08-14 10:19,2026-08-14 22:01,Hardware,Peripheral Not Detected,Core Banking App,P3 - Medium,Resolved,L1 Support,A. Rangan,Monitoring Alert,Capacity/Performance,24,59,11.71,False,0,True,4,Replaced/reset device; confirmed functioning with end user.
INC101673,2026-08-14 11:14,2026-08-14 17:00,Performance,API Latency,CRM Portal,P2 - High,Resolved,L3 Engineering,R. Iyer,Customer,User Error,8,37,5.77,False,0,False,2,Tuned query/index or scaled resources; response time back within threshold.
INC100611,2026-08-14 15:25,2026-08-16 17:34,Database,Connection Pool Exhausted,Billing Engine,P4 - Low,Resolved,L3 Engineering,M. Kumar,Support Team (Proactive),Capacity/Performance,72,152,50.16,False,0,False,3,Optimized query / cleared lock and restarted affected session; verified data integrity.
INC100243,2026-08-14 16:29,2026-08-16 10:18,Integration/API,Third-Party Timeout,Inventory System,P4 - Low,Resolved,App Dev Team,M. Kumar,Support Team (Proactive),Configuration Error,72,257,41.82,False,0,True,5,Coordinated with third-party vendor / corrected payload mapping; retested integration.
INC101918,2026-08-14 16:39,2026-08-17 02:22,Performance,API Latency,Billing Engine,P4 - Low,Resolved,DBA Team,T. Divya,End User,Data Issue,72,304,57.73,False,0,True,5,Tuned query/index or scaled resources; response time back within threshold.
INC100526,2026-08-14 17:35,2026-08-14 23:55,Security,Unauthorized Access Attempt,CRM Portal,P3 - Medium,Resolved,L3 Engineering,A. Rangan,Support Team (Proactive),Infra Failure,24,49,6.34,False,0,False,4,"Investigated alert, confirmed false positive / revoked access; updated certificate."
INC101331,2026-08-14 19:57,2026-08-15 14:46,Server/Infra,Disk Space Full,Payment Gateway,P3 - Medium,Closed,Network Team,V. Prasad,End User,Third-Party Outage,24,55,18.82,False,0,True,5,Freed disk space / restarted service; added monitoring alert to prevent recurrence.
INC100107,2026-08-15 11:06,2026-08-16 17:04,Performance,API Latency,Reporting Dashboard,P4 - Low,Resolved,DBA Team,M. Kumar,Monitoring Alert,Capacity/Performance,72,158,29.98,False,0,False,4,Tuned query/index or scaled resources; response time back within threshold.
INC101070,2026-08-15 12:42,2026-08-15 23:32,Server/Infra,Server Down,Reporting Dashboard,P3 - Medium,Closed,L3 Engineering,A. Rangan,End User,Capacity/Performance,24,33,10.84,False,0,False,3,Freed disk space / restarted service; added monitoring alert to prevent recurrence.
INC101596,2026-08-15 13:31,2026-08-15 22:16,Performance,Page Load Delay,Billing Engine,P3 - Medium,Resolved,DBA Team,R. Iyer,Batch Job Monitor,Data Issue,24,79,8.76,False,0,False,4,Tuned query/index or scaled resources; response time back within threshold.
INC100416,2026-08-15 14:37,2026-08-15 17:32,Database,Connection Pool Exhausted,Payment Gateway,P2 - High,Resolved,L3 Engineering,L. Chitra,Customer,Unknown,8,27,2.92,False,0,True,4,Optimized query / cleared lock and restarted affected session; verified data integrity.
INC100930,2026-08-15 14:39,2026-08-17 14:16,Batch Job Failure,Job Failed - Data Error,Payment Gateway,P4 - Low,Resolved,L3 Engineering,B. Meena,End User,Configuration Error,72,47,47.62,False,0,False,3,Re-triggered job after correcting input file; added validation check.
INC101573,2026-08-15 17:27,2026-08-15 20:37,Network,Latency,Core Banking App,P2 - High,Closed,L2 Support,S. Priya,Monitoring Alert,Configuration Error,8,15,3.17,False,0,False,3,Restarted network service / re-routed traffic; confirmed connectivity restored.
INC100512,2026-08-15 18:18,2026-08-16 02:02,Network,VPN Failure,HR Portal,P3 - Medium,Resolved,Network Team,R. Iyer,Support Team (Proactive),Unknown,24,62,7.74,False,0,True,5,Restarted network service / re-routed traffic; confirmed connectivity restored.
INC102051,2026-08-15 19:51,2026-08-16 03:27,Network,Firewall Block,Customer Support Portal,P3 - Medium,Closed,Network Team,M. Kumar,Monitoring Alert,User Error,24,71,7.61,False,0,False,5,Restarted network service / re-routed traffic; confirmed connectivity restored.
INC100207,2026-08-15 20:05,2026-08-16 06:40,Server/Infra,Server Down,HR Portal,P2 - High,Resolved,Network Team,T. Divya,Batch Job Monitor,User Error,8,15,10.59,True,0,False,3,Freed disk space / restarted service; added monitoring alert to prevent recurrence.
INC100341,2026-08-16 03:58,2026-08-17 17:19,Hardware,Peripheral Not Detected,Auth Service,P4 - Low,Resolved,L1 Support,T. Divya,Batch Job Monitor,User Error,72,197,37.36,False,0,False,3,Replaced/reset device; confirmed functioning with end user.
INC101897,2026-08-16 07:14,2026-08-21 07:45,Server/Infra,Server Down,Inventory System,P4 - Low,Resolved,L3 Engineering,B. Meena,Customer,Unknown,72,195,120.52,True,0,False,2,Freed disk space / restarted service; added monitoring alert to prevent recurrence.
INC100684,2026-08-16 12:21,2026-08-17 00:04,Hardware,Peripheral Not Detected,Order Management System,P2 - High,Resolved,L1 Support,K. Suresh,Customer,User Error,8,20,11.72,True,0,True,2,Replaced/reset device; confirmed functioning with end user.
INC100770,2026-08-16 17:10,2026-08-17 00:24,Database,Data Corruption,CRM Portal,P2 - High,Resolved,L3 Engineering,N. Fathima,Support Team (Proactive),Capacity/Performance,8,16,7.24,False,0,False,2,Optimized query / cleared lock and restarted affected session; verified data integrity.
INC100769,2026-08-16 19:23,2026-08-17 13:06,Security,Certificate Expiry,CRM Portal,P4 - Low,Reopened,Network Team,N. Fathima,End User,Code Defect,72,318,17.73,False,1,True,5,"Investigated alert, confirmed false positive / revoked access; updated certificate."
INC101850,2026-08-16 19:34,2026-08-17 08:31,Hardware,Workstation Failure,Reporting Dashboard,P3 - Medium,Resolved,L1 Support,P. Arjun,End User,Infra Failure,24,57,12.95,False,0,False,5,Replaced/reset device; confirmed functioning with end user.
INC102087,2026-08-17 09:08,2026-08-17 22:44,Performance,API Latency,Inventory System,P4 - Low,Closed,DBA Team,K. Suresh,Customer,Unknown,72,53,13.6,False,0,False,1,Tuned query/index or scaled resources; response time back within threshold.
INC101281,2026-08-17 09:30,2026-08-17 14:49,Performance,Report Load Timeout,Order Management System,P3 - Medium,Closed,DBA Team,A. Rangan,End User,Third-Party Outage,24,62,5.33,False,0,False,5,Tuned query/index or scaled resources; response time back within threshold.
INC101107,2026-08-17 11:11,2026-08-17 14:18,Batch Job Failure,Duplicate Run,CRM Portal,P1 - Critical,Resolved,L3 Engineering,K. Suresh,Batch Job Monitor,Code Defect,4,14,3.13,False,0,True,5,Re-triggered job after correcting input file; added validation check.
INC100689,2026-08-17 21:23,2026-08-18 03:06,Application Issue,Data Mismatch,Payment Gateway,P2 - High,Closed,App Dev Team,J. Antony,Customer,Data Issue,8,37,5.72,False,0,True,3,Identified faulty code path; deployed hotfix / config change and validated with user.
INC101084,2026-08-18 02:30,2026-08-20 10:31,Access/Authentication,Permission Denied,Core Banking App,P4 - Low,Resolved,L1 Support,B. Meena,Support Team (Proactive),Data Issue,72,200,56.03,False,0,False,5,Reset credentials / corrected access role; user confirmed successful login.
INC101338,2026-08-18 10:31,2026-08-18 19:10,Security,Unauthorized Access Attempt,Auth Service,P1 - Critical,Resolved,L3 Engineering,A. Rangan,Monitoring Alert,Capacity/Performance,4,20,8.66,True,0,True,3,"Investigated alert, confirmed false positive / revoked access; updated certificate."
INC101750,2026-08-18 12:20,2026-08-18 19:43,Application Issue,UI Error,Customer Support Portal,P3 - Medium,Resolved,L2 Support,V. Prasad,Support Team (Proactive),Infra Failure,24,59,7.39,False,0,True,4,Identified faulty code path; deployed hotfix / config change and validated with user.
INC100493,2026-08-18 12:38,2026-08-18 14:38,Performance,API Latency,Core Banking App,P2 - High,Resolved,L3 Engineering,N. Fathima,End User,Data Issue,8,54,2.0,False,0,False,4,Tuned query/index or scaled resources; response time back within threshold.
INC102156,2026-08-18 15:20,2026-08-21 01:21,Network,Latency,Auth Service,P4 - Low,Resolved,L2 Support,R. Iyer,Support Team (Proactive),Code Defect,72,40,58.03,False,0,True,4,Restarted network service / re-routed traffic; confirmed connectivity restored.
INC100985,2026-08-18 16:32,2026-08-18 21:18,Hardware,Device Offline,Order Management System,P3 - Medium,Closed,L1 Support,P. Arjun,Support Team (Proactive),Third-Party Outage,24,73,4.77,False,0,False,5,Replaced/reset device; confirmed functioning with end user.
INC102044,2026-08-18 20:52,2026-08-19 09:33,Integration/API,Webhook Not Firing,HR Portal,P3 - Medium,Resolved,App Dev Team,T. Divya,Monitoring Alert,User Error,24,106,12.69,False,0,False,4,Coordinated with third-party vendor / corrected payload mapping; retested integration.
INC101863,2026-08-19 07:34,2026-08-20 06:07,Integration/API,API Failure,Reporting Dashboard,P3 - Medium,Resolved,App Dev Team,J. Antony,Support Team (Proactive),Code Defect,24,47,22.56,False,0,False,4,Coordinated with third-party vendor / corrected payload mapping; retested integration.
INC102064,2026-08-19 15:09,2026-08-22 06:01,Database,Data Corruption,HR Portal,P4 - Low,Resolved,DBA Team,R. Iyer,Support Team (Proactive),Data Issue,72,356,62.88,False,0,False,5,Optimized query / cleared lock and restarted affected session; verified data integrity.
INC101136,2026-08-19 15:48,2026-08-20 04:04,Hardware,Peripheral Not Detected,Customer Support Portal,P3 - Medium,Closed,L1 Support,K. Suresh,Customer,Data Issue,24,101,12.27,False,0,False,3,Replaced/reset device; confirmed functioning with end user.
INC101672,2026-08-19 17:30,2026-08-20 15:02,Hardware,Workstation Failure,Order Management System,P3 - Medium,Resolved,L1 Support,J. Antony,End User,Data Issue,24,49,21.54,False,0,False,4,Replaced/reset device; confirmed functioning with end user.
INC100490,2026-08-19 19:30,2026-08-19 22:21,Database,Connection Pool Exhausted,Billing Engine,P1 - Critical,Resolved,L3 Engineering,V. Prasad,Support Team (Proactive),Data Issue,4,11,2.85,False,0,False,2,Optimized query / cleared lock and restarted affected session; verified data integrity.
INC100845,2026-08-19 19:43,2026-08-19 22:05,Batch Job Failure,Job Not Triggered,Inventory System,P2 - High,Resolved,App Dev Team,S. Priya,Batch Job Monitor,Data Issue,8,29,2.37,False,0,False,4,Re-triggered job after correcting input file; added validation check.
INC100711,2026-08-19 21:28,2026-08-20 06:39,Access/Authentication,SSO Error,CRM Portal,P3 - Medium,Reopened,L1 Support,J. Antony,Batch Job Monitor,Code Defect,24,64,9.19,False,1,False,2,Reset credentials / corrected access role; user confirmed successful login.
INC102172,2026-08-20 10:29,2026-08-21 03:23,Integration/API,API Failure,Inventory System,P4 - Low,Resolved,App Dev Team,R. Iyer,Customer,Code Defect,72,2,16.9,False,0,True,5,Coordinated with third-party vendor / corrected payload mapping; retested integration.
INC101308,2026-08-20 14:22,2026-08-20 21:09,Server/Infra,Memory Leak,Payment Gateway,P2 - High,Closed,Network Team,T. Divya,Batch Job Monitor,Code Defect,8,16,6.79,False,0,False,4,Freed disk space / restarted service; added monitoring alert to prevent recurrence.
INC100325,2026-08-20 18:22,2026-08-21 10:46,Access/Authentication,SSO Error,Customer Support Portal,P4 - Low,Resolved,L1 Support,N. Fathima,Support Team (Proactive),Infra Failure,72,288,16.4,False,0,False,4,Reset credentials / corrected access role; user confirmed successful login.
INC100317,2026-08-20 21:04,2026-08-21 16:38,Access/Authentication,SSO Error,Reporting Dashboard,P3 - Medium,Resolved,L1 Support,S. Priya,Batch Job Monitor,Third-Party Outage,24,35,19.58,False,0,False,5,Reset credentials / corrected access role; user confirmed successful login.
INC101935,2026-08-21 12:58,2026-08-22 09:33,Application Issue,Feature Not Working,HR Portal,P3 - Medium,Resolved,App Dev Team,K. Suresh,Support Team (Proactive),Third-Party Outage,24,18,20.59,False,0,False,4,Identified faulty code path; deployed hotfix / config change and validated with user.
INC101476,2026-08-21 16:06,2026-08-23 03:55,Security,Unauthorized Access Attempt,Billing Engine,P4 - Low,Closed,L3 Engineering,S. Priya,Customer,Third-Party Outage,72,105,35.83,False,0,False,4,"Investigated alert, confirmed false positive / revoked access; updated certificate."
INC102086,2026-08-21 18:47,2026-08-23 05:49,Security,Suspicious Login,Auth Service,P4 - Low,Reopened,Network Team,R. Iyer,Customer,User Error,72,156,35.04,False,1,False,3,"Investigated alert, confirmed false positive / revoked access; updated certificate."
INC101778,2026-08-21 22:33,2026-08-24 08:30,Batch Job Failure,Job Timeout,HR Portal,P4 - Low,Resolved,L3 Engineering,P. Arjun,Customer,Third-Party Outage,72,218,57.95,False,0,False,4,Re-triggered job after correcting input file; added validation check.
INC100814,2026-08-22 10:52,2026-08-23 11:58,Server/Infra,Memory Leak,HR Portal,P2 - High,Resolved,L3 Engineering,K. Suresh,End User,Code Defect,8,29,25.11,True,0,False,1,Freed disk space / restarted service; added monitoring alert to prevent recurrence.
INC101854,2026-08-22 12:10,2026-08-22 23:38,Database,Connection Pool Exhausted,Auth Service,P4 - Low,Resolved,L3 Engineering,T. Divya,End User,Code Defect,72,115,11.47,False,0,False,5,Optimized query / cleared lock and restarted affected session; verified data integrity.
INC101202,2026-08-22 12:11,2026-08-22 16:08,Performance,Slow Response Time,Billing Engine,P2 - High,Resolved,L3 Engineering,A. Rangan,Monitoring Alert,User Error,8,33,3.96,False,0,False,3,Tuned query/index or scaled resources; response time back within threshold.
INC101819,2026-08-22 12:39,2026-08-23 02:39,Network,Latency,Billing Engine,P3 - Medium,Resolved,Network Team,B. Meena,Customer,Infra Failure,24,89,14.0,False,0,False,5,Restarted network service / re-routed traffic; confirmed connectivity restored.
INC100671,2026-08-22 16:21,2026-08-23 01:24,Database,Query Timeout,Billing Engine,P3 - Medium,Closed,DBA Team,S. Priya,Batch Job Monitor,Data Issue,24,57,9.06,False,0,False,4,Optimized query / cleared lock and restarted affected session; verified data integrity.
INC100353,2026-08-23 11:28,2026-08-23 17:11,Server/Infra,Disk Space Full,Billing Engine,P2 - High,Resolved,Network Team,M. Kumar,End User,Unknown,8,26,5.72,False,0,False,4,Freed disk space / restarted service; added monitoring alert to prevent recurrence.
INC101625,2026-08-23 12:24,2026-08-24 05:15,Integration/API,Webhook Not Firing,Core Banking App,P3 - Medium,Resolved,L3 Engineering,M. Kumar,End User,Data Issue,24,27,16.85,False,0,False,5,Coordinated with third-party vendor / corrected payload mapping; retested integration.
INC101533,2026-08-23 15:41,2026-08-24 01:20,Application Issue,Data Mismatch,Inventory System,P3 - Medium,Reopened,App Dev Team,B. Meena,Customer,User Error,24,37,9.66,False,1,False,1,Identified faulty code path; deployed hotfix / config change and validated with user.
INC100873,2026-08-24 09:00,2026-08-24 09:43,Integration/API,Webhook Not Firing,HR Portal,P1 - Critical,Resolved,L3 Engineering,P. Arjun,Batch Job Monitor,Configuration Error,4,21,0.72,False,0,False,5,Coordinated with third-party vendor / corrected payload mapping; retested integration.
INC101765,2026-08-24 15:20,2026-08-25 02:35,Integration/API,Payload Mismatch,Core Banking App,P3 - Medium,Resolved,L3 Engineering,S. Priya,Monitoring Alert,Unknown,24,73,11.26,False,0,False,4,Coordinated with third-party vendor / corrected payload mapping; retested integration.
INC101436,2026-08-24 17:48,2026-08-25 04:18,Access/Authentication,Password Reset,Core Banking App,P3 - Medium,Resolved,L2 Support,B. Meena,Customer,Code Defect,24,79,10.5,False,0,False,4,Reset credentials / corrected access role; user confirmed successful login.
INC100810,2026-08-25 00:19,2026-08-25 06:29,Access/Authentication,Password Reset,Core Banking App,P2 - High,Reopened,L1 Support,P. Arjun,Customer,Configuration Error,8,28,6.17,False,1,False,3,Reset credentials / corrected access role; user confirmed successful login.
INC100911,2026-08-25 08:45,2026-08-26 10:32,Hardware,Peripheral Not Detected,CRM Portal,P4 - Low,Resolved,L1 Support,N. Fathima,Customer,Infra Failure,72,81,25.79,False,0,False,5,Replaced/reset device; confirmed functioning with end user.
INC100110,2026-08-25 09:28,2026-08-25 15:22,Batch Job Failure,Duplicate Run,Order Management System,P2 - High,Resolved,L3 Engineering,J. Antony,Support Team (Proactive),Unknown,8,37,5.91,False,0,False,3,Re-triggered job after correcting input file; added validation check.
INC101737,2026-08-25 09:31,2026-08-26 15:01,Performance,Report Load Timeout,Order Management System,P4 - Low,Resolved,DBA Team,A. Rangan,End User,Configuration Error,72,228,29.5,False,0,False,4,Tuned query/index or scaled resources; response time back within threshold.
INC100266,2026-08-25 14:54,2026-08-26 09:56,Performance,API Latency,Billing Engine,P3 - Medium,Resolved,L3 Engineering,B. Meena,Monitoring Alert,Configuration Error,24,54,19.04,False,0,False,5,Tuned query/index or scaled resources; response time back within threshold.
INC101471,2026-08-25 17:02,2026-08-26 11:32,Database,Connection Pool Exhausted,HR Portal,P3 - Medium,Resolved,L3 Engineering,V. Prasad,Support Team (Proactive),Unknown,24,47,18.51,False,0,False,5,Optimized query / cleared lock and restarted affected session; verified data integrity.
INC100519,2026-08-25 17:52,2026-08-26 11:41,Hardware,Device Offline,Billing Engine,P2 - High,Resolved,L1 Support,K. Suresh,End User,Infra Failure,8,34,17.83,True,0,False,1,Replaced/reset device; confirmed functioning with end user.
INC101796,2026-08-25 18:50,2026-08-26 08:45,Integration/API,Payload Mismatch,HR Portal,P3 - Medium,Reopened,App Dev Team,S. Priya,Customer,Unknown,24,70,13.92,False,1,False,2,Coordinated with third-party vendor / corrected payload mapping; retested integration.
INC102134,2026-08-25 19:40,2026-08-26 03:01,Application Issue,Application Crash,HR Portal,P3 - Medium,Resolved,L2 Support,B. Meena,Monitoring Alert,Capacity/Performance,24,83,7.35,False,0,False,4,Identified faulty code path; deployed hotfix / config change and validated with user.
INC101459,2026-08-25 20:00,2026-08-27 09:14,Access/Authentication,SSO Error,Billing Engine,P4 - Low,Resolved,L2 Support,M. Kumar,Batch Job Monitor,Configuration Error,72,219,37.24,False,0,False,4,Reset credentials / corrected access role; user confirmed successful login.
INC101555,2026-08-25 20:54,2026-08-26 10:33,Application Issue,Data Mismatch,Payment Gateway,P3 - Medium,Closed,App Dev Team,B. Meena,Customer,Configuration Error,24,113,13.65,False,0,False,5,Identified faulty code path; deployed hotfix / config change and validated with user.
INC101652,2026-08-25 21:10,2026-08-26 14:35,Access/Authentication,SSO Error,CRM Portal,P4 - Low,Resolved,L1 Support,N. Fathima,Support Team (Proactive),Capacity/Performance,72,159,17.42,False,0,False,3,Reset credentials / corrected access role; user confirmed successful login.
INC100507,2026-08-25 23:24,2026-08-26 19:48,Access/Authentication,Password Reset,Customer Support Portal,P3 - Medium,Resolved,L1 Support,M. Kumar,Customer,Configuration Error,24,48,20.4,False,0,True,4,Reset credentials / corrected access role; user confirmed successful login.
INC101072,2026-08-26 12:50,2026-08-27 09:33,Server/Infra,Server Down,Payment Gateway,P3 - Medium,Closed,L3 Engineering,A. Rangan,End User,Code Defect,24,70,20.73,False,0,False,2,Freed disk space / restarted service; added monitoring alert to prevent recurrence.
INC101772,2026-08-27 11:02,2026-08-29 00:22,Database,Query Timeout,CRM Portal,P4 - Low,Resolved,L3 Engineering,T. Divya,Support Team (Proactive),Unknown,72,209,37.34,False,0,False,5,Optimized query / cleared lock and restarted affected session; verified data integrity.
INC100441,2026-08-27 17:07,2026-08-28 06:45,Server/Infra,Memory Leak,CRM Portal,P3 - Medium,Resolved,Network Team,S. Priya,Support Team (Proactive),Capacity/Performance,24,77,13.64,False,0,False,4,Freed disk space / restarted service; added monitoring alert to prevent recurrence.
INC102002,2026-08-27 18:37,2026-08-28 14:07,Server/Infra,Disk Space Full,CRM Portal,P3 - Medium,Closed,Network Team,T. Divya,Monitoring Alert,Code Defect,24,59,19.51,False,0,False,2,Freed disk space / restarted service; added monitoring alert to prevent recurrence.
INC101468,2026-08-27 20:06,2026-08-28 16:10,Performance,Slow Response Time,Customer Support Portal,P2 - High,Resolved,DBA Team,V. Prasad,Support Team (Proactive),Capacity/Performance,8,34,20.07,True,0,False,4,Tuned query/index or scaled resources; response time back within threshold.
INC101815,2026-08-27 20:55,2026-08-28 01:20,Integration/API,Webhook Not Firing,Auth Service,P2 - High,Resolved,App Dev Team,S. Priya,Customer,Code Defect,8,32,4.42,False,0,False,5,Coordinated with third-party vendor / corrected payload mapping; retested integration.
INC101842,2026-08-27 21:51,2026-08-28 00:47,Security,Certificate Expiry,Inventory System,P2 - High,Resolved,Network Team,B. Meena,Support Team (Proactive),Data Issue,8,30,2.94,False,0,False,5,"Investigated alert, confirmed false positive / revoked access; updated certificate."
INC101125,2026-08-28 12:21,2026-08-28 20:57,Security,Vulnerability Alert,Inventory System,P3 - Medium,Resolved,Network Team,J. Antony,Customer,Configuration Error,24,89,8.61,False,0,False,4,"Investigated alert, confirmed false positive / revoked access; updated certificate."
INC102192,2026-08-28 17:02,2026-08-28 18:08,Integration/API,Webhook Not Firing,CRM Portal,P1 - Critical,Closed,App Dev Team,K. Suresh,Monitoring Alert,Configuration Error,4,16,1.11,False,0,False,4,Coordinated with third-party vendor / corrected payload mapping; retested integration.
INC101390,2026-08-29 03:35,,Server/Infra,Memory Leak,Inventory System,P3 - Medium,In Progress,L3 Engineering,B. Meena,Customer,,24,81,,,0,False,,
INC101736,2026-08-29 11:44,2026-08-29 17:00,Server/Infra,CPU Spike,Customer Support Portal,P2 - High,Resolved,L3 Engineering,T. Divya,Support Team (Proactive),Data Issue,8,6,5.27,False,0,False,5,Freed disk space / restarted service; added monitoring alert to prevent recurrence.
INC101717,2026-08-29 12:30,2026-08-30 10:18,Network,Latency,Order Management System,P3 - Medium,Resolved,Network Team,A. Rangan,Batch Job Monitor,User Error,24,32,21.81,False,0,False,5,Restarted network service / re-routed traffic; confirmed connectivity restored.
INC101515,2026-08-29 13:15,,Performance,API Latency,Payment Gateway,P2 - High,Open,L3 Engineering,P. Arjun,Monitoring Alert,,8,10,,,0,False,,
INC101465,2026-08-29 17:56,,Application Issue,Application Crash,Customer Support Portal,P4 - Low,In Progress,L2 Support,R. Iyer,Batch Job Monitor,,72,203,,,0,True,,
INC102178,2026-08-29 18:56,,Network,Latency,Billing Engine,P4 - Low,In Progress,Network Team,V. Prasad,Batch Job Monitor,,72,149,,,0,False,,
INC101440,2026-08-30 10:46,,Batch Job Failure,Job Not Triggered,Auth Service,P2 - High,Open,App Dev Team,T. Divya,Support Team (Proactive),,8,3,,,0,False,,
INC101327,2026-08-30 12:46,2026-08-30 17:23,Server/Infra,Server Down,CRM Portal,P3 - Medium,Closed,L3 Engineering,A. Rangan,Monitoring Alert,Unknown,24,45,4.63,False,0,True,4,Freed disk space / restarted service; added monitoring alert to prevent recurrence.
INC100707,2026-08-31 10:08,2026-09-01 03:20,Access/Authentication,Login Failure,Order Management System,P4 - Low,Resolved,L2 Support,N. Fathima,Monitoring Alert,Unknown,72,308,17.2,False,0,False,4,Reset credentials / corrected access role; user confirmed successful login.
INC101147,2026-08-31 11:55,2026-09-01 10:30,Performance,Page Load Delay,Auth Service,P3 - Medium,Closed,DBA Team,A. Rangan,End User,Configuration Error,24,41,22.59,False,0,False,5,Tuned query/index or scaled resources; response time back within threshold.
INC100786,2026-08-31 12:55,,Security,Vulnerability Alert,Customer Support Portal,P4 - Low,In Progress,L3 Engineering,T. Divya,Batch Job Monitor,,72,156,,,0,False,,
INC100542,2026-08-31 21:54,,Hardware,Peripheral Not Detected,Inventory System,P4 - Low,Open,L1 Support,V. Prasad,End User,,72,257,,,0,False,,
